task_id,annotator_slot,student_id,row_key,prompt
1,1,,233166b9fac10e0a,Welche Mindestbeteiligungsquote ist für die finanzielle Verbindung im Sinne des § 9 KStG erforderlich?
1,2,,233166b9fac10e0a,Welche Mindestbeteiligungsquote ist für die finanzielle Verbindung im Sinne des § 9 KStG erforderlich?
1,3,,233166b9fac10e0a,Welche Mindestbeteiligungsquote ist für die finanzielle Verbindung im Sinne des § 9 KStG erforderlich?
2,1,,a4f7cad0c12511f8,"Ein Käufer und ein Verkäufer unterzeichnen am 15. März 2025 einen Kaufvertrag über ein Grundstück. Der Vertrag enthält jedoch die aufschiebende Bedingung, dass der Käufer bis 30. Juni 2025 eine Baugenehmigung für sein geplantes Projekt erhält. Die Baugenehmigung wird am 20. Mai 2025 erteilt. Wann entsteht die Grunderwerbsteuerschuld?"
2,2,,a4f7cad0c12511f8,"Ein Käufer und ein Verkäufer unterzeichnen am 15. März 2025 einen Kaufvertrag über ein Grundstück. Der Vertrag enthält jedoch die aufschiebende Bedingung, dass der Käufer bis 30. Juni 2025 eine Baugenehmigung für sein geplantes Projekt erhält. Die Baugenehmigung wird am 20. Mai 2025 erteilt. Wann entsteht die Grunderwerbsteuerschuld?"
2,3,,a4f7cad0c12511f8,"Ein Käufer und ein Verkäufer unterzeichnen am 15. März 2025 einen Kaufvertrag über ein Grundstück. Der Vertrag enthält jedoch die aufschiebende Bedingung, dass der Käufer bis 30. Juni 2025 eine Baugenehmigung für sein geplantes Projekt erhält. Die Baugenehmigung wird am 20. Mai 2025 erteilt. Wann entsteht die Grunderwerbsteuerschuld?"
3,1,,f15af5ce787059ff,Ein in Ungarn wohnender Arbeitnehmer übernachtet von Montag bis Donnerstag regelmäßig am österreichischen Arbeitsort und fährt nur am Wochenende heim. Kann dadurch ein gewöhnlicher Aufenthalt in Österreich entstehen?
3,2,,f15af5ce787059ff,Ein in Ungarn wohnender Arbeitnehmer übernachtet von Montag bis Donnerstag regelmäßig am österreichischen Arbeitsort und fährt nur am Wochenende heim. Kann dadurch ein gewöhnlicher Aufenthalt in Österreich entstehen?
3,3,,f15af5ce787059ff,Ein in Ungarn wohnender Arbeitnehmer übernachtet von Montag bis Donnerstag regelmäßig am österreichischen Arbeitsort und fährt nur am Wochenende heim. Kann dadurch ein gewöhnlicher Aufenthalt in Österreich entstehen?
4,1,,0f5d69fafbf76514,"""Wann gilt die Verwendung eines dem Unternehmen zugeordneten Gegenstandes für private Zwecke oder für den Bedarf des Personals als sonstige Leistung?"""
4,2,,0f5d69fafbf76514,"""Wann gilt die Verwendung eines dem Unternehmen zugeordneten Gegenstandes für private Zwecke oder für den Bedarf des Personals als sonstige Leistung?"""
4,3,,0f5d69fafbf76514,"""Wann gilt die Verwendung eines dem Unternehmen zugeordneten Gegenstandes für private Zwecke oder für den Bedarf des Personals als sonstige Leistung?"""
5,1,,b95280ec8d7ae04e,Was gilt bei einem Forderungsverzicht eines Gesellschafters steuerlich für die Körperschaft?
5,2,,b95280ec8d7ae04e,Was gilt bei einem Forderungsverzicht eines Gesellschafters steuerlich für die Körperschaft?
5,3,,b95280ec8d7ae04e,Was gilt bei einem Forderungsverzicht eines Gesellschafters steuerlich für die Körperschaft?
6,1,,7cba96ca9fe741d9,"Arbeitgeberin A bezahlt ihrer Mitarbeiterin B das Klimaticket Österreich im Wert von 1.095 € jährlich. B pendelt von Mattersburg nach Wien und hat Anspruch auf ein Pendlerpauschale von 2.016 € pro Jahr. Da das Klimaticket steuerfrei ist, bleibt die volle Pendlerpauschale erhalten. Stimmt das?"
6,2,,7cba96ca9fe741d9,"Arbeitgeberin A bezahlt ihrer Mitarbeiterin B das Klimaticket Österreich im Wert von 1.095 € jährlich. B pendelt von Mattersburg nach Wien und hat Anspruch auf ein Pendlerpauschale von 2.016 € pro Jahr. Da das Klimaticket steuerfrei ist, bleibt die volle Pendlerpauschale erhalten. Stimmt das?"
6,3,,7cba96ca9fe741d9,"Arbeitgeberin A bezahlt ihrer Mitarbeiterin B das Klimaticket Österreich im Wert von 1.095 € jährlich. B pendelt von Mattersburg nach Wien und hat Anspruch auf ein Pendlerpauschale von 2.016 € pro Jahr. Da das Klimaticket steuerfrei ist, bleibt die volle Pendlerpauschale erhalten. Stimmt das?"
7,1,,2576f9550ccfec82,"Ein Arbeitnehmer verdient seinen Bonus noch vor dem Umzug nach Österreich, der Bonus wird aber erst nach Begründung des inländischen Wohnsitzes ausbezahlt. Ist der spätere Zufluss für die österreichische Erfassung grundsätzlich relevant?"
7,2,,2576f9550ccfec82,"Ein Arbeitnehmer verdient seinen Bonus noch vor dem Umzug nach Österreich, der Bonus wird aber erst nach Begründung des inländischen Wohnsitzes ausbezahlt. Ist der spätere Zufluss für die österreichische Erfassung grundsätzlich relevant?"
7,3,,2576f9550ccfec82,"Ein Arbeitnehmer verdient seinen Bonus noch vor dem Umzug nach Österreich, der Bonus wird aber erst nach Begründung des inländischen Wohnsitzes ausbezahlt. Ist der spätere Zufluss für die österreichische Erfassung grundsätzlich relevant?"
8,1,,1cb69addf67670b5,"Unterliegen bei beschränkt Steuerpflichtigen Einkünfte, die nach § 98 EStG 1988 nicht steuerpflichtig sind, einem österreichischen Progressionsvorbehalt?"
8,2,,1cb69addf67670b5,"Unterliegen bei beschränkt Steuerpflichtigen Einkünfte, die nach § 98 EStG 1988 nicht steuerpflichtig sind, einem österreichischen Progressionsvorbehalt?"
8,3,,1cb69addf67670b5,"Unterliegen bei beschränkt Steuerpflichtigen Einkünfte, die nach § 98 EStG 1988 nicht steuerpflichtig sind, einem österreichischen Progressionsvorbehalt?"
9,1,,8a7f12a9a7647e38,Ab welcher Umsatzgrenze entfällt die Kleinunternehmerbefreiung?
9,2,,8a7f12a9a7647e38,Ab welcher Umsatzgrenze entfällt die Kleinunternehmerbefreiung?
9,3,,8a7f12a9a7647e38,Ab welcher Umsatzgrenze entfällt die Kleinunternehmerbefreiung?
10,1,,c2437a36bed5cd5c,"Was ist die ""Investitionsprämie"" im Zuge der COVID-Gesetze?"
10,2,,c2437a36bed5cd5c,"Was ist die ""Investitionsprämie"" im Zuge der COVID-Gesetze?"
10,3,,c2437a36bed5cd5c,"Was ist die ""Investitionsprämie"" im Zuge der COVID-Gesetze?"
11,1,,aa3ee552803ec8e2,"""An welchem Ort ist eine Vermittlungsleistung an einen Nichtunternehmer erbracht?"""
11,2,,aa3ee552803ec8e2,"""An welchem Ort ist eine Vermittlungsleistung an einen Nichtunternehmer erbracht?"""
11,3,,aa3ee552803ec8e2,"""An welchem Ort ist eine Vermittlungsleistung an einen Nichtunternehmer erbracht?"""
12,1,,94d1ce0c78f98040,Ein Gesellschafter einer Bau-Offenen-Gesellschaft (OG) arbeitet zusätzlich stundenweise als Bauleiter auf den Baustellen der OG und erhält dafür einen tariflichen Stundenlohn ausbezahlt. Kann er diese Einkünfte als Einkünfte aus nichtselbstständiger Arbeit (Lohnsteuer) geltend machen?
12,2,,94d1ce0c78f98040,Ein Gesellschafter einer Bau-Offenen-Gesellschaft (OG) arbeitet zusätzlich stundenweise als Bauleiter auf den Baustellen der OG und erhält dafür einen tariflichen Stundenlohn ausbezahlt. Kann er diese Einkünfte als Einkünfte aus nichtselbstständiger Arbeit (Lohnsteuer) geltend machen?
12,3,,94d1ce0c78f98040,Ein Gesellschafter einer Bau-Offenen-Gesellschaft (OG) arbeitet zusätzlich stundenweise als Bauleiter auf den Baustellen der OG und erhält dafür einen tariflichen Stundenlohn ausbezahlt. Kann er diese Einkünfte als Einkünfte aus nichtselbstständiger Arbeit (Lohnsteuer) geltend machen?
13,1,,7c8a21b780ca41a2,"Ein Händler vertreibt Damenbinden, Tampons, Menstruationstassen, Kondome, hormonfreie Diaphragmen sowie ein intimbezogenes Lifestyleprodukt ohne Verhütungsfunktion. Der Händler ordnet alle Produkte dem Bereich der Intimgesundheit zu und begehrt für sämtliche Lieferungen dieselbe umsatzsteuerliche Behandlung. Zu bestimmen ist, welche Produktgruppen von der speziellen Befreiung tatsächlich erfasst sind."
13,2,,7c8a21b780ca41a2,"Ein Händler vertreibt Damenbinden, Tampons, Menstruationstassen, Kondome, hormonfreie Diaphragmen sowie ein intimbezogenes Lifestyleprodukt ohne Verhütungsfunktion. Der Händler ordnet alle Produkte dem Bereich der Intimgesundheit zu und begehrt für sämtliche Lieferungen dieselbe umsatzsteuerliche Behandlung. Zu bestimmen ist, welche Produktgruppen von der speziellen Befreiung tatsächlich erfasst sind."
13,3,,7c8a21b780ca41a2,"Ein Händler vertreibt Damenbinden, Tampons, Menstruationstassen, Kondome, hormonfreie Diaphragmen sowie ein intimbezogenes Lifestyleprodukt ohne Verhütungsfunktion. Der Händler ordnet alle Produkte dem Bereich der Intimgesundheit zu und begehrt für sämtliche Lieferungen dieselbe umsatzsteuerliche Behandlung. Zu bestimmen ist, welche Produktgruppen von der speziellen Befreiung tatsächlich erfasst sind."
14,1,,64f6a0ab01aab1b9,Können bei DBA-Fällen die wirtschaftliche Zuordnung und nicht allein der spätere Zufluss für die Zuordnung von Einkünften maßgeblich sein?
14,2,,64f6a0ab01aab1b9,Können bei DBA-Fällen die wirtschaftliche Zuordnung und nicht allein der spätere Zufluss für die Zuordnung von Einkünften maßgeblich sein?
14,3,,64f6a0ab01aab1b9,Können bei DBA-Fällen die wirtschaftliche Zuordnung und nicht allein der spätere Zufluss für die Zuordnung von Einkünften maßgeblich sein?
15,1,,1cd2bf6b7b785620,Herr Fuchs betreibt über seinen privaten Computer Staking für das Cardano-Netzwerk. Die Staking-Plattform bezeichnet die Erträge als ‚Interest Rewards'. In seiner Jahresabrechnung werden die Erträge auch als ‚Zinsen' ausgewiesen. Im Jahr 2026 erhält Herr Fuchs insgesamt 12.000 ADA als ‚Interest Rewards' gutgeschrieben. Der Marktwert zum jeweiligen Zuflusszeitpunkt beträgt insgesamt EUR 6.600. Herr Fuchs behandelt die Erträge als Zinsen aus Kapitalforderungen (§ 27 Abs. 2 Z 2 EStG) und beantragt im Rahmen der Veranlagung die Anrechnung der damit verbundenen DeFi-Transaktionskosten als Werbungskosten. Ist diese Einordnung korrekt?
15,2,,1cd2bf6b7b785620,Herr Fuchs betreibt über seinen privaten Computer Staking für das Cardano-Netzwerk. Die Staking-Plattform bezeichnet die Erträge als ‚Interest Rewards'. In seiner Jahresabrechnung werden die Erträge auch als ‚Zinsen' ausgewiesen. Im Jahr 2026 erhält Herr Fuchs insgesamt 12.000 ADA als ‚Interest Rewards' gutgeschrieben. Der Marktwert zum jeweiligen Zuflusszeitpunkt beträgt insgesamt EUR 6.600. Herr Fuchs behandelt die Erträge als Zinsen aus Kapitalforderungen (§ 27 Abs. 2 Z 2 EStG) und beantragt im Rahmen der Veranlagung die Anrechnung der damit verbundenen DeFi-Transaktionskosten als Werbungskosten. Ist diese Einordnung korrekt?
15,3,,1cd2bf6b7b785620,Herr Fuchs betreibt über seinen privaten Computer Staking für das Cardano-Netzwerk. Die Staking-Plattform bezeichnet die Erträge als ‚Interest Rewards'. In seiner Jahresabrechnung werden die Erträge auch als ‚Zinsen' ausgewiesen. Im Jahr 2026 erhält Herr Fuchs insgesamt 12.000 ADA als ‚Interest Rewards' gutgeschrieben. Der Marktwert zum jeweiligen Zuflusszeitpunkt beträgt insgesamt EUR 6.600. Herr Fuchs behandelt die Erträge als Zinsen aus Kapitalforderungen (§ 27 Abs. 2 Z 2 EStG) und beantragt im Rahmen der Veranlagung die Anrechnung der damit verbundenen DeFi-Transaktionskosten als Werbungskosten. Ist diese Einordnung korrekt?
16,1,,57204f4f6fc943a2,"""Wann gilt die Verwendung eines dem Unternehmen zugeordneten Gegenstandes für private Zwecke oder für den Bedarf des Personals als sonstige Leistung?"""
16,2,,57204f4f6fc943a2,"""Wann gilt die Verwendung eines dem Unternehmen zugeordneten Gegenstandes für private Zwecke oder für den Bedarf des Personals als sonstige Leistung?"""
16,3,,57204f4f6fc943a2,"""Wann gilt die Verwendung eines dem Unternehmen zugeordneten Gegenstandes für private Zwecke oder für den Bedarf des Personals als sonstige Leistung?"""
17,1,,b836f7c48aed64e6,Ein österreichischer Arbeitnehmer geht in Pension und erhält Zahlungen aus einer inländischen Pensionskasse. Sind diese voll steuerpflichtig?
17,2,,b836f7c48aed64e6,Ein österreichischer Arbeitnehmer geht in Pension und erhält Zahlungen aus einer inländischen Pensionskasse. Sind diese voll steuerpflichtig?
17,3,,b836f7c48aed64e6,Ein österreichischer Arbeitnehmer geht in Pension und erhält Zahlungen aus einer inländischen Pensionskasse. Sind diese voll steuerpflichtig?
18,1,,7851accd3ce37371,Gelten Zahlungen aus einer ungarischen Unfallversicherung ebenfalls als Einkünfte aus nichtselbständiger Arbeit?
18,2,,7851accd3ce37371,Gelten Zahlungen aus einer ungarischen Unfallversicherung ebenfalls als Einkünfte aus nichtselbständiger Arbeit?
18,3,,7851accd3ce37371,Gelten Zahlungen aus einer ungarischen Unfallversicherung ebenfalls als Einkünfte aus nichtselbständiger Arbeit?
19,1,,d10bf81b77b79d6d,"Ein Händler vertreibt Damenbinden, Tampons, Menstruationstassen, Kondome, hormonfreie Diaphragmen sowie ein intimbezogenes Lifestyleprodukt ohne Verhütungsfunktion. Der Händler ordnet alle Produkte dem Bereich der Intimgesundheit zu und begehrt für sämtliche Lieferungen dieselbe umsatzsteuerliche Behandlung. Zu bestimmen ist, welche Produktgruppen von der speziellen Befreiung tatsächlich erfasst sind."
19,2,,d10bf81b77b79d6d,"Ein Händler vertreibt Damenbinden, Tampons, Menstruationstassen, Kondome, hormonfreie Diaphragmen sowie ein intimbezogenes Lifestyleprodukt ohne Verhütungsfunktion. Der Händler ordnet alle Produkte dem Bereich der Intimgesundheit zu und begehrt für sämtliche Lieferungen dieselbe umsatzsteuerliche Behandlung. Zu bestimmen ist, welche Produktgruppen von der speziellen Befreiung tatsächlich erfasst sind."
19,3,,d10bf81b77b79d6d,"Ein Händler vertreibt Damenbinden, Tampons, Menstruationstassen, Kondome, hormonfreie Diaphragmen sowie ein intimbezogenes Lifestyleprodukt ohne Verhütungsfunktion. Der Händler ordnet alle Produkte dem Bereich der Intimgesundheit zu und begehrt für sämtliche Lieferungen dieselbe umsatzsteuerliche Behandlung. Zu bestimmen ist, welche Produktgruppen von der speziellen Befreiung tatsächlich erfasst sind."
20,1,,a5f7eb9ee6d92583,"Ein Autoliebhaber kauft über einen Zeitraum von zwei Jahren systematisch fünf unrestaurierte Oldtimer auf, setzt diese in einer gemieteten Werkstatt unter Einsatz von Fachpersonal instand und verkauft die fahrbereiten Fahrzeuge anschließend mit beträchtlichem Gewinn über spezialisierte Online-Auktionen. Er beabsichtigt, diesen Zyklus fortzusetzen, um daraus seinen Lebensunterhalt zu bestreiten. Ist diese Tätigkeit als private Vermögensverwaltung oder als Gewerbebetrieb gemäß § 23 EStG einzustufen?"
20,2,,a5f7eb9ee6d92583,"Ein Autoliebhaber kauft über einen Zeitraum von zwei Jahren systematisch fünf unrestaurierte Oldtimer auf, setzt diese in einer gemieteten Werkstatt unter Einsatz von Fachpersonal instand und verkauft die fahrbereiten Fahrzeuge anschließend mit beträchtlichem Gewinn über spezialisierte Online-Auktionen. Er beabsichtigt, diesen Zyklus fortzusetzen, um daraus seinen Lebensunterhalt zu bestreiten. Ist diese Tätigkeit als private Vermögensverwaltung oder als Gewerbebetrieb gemäß § 23 EStG einzustufen?"
20,3,,a5f7eb9ee6d92583,"Ein Autoliebhaber kauft über einen Zeitraum von zwei Jahren systematisch fünf unrestaurierte Oldtimer auf, setzt diese in einer gemieteten Werkstatt unter Einsatz von Fachpersonal instand und verkauft die fahrbereiten Fahrzeuge anschließend mit beträchtlichem Gewinn über spezialisierte Online-Auktionen. Er beabsichtigt, diesen Zyklus fortzusetzen, um daraus seinen Lebensunterhalt zu bestreiten. Ist diese Tätigkeit als private Vermögensverwaltung oder als Gewerbebetrieb gemäß § 23 EStG einzustufen?"
21,1,,57a68888c1b2e9c1,"Arbeitgeberin A stellt ihrer Mitarbeiterin B anstelle der jährlichen Gehaltserhöhung von 1.095 € ein Klimaticket im gleichen Wert zur Verfügung. Da das Klimaticket grundsätzlich steuerfrei ist, liegt kein steuerpflichtiger Arbeitslohn vor?"
21,2,,57a68888c1b2e9c1,"Arbeitgeberin A stellt ihrer Mitarbeiterin B anstelle der jährlichen Gehaltserhöhung von 1.095 € ein Klimaticket im gleichen Wert zur Verfügung. Da das Klimaticket grundsätzlich steuerfrei ist, liegt kein steuerpflichtiger Arbeitslohn vor?"
21,3,,57a68888c1b2e9c1,"Arbeitgeberin A stellt ihrer Mitarbeiterin B anstelle der jährlichen Gehaltserhöhung von 1.095 € ein Klimaticket im gleichen Wert zur Verfügung. Da das Klimaticket grundsätzlich steuerfrei ist, liegt kein steuerpflichtiger Arbeitslohn vor?"
22,1,,1b76b118df16fb7c,„Eine Wiener Agentur überlässt einer Privatperson in Serbien eine qualifizierte Pflegekraft für die private Betreuung zu Hause. Wo ist diese Leistung steuerpflichtig?“
22,2,,1b76b118df16fb7c,„Eine Wiener Agentur überlässt einer Privatperson in Serbien eine qualifizierte Pflegekraft für die private Betreuung zu Hause. Wo ist diese Leistung steuerpflichtig?“
22,3,,1b76b118df16fb7c,„Eine Wiener Agentur überlässt einer Privatperson in Serbien eine qualifizierte Pflegekraft für die private Betreuung zu Hause. Wo ist diese Leistung steuerpflichtig?“
23,1,,eadf0b30040c6a59,Wie hoch ist der maximale Familienbonus Plus pro Kind unter 18 Jahren ab 2025?
23,2,,eadf0b30040c6a59,Wie hoch ist der maximale Familienbonus Plus pro Kind unter 18 Jahren ab 2025?
23,3,,eadf0b30040c6a59,Wie hoch ist der maximale Familienbonus Plus pro Kind unter 18 Jahren ab 2025?
24,1,,1ee4f431beeeed49,Ein Komplementär überlässt der KG seinen privaten Pkw gegen eine monatliche Vergütung. Handelt es sich dabei um sonstige Einnahmen?
24,2,,1ee4f431beeeed49,Ein Komplementär überlässt der KG seinen privaten Pkw gegen eine monatliche Vergütung. Handelt es sich dabei um sonstige Einnahmen?
24,3,,1ee4f431beeeed49,Ein Komplementär überlässt der KG seinen privaten Pkw gegen eine monatliche Vergütung. Handelt es sich dabei um sonstige Einnahmen?
25,1,,95dfb5ee4a9a80bf,"Ein Auftraggeber übergibt einem Verarbeiter Silbergranulat zur Herstellung spezieller Kontakte. Vertraglich ist vereinbart, dass der Auftraggeber die bei der Verarbeitung entstehenden Silberreste und Schleifabfälle an den Verarbeiter zurückzugeben hat. Tatsächlich gibt der Auftraggeber am Ende nicht exakt diese konkreten Rückstände zurück, sondern Silberabfälle gleicher Art, wie sie in seinem Unternehmen regelmäßig anfallen. Erstreckt sich die Lieferung des Verarbeiters trotzdem auf den gesamten ursprünglichen Silbergehalt des übergebenen Materials?"
25,2,,95dfb5ee4a9a80bf,"Ein Auftraggeber übergibt einem Verarbeiter Silbergranulat zur Herstellung spezieller Kontakte. Vertraglich ist vereinbart, dass der Auftraggeber die bei der Verarbeitung entstehenden Silberreste und Schleifabfälle an den Verarbeiter zurückzugeben hat. Tatsächlich gibt der Auftraggeber am Ende nicht exakt diese konkreten Rückstände zurück, sondern Silberabfälle gleicher Art, wie sie in seinem Unternehmen regelmäßig anfallen. Erstreckt sich die Lieferung des Verarbeiters trotzdem auf den gesamten ursprünglichen Silbergehalt des übergebenen Materials?"
25,3,,95dfb5ee4a9a80bf,"Ein Auftraggeber übergibt einem Verarbeiter Silbergranulat zur Herstellung spezieller Kontakte. Vertraglich ist vereinbart, dass der Auftraggeber die bei der Verarbeitung entstehenden Silberreste und Schleifabfälle an den Verarbeiter zurückzugeben hat. Tatsächlich gibt der Auftraggeber am Ende nicht exakt diese konkreten Rückstände zurück, sondern Silberabfälle gleicher Art, wie sie in seinem Unternehmen regelmäßig anfallen. Erstreckt sich die Lieferung des Verarbeiters trotzdem auf den gesamten ursprünglichen Silbergehalt des übergebenen Materials?"
26,1,,864598b088107f97,Ein Unternehmer ordnet ein Bürogebäude seinem Unternehmen zu; bei Anschaffung bestand ein teilweiser Vorsteuerabzug. Später nutzt er einen Teil des Gebäudes unentgeltlich privat. Wird diese Verwendung nach § 3a Abs. 1a Z 1 einer sonstigen Leistung gegen Entgelt gleichgestellt?
26,2,,864598b088107f97,Ein Unternehmer ordnet ein Bürogebäude seinem Unternehmen zu; bei Anschaffung bestand ein teilweiser Vorsteuerabzug. Später nutzt er einen Teil des Gebäudes unentgeltlich privat. Wird diese Verwendung nach § 3a Abs. 1a Z 1 einer sonstigen Leistung gegen Entgelt gleichgestellt?
26,3,,864598b088107f97,Ein Unternehmer ordnet ein Bürogebäude seinem Unternehmen zu; bei Anschaffung bestand ein teilweiser Vorsteuerabzug. Später nutzt er einen Teil des Gebäudes unentgeltlich privat. Wird diese Verwendung nach § 3a Abs. 1a Z 1 einer sonstigen Leistung gegen Entgelt gleichgestellt?
27,1,,5170c36cc25eaa6e,"""Die Firma hat ihren Hauptsitz in Graz und eine Filiale in Linz. Ein Buchhaltungsunternehmen aus Wien erledigt die Buchhaltung für die Filiale in Linz. Wo gilt die Leistung steuerlich als ausgeführt: am Sitz der Firma in Graz oder in Linz?"""
27,2,,5170c36cc25eaa6e,"""Die Firma hat ihren Hauptsitz in Graz und eine Filiale in Linz. Ein Buchhaltungsunternehmen aus Wien erledigt die Buchhaltung für die Filiale in Linz. Wo gilt die Leistung steuerlich als ausgeführt: am Sitz der Firma in Graz oder in Linz?"""
27,3,,5170c36cc25eaa6e,"""Die Firma hat ihren Hauptsitz in Graz und eine Filiale in Linz. Ein Buchhaltungsunternehmen aus Wien erledigt die Buchhaltung für die Filiale in Linz. Wo gilt die Leistung steuerlich als ausgeführt: am Sitz der Firma in Graz oder in Linz?"""
28,1,,2ae594605b99f401,Was regelt das Erbschafts- und Schenkungssteuergesetz (alt)?
28,2,,2ae594605b99f401,Was regelt das Erbschafts- und Schenkungssteuergesetz (alt)?
28,3,,2ae594605b99f401,Was regelt das Erbschafts- und Schenkungssteuergesetz (alt)?
29,1,,c496a23daf9e8c1d,"Eine Unternehmensstiftung zahlt ehemaligen Mitarbeitern, die über 30 Jahre beschäftigt waren, jährlich einen „Treuebonus“. Ist das steuerpflichtig?"
29,2,,c496a23daf9e8c1d,"Eine Unternehmensstiftung zahlt ehemaligen Mitarbeitern, die über 30 Jahre beschäftigt waren, jährlich einen „Treuebonus“. Ist das steuerpflichtig?"
29,3,,c496a23daf9e8c1d,"Eine Unternehmensstiftung zahlt ehemaligen Mitarbeitern, die über 30 Jahre beschäftigt waren, jährlich einen „Treuebonus“. Ist das steuerpflichtig?"
30,1,,086a44bab127db0d,Was ist ein Dienstvertrag gemäß ABGB § 1151?
30,2,,086a44bab127db0d,Was ist ein Dienstvertrag gemäß ABGB § 1151?
30,3,,086a44bab127db0d,Was ist ein Dienstvertrag gemäß ABGB § 1151?
31,1,,b4e6439391e1f94f,"Herr Frank hält im Privatvermögen Unternehmensanleihen bei einer österreichischen Bank. Er überträgt diese im Rahmen einer Umgründung (Einbringung seines Einzelunternehmens in eine GmbH gemäß UmgrStG) in das Betriebsvermögen der neu gegründeten GmbH. Er beauftragt die depotführende Stelle, dem Finanzamt innerhalb eines Monats die Daten zu melden. Gilt die Übertragung als Veräußerung?"
31,2,,b4e6439391e1f94f,"Herr Frank hält im Privatvermögen Unternehmensanleihen bei einer österreichischen Bank. Er überträgt diese im Rahmen einer Umgründung (Einbringung seines Einzelunternehmens in eine GmbH gemäß UmgrStG) in das Betriebsvermögen der neu gegründeten GmbH. Er beauftragt die depotführende Stelle, dem Finanzamt innerhalb eines Monats die Daten zu melden. Gilt die Übertragung als Veräußerung?"
31,3,,b4e6439391e1f94f,"Herr Frank hält im Privatvermögen Unternehmensanleihen bei einer österreichischen Bank. Er überträgt diese im Rahmen einer Umgründung (Einbringung seines Einzelunternehmens in eine GmbH gemäß UmgrStG) in das Betriebsvermögen der neu gegründeten GmbH. Er beauftragt die depotführende Stelle, dem Finanzamt innerhalb eines Monats die Daten zu melden. Gilt die Übertragung als Veräußerung?"
32,1,,34cd00c302527b82,Wann ist eine Sicherheitseinrichtung für Registrierkassen verpflichtend?
32,2,,34cd00c302527b82,Wann ist eine Sicherheitseinrichtung für Registrierkassen verpflichtend?
32,3,,34cd00c302527b82,Wann ist eine Sicherheitseinrichtung für Registrierkassen verpflichtend?
33,1,,0f7cf78e0b8a3a0e,"Frau Berger erhält im April 2026 einen Airdrop von 10.000 Token des Projekts ‚AlphaDAO'. Bedingung für den Airdrop war, dass sie in der Vergangenheit das AlphaDAO-Protokoll genutzt hatte. Sie hat keinerlei Gegenleistung erbracht und keinen Token-Kauf getätigt. Der Token hat zum Zeitpunkt der Gutschrift auf ihrer Wallet einen Marktwert von EUR 2 pro Token. Frau Berger hält die Token sechs Monate und verkauft sie dann zu EUR 5 pro Token. Wie ist der Airdrop steuerlich einzuordnen, und wie berechnet sich der Veräußerungsgewinn?"
33,2,,0f7cf78e0b8a3a0e,"Frau Berger erhält im April 2026 einen Airdrop von 10.000 Token des Projekts ‚AlphaDAO'. Bedingung für den Airdrop war, dass sie in der Vergangenheit das AlphaDAO-Protokoll genutzt hatte. Sie hat keinerlei Gegenleistung erbracht und keinen Token-Kauf getätigt. Der Token hat zum Zeitpunkt der Gutschrift auf ihrer Wallet einen Marktwert von EUR 2 pro Token. Frau Berger hält die Token sechs Monate und verkauft sie dann zu EUR 5 pro Token. Wie ist der Airdrop steuerlich einzuordnen, und wie berechnet sich der Veräußerungsgewinn?"
33,3,,0f7cf78e0b8a3a0e,"Frau Berger erhält im April 2026 einen Airdrop von 10.000 Token des Projekts ‚AlphaDAO'. Bedingung für den Airdrop war, dass sie in der Vergangenheit das AlphaDAO-Protokoll genutzt hatte. Sie hat keinerlei Gegenleistung erbracht und keinen Token-Kauf getätigt. Der Token hat zum Zeitpunkt der Gutschrift auf ihrer Wallet einen Marktwert von EUR 2 pro Token. Frau Berger hält die Token sechs Monate und verkauft sie dann zu EUR 5 pro Token. Wie ist der Airdrop steuerlich einzuordnen, und wie berechnet sich der Veräußerungsgewinn?"
34,1,,e4c59fa505d6489d,Firma A stellt seiner Mitarbeiterin ein elektrisch betriebenes Auto zur Verfügung. Die Mitarbeiterin lädt das Auto bei einer öffentlichen Ladestation und gibt ihrem Arbeitgeber den Beleg mit den Kosten in der Höhe von 25 €. Dieser erstattet ihr diese. Liegt ein steuerpflichtiger Sachbezug vor?
34,2,,e4c59fa505d6489d,Firma A stellt seiner Mitarbeiterin ein elektrisch betriebenes Auto zur Verfügung. Die Mitarbeiterin lädt das Auto bei einer öffentlichen Ladestation und gibt ihrem Arbeitgeber den Beleg mit den Kosten in der Höhe von 25 €. Dieser erstattet ihr diese. Liegt ein steuerpflichtiger Sachbezug vor?
34,3,,e4c59fa505d6489d,Firma A stellt seiner Mitarbeiterin ein elektrisch betriebenes Auto zur Verfügung. Die Mitarbeiterin lädt das Auto bei einer öffentlichen Ladestation und gibt ihrem Arbeitgeber den Beleg mit den Kosten in der Höhe von 25 €. Dieser erstattet ihr diese. Liegt ein steuerpflichtiger Sachbezug vor?
35,1,,ab1f7c2db2e5ef86,Eine in Slowenien wohnende EU-Bürgerin erzielt österreichische Einkünfte und hat nur 10.000 Euro nicht in Österreich steuerpflichtige Auslandseinkünfte. Kann sie trotz Unterschreitens der 90%-Quote den Antrag nach § 1 Abs. 4 EStG 1988 stellen?
35,2,,ab1f7c2db2e5ef86,Eine in Slowenien wohnende EU-Bürgerin erzielt österreichische Einkünfte und hat nur 10.000 Euro nicht in Österreich steuerpflichtige Auslandseinkünfte. Kann sie trotz Unterschreitens der 90%-Quote den Antrag nach § 1 Abs. 4 EStG 1988 stellen?
35,3,,ab1f7c2db2e5ef86,Eine in Slowenien wohnende EU-Bürgerin erzielt österreichische Einkünfte und hat nur 10.000 Euro nicht in Österreich steuerpflichtige Auslandseinkünfte. Kann sie trotz Unterschreitens der 90%-Quote den Antrag nach § 1 Abs. 4 EStG 1988 stellen?
36,1,,a38038f1686fa454,Welche Normen der §§ 7–12 KStG sind typischerweise bei der Überleitung vom Handelsbilanzgewinn zum steuerpflichtigen Einkommen einer rechnungslegungspflichtigen GmbH relevant?
36,2,,a38038f1686fa454,Welche Normen der §§ 7–12 KStG sind typischerweise bei der Überleitung vom Handelsbilanzgewinn zum steuerpflichtigen Einkommen einer rechnungslegungspflichtigen GmbH relevant?
36,3,,a38038f1686fa454,Welche Normen der §§ 7–12 KStG sind typischerweise bei der Überleitung vom Handelsbilanzgewinn zum steuerpflichtigen Einkommen einer rechnungslegungspflichtigen GmbH relevant?
37,1,,2f5a823b65f1dc32,"Welche steuerlichen Konsequenzen hat es, wenn eine Körperschaft ein zinsloses Darlehen an ihren Gesellschafter vergibt?"
37,2,,2f5a823b65f1dc32,"Welche steuerlichen Konsequenzen hat es, wenn eine Körperschaft ein zinsloses Darlehen an ihren Gesellschafter vergibt?"
37,3,,2f5a823b65f1dc32,"Welche steuerlichen Konsequenzen hat es, wenn eine Körperschaft ein zinsloses Darlehen an ihren Gesellschafter vergibt?"
38,1,,fc7bf155ca5c3f21,"""Eine britische Marketingagentur entwickelt eine Werbekampagne für ein österreichisches Start-up. Wo ist die Leistung steuerpflichtig?“"
38,2,,fc7bf155ca5c3f21,"""Eine britische Marketingagentur entwickelt eine Werbekampagne für ein österreichisches Start-up. Wo ist die Leistung steuerpflichtig?“"
38,3,,fc7bf155ca5c3f21,"""Eine britische Marketingagentur entwickelt eine Werbekampagne für ein österreichisches Start-up. Wo ist die Leistung steuerpflichtig?“"
39,1,,95e2812337ca05dc,"Mitarbeiter B bekommt von seinem Arbeitgeber ein E-Bike zur Verfügung gestellt. Manchmal nutzt er dieses Rad für private Ausfahrten. Mitarbeiter B hat dabei keine Bedenken bei der privaten Nutzung, da der Sachbezug des E-Bikes Null beträgt. Sind diese Fahrten steuerlich irrelevant?"
39,2,,95e2812337ca05dc,"Mitarbeiter B bekommt von seinem Arbeitgeber ein E-Bike zur Verfügung gestellt. Manchmal nutzt er dieses Rad für private Ausfahrten. Mitarbeiter B hat dabei keine Bedenken bei der privaten Nutzung, da der Sachbezug des E-Bikes Null beträgt. Sind diese Fahrten steuerlich irrelevant?"
39,3,,95e2812337ca05dc,"Mitarbeiter B bekommt von seinem Arbeitgeber ein E-Bike zur Verfügung gestellt. Manchmal nutzt er dieses Rad für private Ausfahrten. Mitarbeiter B hat dabei keine Bedenken bei der privaten Nutzung, da der Sachbezug des E-Bikes Null beträgt. Sind diese Fahrten steuerlich irrelevant?"
40,1,,66028d1e19468bfb,Ein Grundstück wird im Rahmen einer Zwangsversteigerung erworben. Was bildet hier die Bemessungsgrundlage für die Grunderwerbsteuer?
40,2,,66028d1e19468bfb,Ein Grundstück wird im Rahmen einer Zwangsversteigerung erworben. Was bildet hier die Bemessungsgrundlage für die Grunderwerbsteuer?
40,3,,66028d1e19468bfb,Ein Grundstück wird im Rahmen einer Zwangsversteigerung erworben. Was bildet hier die Bemessungsgrundlage für die Grunderwerbsteuer?
41,1,,b243b598c07d70dd,Mitarbeiterin B pendelt jeden Tag 25 km zu ihrem Arbeitsplatz. Die Nutzung öffentlicher Verkehrsmittel für diese Strecke ist zumutbar. Die Mitarbeiterin beantragt die volle Pendlerpauschale. Steht ihr diese zu?
41,2,,b243b598c07d70dd,Mitarbeiterin B pendelt jeden Tag 25 km zu ihrem Arbeitsplatz. Die Nutzung öffentlicher Verkehrsmittel für diese Strecke ist zumutbar. Die Mitarbeiterin beantragt die volle Pendlerpauschale. Steht ihr diese zu?
41,3,,b243b598c07d70dd,Mitarbeiterin B pendelt jeden Tag 25 km zu ihrem Arbeitsplatz. Die Nutzung öffentlicher Verkehrsmittel für diese Strecke ist zumutbar. Die Mitarbeiterin beantragt die volle Pendlerpauschale. Steht ihr diese zu?
42,1,,5088176a8dbd826f,Ein österreichischer Steuerinländer gibt seinen inländischen Wohnsitz auf und verlegt den Mittelpunkt seiner Lebensinteressen ins Ausland. Kann die Aufgabe des inländischen Wohnsitzes Wegzugsbesteuerung auslösen?
42,2,,5088176a8dbd826f,Ein österreichischer Steuerinländer gibt seinen inländischen Wohnsitz auf und verlegt den Mittelpunkt seiner Lebensinteressen ins Ausland. Kann die Aufgabe des inländischen Wohnsitzes Wegzugsbesteuerung auslösen?
42,3,,5088176a8dbd826f,Ein österreichischer Steuerinländer gibt seinen inländischen Wohnsitz auf und verlegt den Mittelpunkt seiner Lebensinteressen ins Ausland. Kann die Aufgabe des inländischen Wohnsitzes Wegzugsbesteuerung auslösen?
43,1,,141fa03c7a5c3b6d,Was sind Einnahmen nach § 15 EStG?
43,2,,141fa03c7a5c3b6d,Was sind Einnahmen nach § 15 EStG?
43,3,,141fa03c7a5c3b6d,Was sind Einnahmen nach § 15 EStG?
44,1,,c4dae8bc0c54dcaf,Frau Sommer schließt im Alter von 48 Jahren eine Kapitallebensversicherung auf den Erlebensfall ab. Sie zahlt eine einmalige Prämie von 50.000 Euro. Die Versicherungslaufzeit beträgt 12 Jahre. Nach Ablauf erhält sie 65.000 Euro. Ist der Unterschiedsbetrag von 15.000 Euro steuerpflichtig?
44,2,,c4dae8bc0c54dcaf,Frau Sommer schließt im Alter von 48 Jahren eine Kapitallebensversicherung auf den Erlebensfall ab. Sie zahlt eine einmalige Prämie von 50.000 Euro. Die Versicherungslaufzeit beträgt 12 Jahre. Nach Ablauf erhält sie 65.000 Euro. Ist der Unterschiedsbetrag von 15.000 Euro steuerpflichtig?
44,3,,c4dae8bc0c54dcaf,Frau Sommer schließt im Alter von 48 Jahren eine Kapitallebensversicherung auf den Erlebensfall ab. Sie zahlt eine einmalige Prämie von 50.000 Euro. Die Versicherungslaufzeit beträgt 12 Jahre. Nach Ablauf erhält sie 65.000 Euro. Ist der Unterschiedsbetrag von 15.000 Euro steuerpflichtig?
45,1,,4f6725e0bc9e5e10,Wann ist eine Sicherheitseinrichtung für Registrierkassen verpflichtend?
45,2,,4f6725e0bc9e5e10,Wann ist eine Sicherheitseinrichtung für Registrierkassen verpflichtend?
45,3,,4f6725e0bc9e5e10,Wann ist eine Sicherheitseinrichtung für Registrierkassen verpflichtend?
46,1,,ddeedcdcba05523c,Wie lange muss die finanzielle Verbindung zu einem Gruppenmitglied bestehen?
46,2,,ddeedcdcba05523c,Wie lange muss die finanzielle Verbindung zu einem Gruppenmitglied bestehen?
46,3,,ddeedcdcba05523c,Wie lange muss die finanzielle Verbindung zu einem Gruppenmitglied bestehen?
47,1,,33b8196c52dcc007,Ein in einem Dienstverhältnis zu einer Krankenanstalt stehender Arzt verrechnet Sonderklassepatienten für persönlich erbrachte Behandlungen gesonderte Honorare. Diese Entgelte qualifizieren einkommensteuerlich als Einkünfte aus selbständiger Arbeit gemäß § 22 Z 1 lit. b EStG 1988. Wie ist der Arzt für diese Honorare umsatzsteuerlich einzuordnen?
47,2,,33b8196c52dcc007,Ein in einem Dienstverhältnis zu einer Krankenanstalt stehender Arzt verrechnet Sonderklassepatienten für persönlich erbrachte Behandlungen gesonderte Honorare. Diese Entgelte qualifizieren einkommensteuerlich als Einkünfte aus selbständiger Arbeit gemäß § 22 Z 1 lit. b EStG 1988. Wie ist der Arzt für diese Honorare umsatzsteuerlich einzuordnen?
47,3,,33b8196c52dcc007,Ein in einem Dienstverhältnis zu einer Krankenanstalt stehender Arzt verrechnet Sonderklassepatienten für persönlich erbrachte Behandlungen gesonderte Honorare. Diese Entgelte qualifizieren einkommensteuerlich als Einkünfte aus selbständiger Arbeit gemäß § 22 Z 1 lit. b EStG 1988. Wie ist der Arzt für diese Honorare umsatzsteuerlich einzuordnen?
48,1,,41af2adf6467c84c,"Kann bei beschränkt lohnsteuerpflichtigen Arbeitnehmern die Lohnsteuer grundsätzlich nach dem normalen Tarif berechnet werden, allerdings mit Kürzung bestimmter Absetzbeträge?"
48,2,,41af2adf6467c84c,"Kann bei beschränkt lohnsteuerpflichtigen Arbeitnehmern die Lohnsteuer grundsätzlich nach dem normalen Tarif berechnet werden, allerdings mit Kürzung bestimmter Absetzbeträge?"
48,3,,41af2adf6467c84c,"Kann bei beschränkt lohnsteuerpflichtigen Arbeitnehmern die Lohnsteuer grundsätzlich nach dem normalen Tarif berechnet werden, allerdings mit Kürzung bestimmter Absetzbeträge?"
49,1,,1d024511bc88d273,Was wurde im Bereich der Forschungsprämie geändert?
49,2,,1d024511bc88d273,Was wurde im Bereich der Forschungsprämie geändert?
49,3,,1d024511bc88d273,Was wurde im Bereich der Forschungsprämie geändert?
50,1,,98bc5d9319f537ea,Ein 60-jähriger Unternehmer überträgt seinen Gewerbebetrieb unentgeltlich an seine Tochter. Zum Betriebsvermögen gehört eine Betriebsliegenschaft im Wert von 1.200.000 Euro. Welcher Betrag bleibt steuerfrei und welche Bedingung muss die Tochter erfüllen?
50,2,,98bc5d9319f537ea,Ein 60-jähriger Unternehmer überträgt seinen Gewerbebetrieb unentgeltlich an seine Tochter. Zum Betriebsvermögen gehört eine Betriebsliegenschaft im Wert von 1.200.000 Euro. Welcher Betrag bleibt steuerfrei und welche Bedingung muss die Tochter erfüllen?
50,3,,98bc5d9319f537ea,Ein 60-jähriger Unternehmer überträgt seinen Gewerbebetrieb unentgeltlich an seine Tochter. Zum Betriebsvermögen gehört eine Betriebsliegenschaft im Wert von 1.200.000 Euro. Welcher Betrag bleibt steuerfrei und welche Bedingung muss die Tochter erfüllen?
51,1,,b7962ce8a13a0a0f,"""Frau Becker mietet einen PKW für 25 Tage in München. Handelt es sich um eine kurzfristige Vermietung?"""
51,2,,b7962ce8a13a0a0f,"""Frau Becker mietet einen PKW für 25 Tage in München. Handelt es sich um eine kurzfristige Vermietung?"""
51,3,,b7962ce8a13a0a0f,"""Frau Becker mietet einen PKW für 25 Tage in München. Handelt es sich um eine kurzfristige Vermietung?"""
52,1,,43bd676cdd7039ce,"Sind Sonderausgaben bei beschränkt Steuerpflichtigen nur dann abzugsfähig, wenn ein Inlandsbezug besteht?"
52,2,,43bd676cdd7039ce,"Sind Sonderausgaben bei beschränkt Steuerpflichtigen nur dann abzugsfähig, wenn ein Inlandsbezug besteht?"
52,3,,43bd676cdd7039ce,"Sind Sonderausgaben bei beschränkt Steuerpflichtigen nur dann abzugsfähig, wenn ein Inlandsbezug besteht?"
53,1,,5dfb73fe848fda03,Welcher Wert ist bei der unentgeltlichen Übertragung eines land- und forstwirtschaftlichen Grundstücks als Wert des Grundstückes heranzuziehen?
53,2,,5dfb73fe848fda03,Welcher Wert ist bei der unentgeltlichen Übertragung eines land- und forstwirtschaftlichen Grundstücks als Wert des Grundstückes heranzuziehen?
53,3,,5dfb73fe848fda03,Welcher Wert ist bei der unentgeltlichen Übertragung eines land- und forstwirtschaftlichen Grundstücks als Wert des Grundstückes heranzuziehen?
54,1,,3a2fdc1b35b69314,"A in Polen verkauft Waren an B in Tschechien, B verkauft dieselben Waren weiter an C in Österreich. Die Ware wird unmittelbar von Polen nach Österreich befördert. B organisiert die Beförderung und teilt A seine polnische Umsatzsteuer-Identifikationsnummer mit, also jene des Mitgliedstaats, aus dem die Gegenstände versendet werden. Welcher Lieferung wird die Beförderung zugeordnet?"
54,2,,3a2fdc1b35b69314,"A in Polen verkauft Waren an B in Tschechien, B verkauft dieselben Waren weiter an C in Österreich. Die Ware wird unmittelbar von Polen nach Österreich befördert. B organisiert die Beförderung und teilt A seine polnische Umsatzsteuer-Identifikationsnummer mit, also jene des Mitgliedstaats, aus dem die Gegenstände versendet werden. Welcher Lieferung wird die Beförderung zugeordnet?"
54,3,,3a2fdc1b35b69314,"A in Polen verkauft Waren an B in Tschechien, B verkauft dieselben Waren weiter an C in Österreich. Die Ware wird unmittelbar von Polen nach Österreich befördert. B organisiert die Beförderung und teilt A seine polnische Umsatzsteuer-Identifikationsnummer mit, also jene des Mitgliedstaats, aus dem die Gegenstände versendet werden. Welcher Lieferung wird die Beförderung zugeordnet?"
55,1,,6cecb10465cb3dc0,Zählen Pensionszusagen auch zu meinem Arbeitslohn (Einkünften aus nichtselbständiger Arbeit)?
55,2,,6cecb10465cb3dc0,Zählen Pensionszusagen auch zu meinem Arbeitslohn (Einkünften aus nichtselbständiger Arbeit)?
55,3,,6cecb10465cb3dc0,Zählen Pensionszusagen auch zu meinem Arbeitslohn (Einkünften aus nichtselbständiger Arbeit)?
56,1,,953963638e7e29f4,"""Christian führt ein Bed & Breakfast in Österreich. Christian ist aber australischer Staatsbürger. Wo ist die Leistung steuerpflichtig?"""
56,2,,953963638e7e29f4,"""Christian führt ein Bed & Breakfast in Österreich. Christian ist aber australischer Staatsbürger. Wo ist die Leistung steuerpflichtig?"""
56,3,,953963638e7e29f4,"""Christian führt ein Bed & Breakfast in Österreich. Christian ist aber australischer Staatsbürger. Wo ist die Leistung steuerpflichtig?"""
57,1,,94337df447815645,"Ein ausländischer Gewerbetreibender hat in Österreich keine Betriebsstätte, aber einen ständigen Vertreter. Können dadurch in Österreich beschränkt steuerpflichtige gewerbliche Einkünfte entstehen?"
57,2,,94337df447815645,"Ein ausländischer Gewerbetreibender hat in Österreich keine Betriebsstätte, aber einen ständigen Vertreter. Können dadurch in Österreich beschränkt steuerpflichtige gewerbliche Einkünfte entstehen?"
57,3,,94337df447815645,"Ein ausländischer Gewerbetreibender hat in Österreich keine Betriebsstätte, aber einen ständigen Vertreter. Können dadurch in Österreich beschränkt steuerpflichtige gewerbliche Einkünfte entstehen?"
58,1,,8ade60d984d92446,Ein Vater verkauft seiner Tochter ein Grundstück um 250.000 Euro. Der Grundstückswert beträgt aber 400.000 Euro. Von welchem Betrag wird die Steuer berechnet?
58,2,,8ade60d984d92446,Ein Vater verkauft seiner Tochter ein Grundstück um 250.000 Euro. Der Grundstückswert beträgt aber 400.000 Euro. Von welchem Betrag wird die Steuer berechnet?
58,3,,8ade60d984d92446,Ein Vater verkauft seiner Tochter ein Grundstück um 250.000 Euro. Der Grundstückswert beträgt aber 400.000 Euro. Von welchem Betrag wird die Steuer berechnet?
59,1,,80ec980da0e7f545,"Welche Körperschaften sind verpflichtet, sämtliche Einkünfte den Einkünften aus Gewerbebetrieb zuzurechnen?"
59,2,,80ec980da0e7f545,"Welche Körperschaften sind verpflichtet, sämtliche Einkünfte den Einkünften aus Gewerbebetrieb zuzurechnen?"
59,3,,80ec980da0e7f545,"Welche Körperschaften sind verpflichtet, sämtliche Einkünfte den Einkünften aus Gewerbebetrieb zuzurechnen?"
60,1,,f7455b2cc4cdf782,„Eine Wiener Marketingagentur erstellt eine Online-Kampagne für eine Privatperson mit Wohnsitz in Kanada. Wo ist der Ort der sonstigen Leistung?“
60,2,,f7455b2cc4cdf782,„Eine Wiener Marketingagentur erstellt eine Online-Kampagne für eine Privatperson mit Wohnsitz in Kanada. Wo ist der Ort der sonstigen Leistung?“
60,3,,f7455b2cc4cdf782,„Eine Wiener Marketingagentur erstellt eine Online-Kampagne für eine Privatperson mit Wohnsitz in Kanada. Wo ist der Ort der sonstigen Leistung?“
61,1,,e531893f1eb69c51,"Eine GmbH hält 100 % an einer inländischen Tochter-GmbH. Die Tochter ist finanziell und wirtschaftlich vollständig eingegliedert, verfügt aber über eine eigenständige Geschäftsführung, die ihre operative Tätigkeit ohne Weisungen der Mutter trifft. Die Mutter verrechnet der Tochter interne Managementleistungen und beruft sich auf Organschaft, sodass diese Innenleistungen nicht als Umsätze zwischen zwei Unternehmern zu behandeln seien. Trägt das allein?"
61,2,,e531893f1eb69c51,"Eine GmbH hält 100 % an einer inländischen Tochter-GmbH. Die Tochter ist finanziell und wirtschaftlich vollständig eingegliedert, verfügt aber über eine eigenständige Geschäftsführung, die ihre operative Tätigkeit ohne Weisungen der Mutter trifft. Die Mutter verrechnet der Tochter interne Managementleistungen und beruft sich auf Organschaft, sodass diese Innenleistungen nicht als Umsätze zwischen zwei Unternehmern zu behandeln seien. Trägt das allein?"
61,3,,e531893f1eb69c51,"Eine GmbH hält 100 % an einer inländischen Tochter-GmbH. Die Tochter ist finanziell und wirtschaftlich vollständig eingegliedert, verfügt aber über eine eigenständige Geschäftsführung, die ihre operative Tätigkeit ohne Weisungen der Mutter trifft. Die Mutter verrechnet der Tochter interne Managementleistungen und beruft sich auf Organschaft, sodass diese Innenleistungen nicht als Umsätze zwischen zwei Unternehmern zu behandeln seien. Trägt das allein?"
62,1,,75bf74c881914143,Ab wann treten die geänderten Selbstberechnungsregeln (BGBl. I Nr. 97/2025) in Kraft?
62,2,,75bf74c881914143,Ab wann treten die geänderten Selbstberechnungsregeln (BGBl. I Nr. 97/2025) in Kraft?
62,3,,75bf74c881914143,Ab wann treten die geänderten Selbstberechnungsregeln (BGBl. I Nr. 97/2025) in Kraft?
63,1,,3444edb58d14b539,"Ein Gesellschafter mit einer Beteiligung von über 25% an einem Unternehmen bekommt ein Elektroauto sowohl für private als auch berufliche Fahrten zur Verfügung gestellt. Da er das Auto auch privat nutzt, müssen die Privatfahrten als steuerpflichtiger Sachbezug angesetzt werden?"
63,2,,3444edb58d14b539,"Ein Gesellschafter mit einer Beteiligung von über 25% an einem Unternehmen bekommt ein Elektroauto sowohl für private als auch berufliche Fahrten zur Verfügung gestellt. Da er das Auto auch privat nutzt, müssen die Privatfahrten als steuerpflichtiger Sachbezug angesetzt werden?"
63,3,,3444edb58d14b539,"Ein Gesellschafter mit einer Beteiligung von über 25% an einem Unternehmen bekommt ein Elektroauto sowohl für private als auch berufliche Fahrten zur Verfügung gestellt. Da er das Auto auch privat nutzt, müssen die Privatfahrten als steuerpflichtiger Sachbezug angesetzt werden?"
64,1,,5b50d618694b7d0e,Was regelt das Gemeinnützigkeitsreformgesetz 2023 hinsichtlich Spenden?
64,2,,5b50d618694b7d0e,Was regelt das Gemeinnützigkeitsreformgesetz 2023 hinsichtlich Spenden?
64,3,,5b50d618694b7d0e,Was regelt das Gemeinnützigkeitsreformgesetz 2023 hinsichtlich Spenden?
65,1,,f7fbfaa859a15b62,"Eine österreichische Vermittlerin vermittelt für eine Privatperson aus Italien den Kauf einer Maschine, die sich zum Zeitpunkt der Verschaffung der Verfügungsmacht in Belgien befindet und nicht befördert oder versendet wird. Wo liegt der Ort der Vermittlungsleistung?"
65,2,,f7fbfaa859a15b62,"Eine österreichische Vermittlerin vermittelt für eine Privatperson aus Italien den Kauf einer Maschine, die sich zum Zeitpunkt der Verschaffung der Verfügungsmacht in Belgien befindet und nicht befördert oder versendet wird. Wo liegt der Ort der Vermittlungsleistung?"
65,3,,f7fbfaa859a15b62,"Eine österreichische Vermittlerin vermittelt für eine Privatperson aus Italien den Kauf einer Maschine, die sich zum Zeitpunkt der Verschaffung der Verfügungsmacht in Belgien befindet und nicht befördert oder versendet wird. Wo liegt der Ort der Vermittlungsleistung?"
66,1,,f38add49c603a6cf,Ein Käufer übernimmt beim Kauf eines Hauses eine darauf lastende Hypothek des Verkäufers. Gehört diese Hypothek zur Bemessungsgrundlage der Steuer?
66,2,,f38add49c603a6cf,Ein Käufer übernimmt beim Kauf eines Hauses eine darauf lastende Hypothek des Verkäufers. Gehört diese Hypothek zur Bemessungsgrundlage der Steuer?
66,3,,f38add49c603a6cf,Ein Käufer übernimmt beim Kauf eines Hauses eine darauf lastende Hypothek des Verkäufers. Gehört diese Hypothek zur Bemessungsgrundlage der Steuer?
67,1,,5a3c68a5df58b6c2,"""An welchem Ort ist eine Vermittlungsleistung an einen Nichtunternehmer erbracht?"""
67,2,,5a3c68a5df58b6c2,"""An welchem Ort ist eine Vermittlungsleistung an einen Nichtunternehmer erbracht?"""
67,3,,5a3c68a5df58b6c2,"""An welchem Ort ist eine Vermittlungsleistung an einen Nichtunternehmer erbracht?"""
68,1,,56ba443a39ef7bbb,Was gilt bei einem Forderungsverzicht eines Gesellschafters steuerlich für die Körperschaft?
68,2,,56ba443a39ef7bbb,Was gilt bei einem Forderungsverzicht eines Gesellschafters steuerlich für die Körperschaft?
68,3,,56ba443a39ef7bbb,Was gilt bei einem Forderungsverzicht eines Gesellschafters steuerlich für die Körperschaft?
69,1,,08a49d4d2155ee50,Was regelt § 1164a ABGB im Arbeitsrecht?
69,2,,08a49d4d2155ee50,Was regelt § 1164a ABGB im Arbeitsrecht?
69,3,,08a49d4d2155ee50,Was regelt § 1164a ABGB im Arbeitsrecht?
70,1,,2062df87c5d5c173,"Eine natürliche Person erbringt fortlaufend Leistungen ausschließlich gegenüber ihren Vereinsmitgliedern und erzielt daraus laufende Einnahmen. Sie wendet ein, eine Tätigkeit nur gegenüber Mitgliedern könne schon begrifflich keine gewerbliche oder berufliche Tätigkeit sein. Welche Aussage trifft § 2 Abs. 1 UStG für diesen Fall?"
70,2,,2062df87c5d5c173,"Eine natürliche Person erbringt fortlaufend Leistungen ausschließlich gegenüber ihren Vereinsmitgliedern und erzielt daraus laufende Einnahmen. Sie wendet ein, eine Tätigkeit nur gegenüber Mitgliedern könne schon begrifflich keine gewerbliche oder berufliche Tätigkeit sein. Welche Aussage trifft § 2 Abs. 1 UStG für diesen Fall?"
70,3,,2062df87c5d5c173,"Eine natürliche Person erbringt fortlaufend Leistungen ausschließlich gegenüber ihren Vereinsmitgliedern und erzielt daraus laufende Einnahmen. Sie wendet ein, eine Tätigkeit nur gegenüber Mitgliedern könne schon begrifflich keine gewerbliche oder berufliche Tätigkeit sein. Welche Aussage trifft § 2 Abs. 1 UStG für diesen Fall?"
71,1,,b79ea01bfe0e9a18,„Eine Wiener Marketingagentur erstellt eine Online-Kampagne für eine Privatperson mit Wohnsitz in Kanada. Wo ist der Ort der sonstigen Leistung?“
71,2,,b79ea01bfe0e9a18,„Eine Wiener Marketingagentur erstellt eine Online-Kampagne für eine Privatperson mit Wohnsitz in Kanada. Wo ist der Ort der sonstigen Leistung?“
71,3,,b79ea01bfe0e9a18,„Eine Wiener Marketingagentur erstellt eine Online-Kampagne für eine Privatperson mit Wohnsitz in Kanada. Wo ist der Ort der sonstigen Leistung?“
72,1,,de09fb498230de22,"Herr Steiner ist österreichischer Steuerresident und betreibt Ethereum-Staking. Er verwendet dafür einen sogenannten ‚Liquid Staking'-Dienst: Er hinterlegt 32 ETH und erhält dafür 32 ‚stETH'-Token, die den Wert der gestakten ETH plus laufende Rewards abbilden. Die stETH sind frei handelbar. Durch den Rebase-Mechanismus steigt die Anzahl der stETH in seiner Wallet automatisch – im Jahr 2026 von 32 auf 33,6 stETH, ohne dass eine separate Gutschrift erfolgt. Herr Steiner verkauft im Dezember 2026 alle 33,6 stETH gegen ETH. Wie sind die Einkünfte aus dem Rebase und aus dem Verkauf steuerlich zu behandeln?"
72,2,,de09fb498230de22,"Herr Steiner ist österreichischer Steuerresident und betreibt Ethereum-Staking. Er verwendet dafür einen sogenannten ‚Liquid Staking'-Dienst: Er hinterlegt 32 ETH und erhält dafür 32 ‚stETH'-Token, die den Wert der gestakten ETH plus laufende Rewards abbilden. Die stETH sind frei handelbar. Durch den Rebase-Mechanismus steigt die Anzahl der stETH in seiner Wallet automatisch – im Jahr 2026 von 32 auf 33,6 stETH, ohne dass eine separate Gutschrift erfolgt. Herr Steiner verkauft im Dezember 2026 alle 33,6 stETH gegen ETH. Wie sind die Einkünfte aus dem Rebase und aus dem Verkauf steuerlich zu behandeln?"
72,3,,de09fb498230de22,"Herr Steiner ist österreichischer Steuerresident und betreibt Ethereum-Staking. Er verwendet dafür einen sogenannten ‚Liquid Staking'-Dienst: Er hinterlegt 32 ETH und erhält dafür 32 ‚stETH'-Token, die den Wert der gestakten ETH plus laufende Rewards abbilden. Die stETH sind frei handelbar. Durch den Rebase-Mechanismus steigt die Anzahl der stETH in seiner Wallet automatisch – im Jahr 2026 von 32 auf 33,6 stETH, ohne dass eine separate Gutschrift erfolgt. Herr Steiner verkauft im Dezember 2026 alle 33,6 stETH gegen ETH. Wie sind die Einkünfte aus dem Rebase und aus dem Verkauf steuerlich zu behandeln?"
73,1,,510d71007234d6fe,"Ein Ehepaar erwirbt gemeinsam ein Grundstück, um darauf ein Einfamilienhaus als gemeinsamen Hauptwohnsitz zu errichten. Die geplante Wohnnutzfläche beträgt 140 m². Ist dieser Erwerb von der Grunderwerbsteuer befreit?"
73,2,,510d71007234d6fe,"Ein Ehepaar erwirbt gemeinsam ein Grundstück, um darauf ein Einfamilienhaus als gemeinsamen Hauptwohnsitz zu errichten. Die geplante Wohnnutzfläche beträgt 140 m². Ist dieser Erwerb von der Grunderwerbsteuer befreit?"
73,3,,510d71007234d6fe,"Ein Ehepaar erwirbt gemeinsam ein Grundstück, um darauf ein Einfamilienhaus als gemeinsamen Hauptwohnsitz zu errichten. Die geplante Wohnnutzfläche beträgt 140 m². Ist dieser Erwerb von der Grunderwerbsteuer befreit?"
74,1,,b5769fac66ac4716,Eine Person bezieht sowohl eine gesetzliche österreichische Pension als auch zusätzliche Unterstützungsleistungen aus einer Kammer‑Versorgungseinrichtung. Werden beide gleich versteuert?
74,2,,b5769fac66ac4716,Eine Person bezieht sowohl eine gesetzliche österreichische Pension als auch zusätzliche Unterstützungsleistungen aus einer Kammer‑Versorgungseinrichtung. Werden beide gleich versteuert?
74,3,,b5769fac66ac4716,Eine Person bezieht sowohl eine gesetzliche österreichische Pension als auch zusätzliche Unterstützungsleistungen aus einer Kammer‑Versorgungseinrichtung. Werden beide gleich versteuert?
75,1,,d46c22973c878b5c,Ein beschränkt steuerpflichtiger Arbeitnehmer hat im selben Kalenderjahr zeitweise zwei getrennt lohnversteuerte österreichische Dienstverhältnisse. Ist eine Veranlagung vorgesehen?
75,2,,d46c22973c878b5c,Ein beschränkt steuerpflichtiger Arbeitnehmer hat im selben Kalenderjahr zeitweise zwei getrennt lohnversteuerte österreichische Dienstverhältnisse. Ist eine Veranlagung vorgesehen?
75,3,,d46c22973c878b5c,Ein beschränkt steuerpflichtiger Arbeitnehmer hat im selben Kalenderjahr zeitweise zwei getrennt lohnversteuerte österreichische Dienstverhältnisse. Ist eine Veranlagung vorgesehen?
76,1,,4fdb73dbdfccd617,"""Ein Tourist aus Österreich mietet ein Wasserboot für 98 Tage in Zakynthos, Griechenland. Wo ist die Leistung steuerpflichtig?"""
76,2,,4fdb73dbdfccd617,"""Ein Tourist aus Österreich mietet ein Wasserboot für 98 Tage in Zakynthos, Griechenland. Wo ist die Leistung steuerpflichtig?"""
76,3,,4fdb73dbdfccd617,"""Ein Tourist aus Österreich mietet ein Wasserboot für 98 Tage in Zakynthos, Griechenland. Wo ist die Leistung steuerpflichtig?"""
77,1,,53f6d6c16c07ea3e,Ein Geschäftsführer hält 15 % der Firmenanteile und hat selbst Beiträge in die Pensionskasse der Firma eingezahlt. Wie werden die Auszahlungen versteuert?
77,2,,53f6d6c16c07ea3e,Ein Geschäftsführer hält 15 % der Firmenanteile und hat selbst Beiträge in die Pensionskasse der Firma eingezahlt. Wie werden die Auszahlungen versteuert?
77,3,,53f6d6c16c07ea3e,Ein Geschäftsführer hält 15 % der Firmenanteile und hat selbst Beiträge in die Pensionskasse der Firma eingezahlt. Wie werden die Auszahlungen versteuert?
78,1,,1e6c4ea1319c2fd7,"Eine Person erhält ein arbeitsunabhängiges Einkommensersatzgeld, das nicht von einem bestimmten Arbeitgeber stammt. Fällt das unter § 25 EStG 1988?"
78,2,,1e6c4ea1319c2fd7,"Eine Person erhält ein arbeitsunabhängiges Einkommensersatzgeld, das nicht von einem bestimmten Arbeitgeber stammt. Fällt das unter § 25 EStG 1988?"
78,3,,1e6c4ea1319c2fd7,"Eine Person erhält ein arbeitsunabhängiges Einkommensersatzgeld, das nicht von einem bestimmten Arbeitgeber stammt. Fällt das unter § 25 EStG 1988?"
79,1,,5b9d9f69bf846610,Wenn ein angestellter Rechtsanwalt während einer Krankheit Zahlungen aus dem Unterstützungssystem der Rechtsanwaltskammer erhält – zählen diese als Arbeitslohn?
79,2,,5b9d9f69bf846610,Wenn ein angestellter Rechtsanwalt während einer Krankheit Zahlungen aus dem Unterstützungssystem der Rechtsanwaltskammer erhält – zählen diese als Arbeitslohn?
79,3,,5b9d9f69bf846610,Wenn ein angestellter Rechtsanwalt während einer Krankheit Zahlungen aus dem Unterstützungssystem der Rechtsanwaltskammer erhält – zählen diese als Arbeitslohn?
80,1,,7e2b70b2538dc143,Wie hoch ist der Eingangssteuersatz der Lohnsteuer seit 2020?
80,2,,7e2b70b2538dc143,Wie hoch ist der Eingangssteuersatz der Lohnsteuer seit 2020?
80,3,,7e2b70b2538dc143,Wie hoch ist der Eingangssteuersatz der Lohnsteuer seit 2020?
81,1,,4c1c65f8bb98105d,"Ein IT-Spezialist bietet Software-Lösungen an. Neben der rein beratenden Tätigkeit verkauft er auch standardisierte Hardware-Komponenten an seine Kunden, wobei der Handel mit der Hardware einen wesentlichen Teil seines Gesamtumsatzes ausmacht. Sind die Einkünfte aus dem Hardware-Verkauf als Einkünfte aus Gewerbebetrieb einzustufen?"
81,2,,4c1c65f8bb98105d,"Ein IT-Spezialist bietet Software-Lösungen an. Neben der rein beratenden Tätigkeit verkauft er auch standardisierte Hardware-Komponenten an seine Kunden, wobei der Handel mit der Hardware einen wesentlichen Teil seines Gesamtumsatzes ausmacht. Sind die Einkünfte aus dem Hardware-Verkauf als Einkünfte aus Gewerbebetrieb einzustufen?"
81,3,,4c1c65f8bb98105d,"Ein IT-Spezialist bietet Software-Lösungen an. Neben der rein beratenden Tätigkeit verkauft er auch standardisierte Hardware-Komponenten an seine Kunden, wobei der Handel mit der Hardware einen wesentlichen Teil seines Gesamtumsatzes ausmacht. Sind die Einkünfte aus dem Hardware-Verkauf als Einkünfte aus Gewerbebetrieb einzustufen?"
82,1,,7fe98fa6e7d17089,"""Was ist eine Werkleistung?"""
82,2,,7fe98fa6e7d17089,"""Was ist eine Werkleistung?"""
82,3,,7fe98fa6e7d17089,"""Was ist eine Werkleistung?"""
83,1,,632dcaec22b8b5ab,Wie hoch ist der Sachbezug für ein emissionsfreies Elektro-KFZ?
83,2,,632dcaec22b8b5ab,Wie hoch ist der Sachbezug für ein emissionsfreies Elektro-KFZ?
83,3,,632dcaec22b8b5ab,Wie hoch ist der Sachbezug für ein emissionsfreies Elektro-KFZ?
84,1,,e43bcefa3423741d,"Ein in Italien wohnender Investor hat in Österreich weder Wohnsitz noch gewöhnlichen Aufenthalt, erzielt aber Mieteinkünfte aus einer Wohnung in Salzburg. Ist er in Österreich nur beschränkt steuerpflichtig?"
84,2,,e43bcefa3423741d,"Ein in Italien wohnender Investor hat in Österreich weder Wohnsitz noch gewöhnlichen Aufenthalt, erzielt aber Mieteinkünfte aus einer Wohnung in Salzburg. Ist er in Österreich nur beschränkt steuerpflichtig?"
84,3,,e43bcefa3423741d,"Ein in Italien wohnender Investor hat in Österreich weder Wohnsitz noch gewöhnlichen Aufenthalt, erzielt aber Mieteinkünfte aus einer Wohnung in Salzburg. Ist er in Österreich nur beschränkt steuerpflichtig?"
85,1,,22c78241bfffd93f,Jemand kauft ein kleines Stück ungenutztes Land um 900 Euro. Fällt für diesen Kauf Grunderwerbsteuer an?
85,2,,22c78241bfffd93f,Jemand kauft ein kleines Stück ungenutztes Land um 900 Euro. Fällt für diesen Kauf Grunderwerbsteuer an?
85,3,,22c78241bfffd93f,Jemand kauft ein kleines Stück ungenutztes Land um 900 Euro. Fällt für diesen Kauf Grunderwerbsteuer an?
86,1,,d2b7dcf6975ef46b,Was sind Vorgruppenverluste und wie werden sie innerhalb der Gruppe behandelt?
86,2,,d2b7dcf6975ef46b,Was sind Vorgruppenverluste und wie werden sie innerhalb der Gruppe behandelt?
86,3,,d2b7dcf6975ef46b,Was sind Vorgruppenverluste und wie werden sie innerhalb der Gruppe behandelt?
87,1,,784e0a9e597291e0,Eine schweizerische Gesellschaft verkauft an eine deutsche GmbH Eintrittsberechtigungen für eine Fachmesse in Wien weiter. Die schweizerische Gesellschaft handelt im eigenen Namen im Rahmen einer Besorgungsleistung. Liegt der Leistungsort der weiterverrechneten Eintrittsberechtigungen in Österreich?
87,2,,784e0a9e597291e0,Eine schweizerische Gesellschaft verkauft an eine deutsche GmbH Eintrittsberechtigungen für eine Fachmesse in Wien weiter. Die schweizerische Gesellschaft handelt im eigenen Namen im Rahmen einer Besorgungsleistung. Liegt der Leistungsort der weiterverrechneten Eintrittsberechtigungen in Österreich?
87,3,,784e0a9e597291e0,Eine schweizerische Gesellschaft verkauft an eine deutsche GmbH Eintrittsberechtigungen für eine Fachmesse in Wien weiter. Die schweizerische Gesellschaft handelt im eigenen Namen im Rahmen einer Besorgungsleistung. Liegt der Leistungsort der weiterverrechneten Eintrittsberechtigungen in Österreich?
88,1,,38ca3ecf35c508ac,"Welche Unterschiede bestehen bei der Verlustverrechnung zwischen einem inländischen und einem ausländischen Gruppenmitglied hinsichtlich Höhe, Grenze und Nachversteuerung?"
88,2,,38ca3ecf35c508ac,"Welche Unterschiede bestehen bei der Verlustverrechnung zwischen einem inländischen und einem ausländischen Gruppenmitglied hinsichtlich Höhe, Grenze und Nachversteuerung?"
88,3,,38ca3ecf35c508ac,"Welche Unterschiede bestehen bei der Verlustverrechnung zwischen einem inländischen und einem ausländischen Gruppenmitglied hinsichtlich Höhe, Grenze und Nachversteuerung?"
89,1,,62241dbd6a97eaa5,Wofür wird der Einheitswert nach dem Bewertungsgesetz heute noch primär genutzt?
89,2,,62241dbd6a97eaa5,Wofür wird der Einheitswert nach dem Bewertungsgesetz heute noch primär genutzt?
89,3,,62241dbd6a97eaa5,Wofür wird der Einheitswert nach dem Bewertungsgesetz heute noch primär genutzt?
90,1,,790d27754c6a02c6,"Ein Träger der Sozialversicherung verrechnet Leistungen an Versicherte, an mitversicherte Angehörige, an zum Ersatz von Fürsorgekosten Verpflichtete und an externe Unternehmen, die für eigene Projekte Gesundheitschecks einkaufen. Der Träger vertritt die Ansicht, seine öffentlich rechtliche Stellung erfasse alle diese Umsätze. Zu prüfen ist, welche Leistungsempfänger von der Befreiung gedeckt sind."
90,2,,790d27754c6a02c6,"Ein Träger der Sozialversicherung verrechnet Leistungen an Versicherte, an mitversicherte Angehörige, an zum Ersatz von Fürsorgekosten Verpflichtete und an externe Unternehmen, die für eigene Projekte Gesundheitschecks einkaufen. Der Träger vertritt die Ansicht, seine öffentlich rechtliche Stellung erfasse alle diese Umsätze. Zu prüfen ist, welche Leistungsempfänger von der Befreiung gedeckt sind."
90,3,,790d27754c6a02c6,"Ein Träger der Sozialversicherung verrechnet Leistungen an Versicherte, an mitversicherte Angehörige, an zum Ersatz von Fürsorgekosten Verpflichtete und an externe Unternehmen, die für eigene Projekte Gesundheitschecks einkaufen. Der Träger vertritt die Ansicht, seine öffentlich rechtliche Stellung erfasse alle diese Umsätze. Zu prüfen ist, welche Leistungsempfänger von der Befreiung gedeckt sind."
91,1,,121cdd0d29bfdac3,"Welche Normen sind einschlägig, wenn eine Körperschaft eine internationale Schachtelbeteiligung veräußert und gleichzeitig Vorjahresverluste bestehen?"
91,2,,121cdd0d29bfdac3,"Welche Normen sind einschlägig, wenn eine Körperschaft eine internationale Schachtelbeteiligung veräußert und gleichzeitig Vorjahresverluste bestehen?"
91,3,,121cdd0d29bfdac3,"Welche Normen sind einschlägig, wenn eine Körperschaft eine internationale Schachtelbeteiligung veräußert und gleichzeitig Vorjahresverluste bestehen?"
92,1,,762e8aebad929036,"Welche steuerlichen Schritte sind zu beachten, wenn eine GmbH nach einem Verlustjahr im Folgejahr wieder Gewinn erzielt?"
92,2,,762e8aebad929036,"Welche steuerlichen Schritte sind zu beachten, wenn eine GmbH nach einem Verlustjahr im Folgejahr wieder Gewinn erzielt?"
92,3,,762e8aebad929036,"Welche steuerlichen Schritte sind zu beachten, wenn eine GmbH nach einem Verlustjahr im Folgejahr wieder Gewinn erzielt?"
93,1,,b179b368bee6111e,"Herr Ritter ist stiller Gesellschafter an einem Handelsunternehmen. In Jahr 1 erzielt er einen Verlustanteil von 8.000 Euro, in Jahr 2 einen Gewinnanteil von 3.000 Euro. Zusätzlich hat er in Jahr 2 Dividendeneinkünfte aus Aktien von 10.000 Euro. Wie ist der Verlust aus Jahr 1 zu behandeln, und kann er in Jahr 2 mit den Dividenden verrechnet werden?"
93,2,,b179b368bee6111e,"Herr Ritter ist stiller Gesellschafter an einem Handelsunternehmen. In Jahr 1 erzielt er einen Verlustanteil von 8.000 Euro, in Jahr 2 einen Gewinnanteil von 3.000 Euro. Zusätzlich hat er in Jahr 2 Dividendeneinkünfte aus Aktien von 10.000 Euro. Wie ist der Verlust aus Jahr 1 zu behandeln, und kann er in Jahr 2 mit den Dividenden verrechnet werden?"
93,3,,b179b368bee6111e,"Herr Ritter ist stiller Gesellschafter an einem Handelsunternehmen. In Jahr 1 erzielt er einen Verlustanteil von 8.000 Euro, in Jahr 2 einen Gewinnanteil von 3.000 Euro. Zusätzlich hat er in Jahr 2 Dividendeneinkünfte aus Aktien von 10.000 Euro. Wie ist der Verlust aus Jahr 1 zu behandeln, und kann er in Jahr 2 mit den Dividenden verrechnet werden?"
94,1,,85559116bc7ed9d4,Was ist der Gewinnermittlungszeitraum und kann davon abgewichen werden?
94,2,,85559116bc7ed9d4,Was ist der Gewinnermittlungszeitraum und kann davon abgewichen werden?
94,3,,85559116bc7ed9d4,Was ist der Gewinnermittlungszeitraum und kann davon abgewichen werden?
95,1,,6ca218ea69786a15,Wenn ein angestellter Rechtsanwalt während einer Krankheit Zahlungen aus dem Unterstützungssystem der Rechtsanwaltskammer erhält – zählen diese als Arbeitslohn?
95,2,,6ca218ea69786a15,Wenn ein angestellter Rechtsanwalt während einer Krankheit Zahlungen aus dem Unterstützungssystem der Rechtsanwaltskammer erhält – zählen diese als Arbeitslohn?
95,3,,6ca218ea69786a15,Wenn ein angestellter Rechtsanwalt während einer Krankheit Zahlungen aus dem Unterstützungssystem der Rechtsanwaltskammer erhält – zählen diese als Arbeitslohn?
96,1,,9efa7f7fd26f5721,Ein in der Slowakei wohnender Arbeitnehmer pendelt täglich zu seinem Arbeitsplatz in Österreich und kehrt jeden Abend an seinen ausländischen Wohnsitz zurück. Begründet er dadurch einen gewöhnlichen Aufenthalt in Österreich?
96,2,,9efa7f7fd26f5721,Ein in der Slowakei wohnender Arbeitnehmer pendelt täglich zu seinem Arbeitsplatz in Österreich und kehrt jeden Abend an seinen ausländischen Wohnsitz zurück. Begründet er dadurch einen gewöhnlichen Aufenthalt in Österreich?
96,3,,9efa7f7fd26f5721,Ein in der Slowakei wohnender Arbeitnehmer pendelt täglich zu seinem Arbeitsplatz in Österreich und kehrt jeden Abend an seinen ausländischen Wohnsitz zurück. Begründet er dadurch einen gewöhnlichen Aufenthalt in Österreich?
97,1,,1168854b46712c41,Welche Formvorschriften gelten für die Buchführung (§ 131 BAO)?
97,2,,1168854b46712c41,Welche Formvorschriften gelten für die Buchführung (§ 131 BAO)?
97,3,,1168854b46712c41,Welche Formvorschriften gelten für die Buchführung (§ 131 BAO)?
98,1,,b7433ccc4c1c31b0,Firma A stellt seiner Mitarbeiterin ein elektrisch betriebenes Auto zur Verfügung. Die Mitarbeiterin lädt das Auto bei einer öffentlichen Ladestation und gibt ihrem Arbeitgeber den Beleg mit den Kosten in der Höhe von 25 €. Dieser erstattet ihr diese. Liegt ein steuerpflichtiger Sachbezug vor?
98,2,,b7433ccc4c1c31b0,Firma A stellt seiner Mitarbeiterin ein elektrisch betriebenes Auto zur Verfügung. Die Mitarbeiterin lädt das Auto bei einer öffentlichen Ladestation und gibt ihrem Arbeitgeber den Beleg mit den Kosten in der Höhe von 25 €. Dieser erstattet ihr diese. Liegt ein steuerpflichtiger Sachbezug vor?
98,3,,b7433ccc4c1c31b0,Firma A stellt seiner Mitarbeiterin ein elektrisch betriebenes Auto zur Verfügung. Die Mitarbeiterin lädt das Auto bei einer öffentlichen Ladestation und gibt ihrem Arbeitgeber den Beleg mit den Kosten in der Höhe von 25 €. Dieser erstattet ihr diese. Liegt ein steuerpflichtiger Sachbezug vor?
99,1,,da1b2a3e2ba686e7,"Ein Landwirt in Oberösterreich ist Eigentümer eines Bauernhofes mit einem Hofhaus inklusive einem Abstellplatz für landwirtschaftliche Maschinen. Zudem ist der Landwirt Eigentümer von zehn Hektar Agrarflächen. Das Land Oberösterreich hat entschieden eine neue Landstraße durch die Agrarflächen des Landwirten zu bauen. Aufgrund der drohenden Enteignung durch das Land Oberösterreich möchte der Landwirt seine Agrarflächen veräußern; dies jedoch 80% unter dem marktüblichen Wert. Außerdem möchte der Landwirt das Hofhaus seinem einzigen Sohn veräußern. Aufgrund der drohenden Enteignung, verliert das Hofhaus an Wert aufgrund der Nutzlosigkeit des Abstellplatzes. Wie ist die Grunderwerbssteuer abzuführen?"
99,2,,da1b2a3e2ba686e7,"Ein Landwirt in Oberösterreich ist Eigentümer eines Bauernhofes mit einem Hofhaus inklusive einem Abstellplatz für landwirtschaftliche Maschinen. Zudem ist der Landwirt Eigentümer von zehn Hektar Agrarflächen. Das Land Oberösterreich hat entschieden eine neue Landstraße durch die Agrarflächen des Landwirten zu bauen. Aufgrund der drohenden Enteignung durch das Land Oberösterreich möchte der Landwirt seine Agrarflächen veräußern; dies jedoch 80% unter dem marktüblichen Wert. Außerdem möchte der Landwirt das Hofhaus seinem einzigen Sohn veräußern. Aufgrund der drohenden Enteignung, verliert das Hofhaus an Wert aufgrund der Nutzlosigkeit des Abstellplatzes. Wie ist die Grunderwerbssteuer abzuführen?"
99,3,,da1b2a3e2ba686e7,"Ein Landwirt in Oberösterreich ist Eigentümer eines Bauernhofes mit einem Hofhaus inklusive einem Abstellplatz für landwirtschaftliche Maschinen. Zudem ist der Landwirt Eigentümer von zehn Hektar Agrarflächen. Das Land Oberösterreich hat entschieden eine neue Landstraße durch die Agrarflächen des Landwirten zu bauen. Aufgrund der drohenden Enteignung durch das Land Oberösterreich möchte der Landwirt seine Agrarflächen veräußern; dies jedoch 80% unter dem marktüblichen Wert. Außerdem möchte der Landwirt das Hofhaus seinem einzigen Sohn veräußern. Aufgrund der drohenden Enteignung, verliert das Hofhaus an Wert aufgrund der Nutzlosigkeit des Abstellplatzes. Wie ist die Grunderwerbssteuer abzuführen?"
100,1,,cacd72b7228c7a33,"Ein Bundesorgan duldet gegen laufendes Entgelt die Benützung eines Teils staatlicher Eisenbahninfrastruktur durch ein privates Unternehmen. Das Organ argumentiert, der Bund handle hoheitlich und sei daher mangels gewerblicher oder beruflicher Tätigkeit nicht Unternehmer. Wie ist diese Tätigkeit nach § 2 UStG einzuordnen?"
100,2,,cacd72b7228c7a33,"Ein Bundesorgan duldet gegen laufendes Entgelt die Benützung eines Teils staatlicher Eisenbahninfrastruktur durch ein privates Unternehmen. Das Organ argumentiert, der Bund handle hoheitlich und sei daher mangels gewerblicher oder beruflicher Tätigkeit nicht Unternehmer. Wie ist diese Tätigkeit nach § 2 UStG einzuordnen?"
100,3,,cacd72b7228c7a33,"Ein Bundesorgan duldet gegen laufendes Entgelt die Benützung eines Teils staatlicher Eisenbahninfrastruktur durch ein privates Unternehmen. Das Organ argumentiert, der Bund handle hoheitlich und sei daher mangels gewerblicher oder beruflicher Tätigkeit nicht Unternehmer. Wie ist diese Tätigkeit nach § 2 UStG einzuordnen?"
101,1,,be164a7db987f884,"Ein Kommanditist einer Steuerberatungs-GmbH & Co KG ist verärgert über die Geschäftsführung und verkauft seinen gesamten Kommanditanteil mit erheblichem Gewinn an einen Dritten. Da er nur Kapitalgeber war, möchte er den Erlös als privates Veräußerungsgeschäft versteuern. Ist das rechtens?"
101,2,,be164a7db987f884,"Ein Kommanditist einer Steuerberatungs-GmbH & Co KG ist verärgert über die Geschäftsführung und verkauft seinen gesamten Kommanditanteil mit erheblichem Gewinn an einen Dritten. Da er nur Kapitalgeber war, möchte er den Erlös als privates Veräußerungsgeschäft versteuern. Ist das rechtens?"
101,3,,be164a7db987f884,"Ein Kommanditist einer Steuerberatungs-GmbH & Co KG ist verärgert über die Geschäftsführung und verkauft seinen gesamten Kommanditanteil mit erheblichem Gewinn an einen Dritten. Da er nur Kapitalgeber war, möchte er den Erlös als privates Veräußerungsgeschäft versteuern. Ist das rechtens?"
102,1,,cc3241df37f072c2,Was ist der Alleinverdienerabsetzbetrag (§ 33 EStG i.V.m. § 7)?
102,2,,cc3241df37f072c2,Was ist der Alleinverdienerabsetzbetrag (§ 33 EStG i.V.m. § 7)?
102,3,,cc3241df37f072c2,Was ist der Alleinverdienerabsetzbetrag (§ 33 EStG i.V.m. § 7)?
103,1,,3a0c4918a8534176,Was ist der steuerliche Unterschied zwischen Werkvertrag und Dienstvertrag?
103,2,,3a0c4918a8534176,Was ist der steuerliche Unterschied zwischen Werkvertrag und Dienstvertrag?
103,3,,3a0c4918a8534176,Was ist der steuerliche Unterschied zwischen Werkvertrag und Dienstvertrag?
104,1,,4b0bf3486a0c0b48,"Der Arbeitgeber S will seinen Mitarbeitern, um die Gesundheit zu fördern, eine Mitgliedschaft im lokalen Fitnessstudio bezahlen. Da Bewegung eines der angeführten Handlungsfelder der betrieblichen Gesundheitsförderung ist, liegt eine steuerfreie Maßnahme vor. Ist der Arbeitgeber S im Recht?"
104,2,,4b0bf3486a0c0b48,"Der Arbeitgeber S will seinen Mitarbeitern, um die Gesundheit zu fördern, eine Mitgliedschaft im lokalen Fitnessstudio bezahlen. Da Bewegung eines der angeführten Handlungsfelder der betrieblichen Gesundheitsförderung ist, liegt eine steuerfreie Maßnahme vor. Ist der Arbeitgeber S im Recht?"
104,3,,4b0bf3486a0c0b48,"Der Arbeitgeber S will seinen Mitarbeitern, um die Gesundheit zu fördern, eine Mitgliedschaft im lokalen Fitnessstudio bezahlen. Da Bewegung eines der angeführten Handlungsfelder der betrieblichen Gesundheitsförderung ist, liegt eine steuerfreie Maßnahme vor. Ist der Arbeitgeber S im Recht?"
105,1,,6282952e5bd16f4d,"Einzelunternehmer A kauft sich ein Elektroauto und nutzt es zu 60% betrieblich und 40% privat. Da E-Autos einen Sachbezugswert von Null haben, muss er keinen Privatanteil ausscheiden. Stimmt das?"
105,2,,6282952e5bd16f4d,"Einzelunternehmer A kauft sich ein Elektroauto und nutzt es zu 60% betrieblich und 40% privat. Da E-Autos einen Sachbezugswert von Null haben, muss er keinen Privatanteil ausscheiden. Stimmt das?"
105,3,,6282952e5bd16f4d,"Einzelunternehmer A kauft sich ein Elektroauto und nutzt es zu 60% betrieblich und 40% privat. Da E-Autos einen Sachbezugswert von Null haben, muss er keinen Privatanteil ausscheiden. Stimmt das?"
106,1,,e6761c2dc5886120,"Herr Zander ist Begünstigter einer ausländischen Stiftung mit Sitz in Liechtenstein, die mit einer österreichischen Privatstiftung vergleichbar ist. Er erhält eine Zuwendung von 20.000 Euro. Für die ursprüngliche Einbringung des Vermögens in die Stiftung wurde Stiftungseingangssteuer entrichtet. Das Evidenzkonto weist einen Stand von 5.000 Euro aus, der maßgebliche Wert (Bilanzgewinn + Rücklagen) beträgt 12.000 Euro. Wie ist die Zuwendung steuerlich zu behandeln?"
106,2,,e6761c2dc5886120,"Herr Zander ist Begünstigter einer ausländischen Stiftung mit Sitz in Liechtenstein, die mit einer österreichischen Privatstiftung vergleichbar ist. Er erhält eine Zuwendung von 20.000 Euro. Für die ursprüngliche Einbringung des Vermögens in die Stiftung wurde Stiftungseingangssteuer entrichtet. Das Evidenzkonto weist einen Stand von 5.000 Euro aus, der maßgebliche Wert (Bilanzgewinn + Rücklagen) beträgt 12.000 Euro. Wie ist die Zuwendung steuerlich zu behandeln?"
106,3,,e6761c2dc5886120,"Herr Zander ist Begünstigter einer ausländischen Stiftung mit Sitz in Liechtenstein, die mit einer österreichischen Privatstiftung vergleichbar ist. Er erhält eine Zuwendung von 20.000 Euro. Für die ursprüngliche Einbringung des Vermögens in die Stiftung wurde Stiftungseingangssteuer entrichtet. Das Evidenzkonto weist einen Stand von 5.000 Euro aus, der maßgebliche Wert (Bilanzgewinn + Rücklagen) beträgt 12.000 Euro. Wie ist die Zuwendung steuerlich zu behandeln?"
107,1,,6590bbfab9a0aad7,"Ein Träger der Sozialversicherung verrechnet Leistungen an Versicherte, an mitversicherte Angehörige, an zum Ersatz von Fürsorgekosten Verpflichtete und an externe Unternehmen, die für eigene Projekte Gesundheitschecks einkaufen. Der Träger vertritt die Ansicht, seine öffentlich rechtliche Stellung erfasse alle diese Umsätze. Zu prüfen ist, welche Leistungsempfänger von der Befreiung gedeckt sind."
107,2,,6590bbfab9a0aad7,"Ein Träger der Sozialversicherung verrechnet Leistungen an Versicherte, an mitversicherte Angehörige, an zum Ersatz von Fürsorgekosten Verpflichtete und an externe Unternehmen, die für eigene Projekte Gesundheitschecks einkaufen. Der Träger vertritt die Ansicht, seine öffentlich rechtliche Stellung erfasse alle diese Umsätze. Zu prüfen ist, welche Leistungsempfänger von der Befreiung gedeckt sind."
107,3,,6590bbfab9a0aad7,"Ein Träger der Sozialversicherung verrechnet Leistungen an Versicherte, an mitversicherte Angehörige, an zum Ersatz von Fürsorgekosten Verpflichtete und an externe Unternehmen, die für eigene Projekte Gesundheitschecks einkaufen. Der Träger vertritt die Ansicht, seine öffentlich rechtliche Stellung erfasse alle diese Umsätze. Zu prüfen ist, welche Leistungsempfänger von der Befreiung gedeckt sind."
108,1,,762e23d9433dd4c4,Jemand erbringt Leistungen ausschließlich innerhalb der Familie ohne jedes Auftreten nach außen. Fehlt damit die Beteiligung am allgemeinen wirtschaftlichen Verkehr?
108,2,,762e23d9433dd4c4,Jemand erbringt Leistungen ausschließlich innerhalb der Familie ohne jedes Auftreten nach außen. Fehlt damit die Beteiligung am allgemeinen wirtschaftlichen Verkehr?
108,3,,762e23d9433dd4c4,Jemand erbringt Leistungen ausschließlich innerhalb der Familie ohne jedes Auftreten nach außen. Fehlt damit die Beteiligung am allgemeinen wirtschaftlichen Verkehr?
109,1,,7b1af2d197f0978f,Eine in der Schweiz lebende Managerin nutzt ihre Wiener Zweitwohnung nur 50 Tage pro Jahr und hält sich darüber hinaus nicht länger im Inland auf. Führt die Zweitwohnung allein zur unbeschränkten Steuerpflicht?
109,2,,7b1af2d197f0978f,Eine in der Schweiz lebende Managerin nutzt ihre Wiener Zweitwohnung nur 50 Tage pro Jahr und hält sich darüber hinaus nicht länger im Inland auf. Führt die Zweitwohnung allein zur unbeschränkten Steuerpflicht?
109,3,,7b1af2d197f0978f,Eine in der Schweiz lebende Managerin nutzt ihre Wiener Zweitwohnung nur 50 Tage pro Jahr und hält sich darüber hinaus nicht länger im Inland auf. Führt die Zweitwohnung allein zur unbeschränkten Steuerpflicht?
110,1,,abb1a0921939366b,"Eine Arbeitnehmerin erhält Pensionszahlungen, die teils aus ihren eigenen Beiträgen, teils aus Arbeitgeberbeiträgen stammen. Sind beide Teile steuerpflichtig?"
110,2,,abb1a0921939366b,"Eine Arbeitnehmerin erhält Pensionszahlungen, die teils aus ihren eigenen Beiträgen, teils aus Arbeitgeberbeiträgen stammen. Sind beide Teile steuerpflichtig?"
110,3,,abb1a0921939366b,"Eine Arbeitnehmerin erhält Pensionszahlungen, die teils aus ihren eigenen Beiträgen, teils aus Arbeitgeberbeiträgen stammen. Sind beide Teile steuerpflichtig?"
111,1,,3b18e1b8d26ff322,"Was sind ""beitragsfreie Bezüge"" im Sinne des ASVG?"
111,2,,3b18e1b8d26ff322,"Was sind ""beitragsfreie Bezüge"" im Sinne des ASVG?"
111,3,,3b18e1b8d26ff322,"Was sind ""beitragsfreie Bezüge"" im Sinne des ASVG?"
112,1,,1d854d78d681cbdb,"Frau Wimmer erbt im März 2026 von ihrer verstorbenen Tante 3 BTC. Die Tante hatte die BTC im Februar 2021 zu EUR 35.000 pro Stück angeschafft (also vor dem Stichtag 1. März 2021 für die Übergangsregelung des ökologisch-sozialen Steuerreformgesetzes 2022). Der Marktwert zum Todestag beträgt EUR 68.000 pro BTC. Frau Wimmer verkauft im Juni 2026 alle 3 BTC zu EUR 70.000. Wie sind die Anschaffungskosten zu bestimmen, und ist der Verkauf steuerpflichtig?"
112,2,,1d854d78d681cbdb,"Frau Wimmer erbt im März 2026 von ihrer verstorbenen Tante 3 BTC. Die Tante hatte die BTC im Februar 2021 zu EUR 35.000 pro Stück angeschafft (also vor dem Stichtag 1. März 2021 für die Übergangsregelung des ökologisch-sozialen Steuerreformgesetzes 2022). Der Marktwert zum Todestag beträgt EUR 68.000 pro BTC. Frau Wimmer verkauft im Juni 2026 alle 3 BTC zu EUR 70.000. Wie sind die Anschaffungskosten zu bestimmen, und ist der Verkauf steuerpflichtig?"
112,3,,1d854d78d681cbdb,"Frau Wimmer erbt im März 2026 von ihrer verstorbenen Tante 3 BTC. Die Tante hatte die BTC im Februar 2021 zu EUR 35.000 pro Stück angeschafft (also vor dem Stichtag 1. März 2021 für die Übergangsregelung des ökologisch-sozialen Steuerreformgesetzes 2022). Der Marktwert zum Todestag beträgt EUR 68.000 pro BTC. Frau Wimmer verkauft im Juni 2026 alle 3 BTC zu EUR 70.000. Wie sind die Anschaffungskosten zu bestimmen, und ist der Verkauf steuerpflichtig?"
113,1,,092e68dfb39f42e5,"Welche Einschränkung gilt für den Betriebsausgabenabzug bei einer Körperschaft, die nur teilweise steuerpflichtig ist?"
113,2,,092e68dfb39f42e5,"Welche Einschränkung gilt für den Betriebsausgabenabzug bei einer Körperschaft, die nur teilweise steuerpflichtig ist?"
113,3,,092e68dfb39f42e5,"Welche Einschränkung gilt für den Betriebsausgabenabzug bei einer Körperschaft, die nur teilweise steuerpflichtig ist?"
114,1,,4611a6d2d168d878,"„Liegt ein tauschähnlicher Umsatz vor, wenn eine Leistung nicht in Geld vergütet wird?“"
114,2,,4611a6d2d168d878,"„Liegt ein tauschähnlicher Umsatz vor, wenn eine Leistung nicht in Geld vergütet wird?“"
114,3,,4611a6d2d168d878,"„Liegt ein tauschähnlicher Umsatz vor, wenn eine Leistung nicht in Geld vergütet wird?“"
115,1,,92c451417f96fc10,Ein Unternehmer ordnet ein Bürogebäude seinem Unternehmen zu; bei Anschaffung bestand ein teilweiser Vorsteuerabzug. Später nutzt er einen Teil des Gebäudes unentgeltlich privat. Wird diese Verwendung nach § 3a Abs. 1a Z 1 einer sonstigen Leistung gegen Entgelt gleichgestellt?
115,2,,92c451417f96fc10,Ein Unternehmer ordnet ein Bürogebäude seinem Unternehmen zu; bei Anschaffung bestand ein teilweiser Vorsteuerabzug. Später nutzt er einen Teil des Gebäudes unentgeltlich privat. Wird diese Verwendung nach § 3a Abs. 1a Z 1 einer sonstigen Leistung gegen Entgelt gleichgestellt?
115,3,,92c451417f96fc10,Ein Unternehmer ordnet ein Bürogebäude seinem Unternehmen zu; bei Anschaffung bestand ein teilweiser Vorsteuerabzug. Später nutzt er einen Teil des Gebäudes unentgeltlich privat. Wird diese Verwendung nach § 3a Abs. 1a Z 1 einer sonstigen Leistung gegen Entgelt gleichgestellt?
116,1,,eb1185eb8e21b283,Herr Baum hält Aktien der A-AG im Privatvermögen. Die A-AG beschließt eine Kapitalherabsetzung und zahlt dabei 4.000 Euro an Herrn Baum zurück. Die A-AG hat ausreichend Gewinnrücklagen. Handelt es sich bei der Rückzahlung um Einkünfte aus Kapitalvermögen nach § 27 EStG 1988?
116,2,,eb1185eb8e21b283,Herr Baum hält Aktien der A-AG im Privatvermögen. Die A-AG beschließt eine Kapitalherabsetzung und zahlt dabei 4.000 Euro an Herrn Baum zurück. Die A-AG hat ausreichend Gewinnrücklagen. Handelt es sich bei der Rückzahlung um Einkünfte aus Kapitalvermögen nach § 27 EStG 1988?
116,3,,eb1185eb8e21b283,Herr Baum hält Aktien der A-AG im Privatvermögen. Die A-AG beschließt eine Kapitalherabsetzung und zahlt dabei 4.000 Euro an Herrn Baum zurück. Die A-AG hat ausreichend Gewinnrücklagen. Handelt es sich bei der Rückzahlung um Einkünfte aus Kapitalvermögen nach § 27 EStG 1988?
117,1,,2bc8c7dbd7aad07d,Steht der Verlustabzug beschränkt Steuerpflichtigen nur für bestimmte inländische Verluste zu?
117,2,,2bc8c7dbd7aad07d,Steht der Verlustabzug beschränkt Steuerpflichtigen nur für bestimmte inländische Verluste zu?
117,3,,2bc8c7dbd7aad07d,Steht der Verlustabzug beschränkt Steuerpflichtigen nur für bestimmte inländische Verluste zu?
118,1,,58f7ba556eb8de76,Jemand erbringt Leistungen ausschließlich innerhalb der Familie ohne jedes Auftreten nach außen. Fehlt damit die Beteiligung am allgemeinen wirtschaftlichen Verkehr?
118,2,,58f7ba556eb8de76,Jemand erbringt Leistungen ausschließlich innerhalb der Familie ohne jedes Auftreten nach außen. Fehlt damit die Beteiligung am allgemeinen wirtschaftlichen Verkehr?
118,3,,58f7ba556eb8de76,Jemand erbringt Leistungen ausschließlich innerhalb der Familie ohne jedes Auftreten nach außen. Fehlt damit die Beteiligung am allgemeinen wirtschaftlichen Verkehr?
119,1,,91ab8aee3b11a004,"Ein Forstwirt betreibt auf einem Teil seines Waldgrundstücks einen kommerziellen Hochseilklettergarten. Er bewirbt diesen stark und verlangt Eintrittsgelder. Fällt der Klettergarten unter die Einkünfte aus Land- und Forstwirtschaft, da er sich im Wald befindet?"
119,2,,91ab8aee3b11a004,"Ein Forstwirt betreibt auf einem Teil seines Waldgrundstücks einen kommerziellen Hochseilklettergarten. Er bewirbt diesen stark und verlangt Eintrittsgelder. Fällt der Klettergarten unter die Einkünfte aus Land- und Forstwirtschaft, da er sich im Wald befindet?"
119,3,,91ab8aee3b11a004,"Ein Forstwirt betreibt auf einem Teil seines Waldgrundstücks einen kommerziellen Hochseilklettergarten. Er bewirbt diesen stark und verlangt Eintrittsgelder. Fällt der Klettergarten unter die Einkünfte aus Land- und Forstwirtschaft, da er sich im Wald befindet?"
120,1,,dc6bc11c8e0f44b9,Was regelt das Abgabenänderungsgesetz 2014?
120,2,,dc6bc11c8e0f44b9,Was regelt das Abgabenänderungsgesetz 2014?
120,3,,dc6bc11c8e0f44b9,Was regelt das Abgabenänderungsgesetz 2014?
121,1,,6e1a38baf0739132,Welche körperschaftsspezifischen Aufwendungen gelten nach § 11 KStG als Betriebsausgaben?
121,2,,6e1a38baf0739132,Welche körperschaftsspezifischen Aufwendungen gelten nach § 11 KStG als Betriebsausgaben?
121,3,,6e1a38baf0739132,Welche körperschaftsspezifischen Aufwendungen gelten nach § 11 KStG als Betriebsausgaben?
122,1,,d236e5b057d583de,Ist für die beschränkte Steuerpflicht selbständiger Arbeit im Inland zwingend eine österreichische Betriebsstätte erforderlich?
122,2,,d236e5b057d583de,Ist für die beschränkte Steuerpflicht selbständiger Arbeit im Inland zwingend eine österreichische Betriebsstätte erforderlich?
122,3,,d236e5b057d583de,Ist für die beschränkte Steuerpflicht selbständiger Arbeit im Inland zwingend eine österreichische Betriebsstätte erforderlich?
123,1,,4b790ab5caaaf089,"Zwei Miteigentümer einer Liegenschaft (Anteile je 50%) beschließen, das Grundstück real zu teilen. Nach der Teilung erhält jeder ein physisches Teilstück, dessen Wert exakt 50% des Gesamtwertes entspricht. Fällt hierfür Steuer an?"
123,2,,4b790ab5caaaf089,"Zwei Miteigentümer einer Liegenschaft (Anteile je 50%) beschließen, das Grundstück real zu teilen. Nach der Teilung erhält jeder ein physisches Teilstück, dessen Wert exakt 50% des Gesamtwertes entspricht. Fällt hierfür Steuer an?"
123,3,,4b790ab5caaaf089,"Zwei Miteigentümer einer Liegenschaft (Anteile je 50%) beschließen, das Grundstück real zu teilen. Nach der Teilung erhält jeder ein physisches Teilstück, dessen Wert exakt 50% des Gesamtwertes entspricht. Fällt hierfür Steuer an?"
124,1,,ce50ee8cc8766adc,Ein in Deutschland ansässiger beschränkt steuerpflichtiger Arbeitnehmer erzielt Bezüge aus einer Tätigkeit im Sinne des § 99 Abs. 1 Z 1 EStG 1988 und teilt dem Arbeitgeber unmittelbar zusammenhängende Werbungskosten vor Auszahlung mit. Kann der Arbeitgeber diese Werbungskosten bereits beim Lohnsteuerabzug abziehen?
124,2,,ce50ee8cc8766adc,Ein in Deutschland ansässiger beschränkt steuerpflichtiger Arbeitnehmer erzielt Bezüge aus einer Tätigkeit im Sinne des § 99 Abs. 1 Z 1 EStG 1988 und teilt dem Arbeitgeber unmittelbar zusammenhängende Werbungskosten vor Auszahlung mit. Kann der Arbeitgeber diese Werbungskosten bereits beim Lohnsteuerabzug abziehen?
124,3,,ce50ee8cc8766adc,Ein in Deutschland ansässiger beschränkt steuerpflichtiger Arbeitnehmer erzielt Bezüge aus einer Tätigkeit im Sinne des § 99 Abs. 1 Z 1 EStG 1988 und teilt dem Arbeitgeber unmittelbar zusammenhängende Werbungskosten vor Auszahlung mit. Kann der Arbeitgeber diese Werbungskosten bereits beim Lohnsteuerabzug abziehen?
125,1,,a456ada1e6a787c3,Setzt die Zuzugsbegünstigung nach den Richtlinien neben einem Zuzug aus dem Ausland auch die Verlagerung des Mittelpunktes der Lebensinteressen nach Österreich voraus?
125,2,,a456ada1e6a787c3,Setzt die Zuzugsbegünstigung nach den Richtlinien neben einem Zuzug aus dem Ausland auch die Verlagerung des Mittelpunktes der Lebensinteressen nach Österreich voraus?
125,3,,a456ada1e6a787c3,Setzt die Zuzugsbegünstigung nach den Richtlinien neben einem Zuzug aus dem Ausland auch die Verlagerung des Mittelpunktes der Lebensinteressen nach Österreich voraus?
126,1,,52e250d385fa281c,"Welche Bestimmungen der §§ 7–12 KStG gelten für eine Unternehmensgruppe mit inländischem Gruppenträger, profitabler Inlandstochter, Verlusttochter im Inland (mit Vorgruppen verlusten) und Verlusttochter in der EU?"
126,2,,52e250d385fa281c,"Welche Bestimmungen der §§ 7–12 KStG gelten für eine Unternehmensgruppe mit inländischem Gruppenträger, profitabler Inlandstochter, Verlusttochter im Inland (mit Vorgruppen verlusten) und Verlusttochter in der EU?"
126,3,,52e250d385fa281c,"Welche Bestimmungen der §§ 7–12 KStG gelten für eine Unternehmensgruppe mit inländischem Gruppenträger, profitabler Inlandstochter, Verlusttochter im Inland (mit Vorgruppen verlusten) und Verlusttochter in der EU?"
127,1,,691ae60ad914f1af,"Wie lange müssen Rechtsanwälte und Notare die im Rahmen der Selbstberechnung erstellten Unterlagen aufbewahren, und unter welchen Umständen entfällt diese Aufbewahrungspflicht?"
127,2,,691ae60ad914f1af,"Wie lange müssen Rechtsanwälte und Notare die im Rahmen der Selbstberechnung erstellten Unterlagen aufbewahren, und unter welchen Umständen entfällt diese Aufbewahrungspflicht?"
127,3,,691ae60ad914f1af,"Wie lange müssen Rechtsanwälte und Notare die im Rahmen der Selbstberechnung erstellten Unterlagen aufbewahren, und unter welchen Umständen entfällt diese Aufbewahrungspflicht?"
128,1,,b1c911b68da26061,"Ein deutscher Staatsbürger erbt ein Grundstück in Österreich. Das Nachlassverfahren läuft in Deutschland, und am 10. März 2025 wird ein Europäisches Nachlasszeugnis ausgestellt. Bis wann muss die Abgabenerklärung in Österreich eingereicht werden?"
128,2,,b1c911b68da26061,"Ein deutscher Staatsbürger erbt ein Grundstück in Österreich. Das Nachlassverfahren läuft in Deutschland, und am 10. März 2025 wird ein Europäisches Nachlasszeugnis ausgestellt. Bis wann muss die Abgabenerklärung in Österreich eingereicht werden?"
128,3,,b1c911b68da26061,"Ein deutscher Staatsbürger erbt ein Grundstück in Österreich. Das Nachlassverfahren läuft in Deutschland, und am 10. März 2025 wird ein Europäisches Nachlasszeugnis ausgestellt. Bis wann muss die Abgabenerklärung in Österreich eingereicht werden?"
129,1,,e64b340c41c6aeae,Was ist der Gewinnfreibetrag nach § 10 EStG?
129,2,,e64b340c41c6aeae,Was ist der Gewinnfreibetrag nach § 10 EStG?
129,3,,e64b340c41c6aeae,Was ist der Gewinnfreibetrag nach § 10 EStG?
130,1,,71efb7c3aa03b3d8,"Was passiert steuerlich, wenn ein ausländisches Gruppenmitglied die Unternehmensgruppe verlässt und zuvor zugerechnete Verluste im Ausland noch nicht verrechnet wurden?"
130,2,,71efb7c3aa03b3d8,"Was passiert steuerlich, wenn ein ausländisches Gruppenmitglied die Unternehmensgruppe verlässt und zuvor zugerechnete Verluste im Ausland noch nicht verrechnet wurden?"
130,3,,71efb7c3aa03b3d8,"Was passiert steuerlich, wenn ein ausländisches Gruppenmitglied die Unternehmensgruppe verlässt und zuvor zugerechnete Verluste im Ausland noch nicht verrechnet wurden?"
131,1,,543aa81a3870df7d,Ein Unternehmer ordnet ein Bürogebäude seinem Unternehmen zu; bei Anschaffung bestand ein teilweiser Vorsteuerabzug. Später nutzt er einen Teil des Gebäudes unentgeltlich privat. Wird diese Verwendung nach § 3a Abs. 1a Z 1 einer sonstigen Leistung gegen Entgelt gleichgestellt?
131,2,,543aa81a3870df7d,Ein Unternehmer ordnet ein Bürogebäude seinem Unternehmen zu; bei Anschaffung bestand ein teilweiser Vorsteuerabzug. Später nutzt er einen Teil des Gebäudes unentgeltlich privat. Wird diese Verwendung nach § 3a Abs. 1a Z 1 einer sonstigen Leistung gegen Entgelt gleichgestellt?
131,3,,543aa81a3870df7d,Ein Unternehmer ordnet ein Bürogebäude seinem Unternehmen zu; bei Anschaffung bestand ein teilweiser Vorsteuerabzug. Später nutzt er einen Teil des Gebäudes unentgeltlich privat. Wird diese Verwendung nach § 3a Abs. 1a Z 1 einer sonstigen Leistung gegen Entgelt gleichgestellt?
132,1,,a8d840323f382fb7,"Ein Unternehmer bewirtet einen wichtigen Geschäftspartner in einem Restaurant. Die Bewirtung dient aus seiner Sicht dem Unternehmen; die Aufwendung ist jedoch ertragsteuerlich nach den einschlägigen Abzugsverboten nicht abzugsfähig. Für die Restaurantrechnung stand ihm bei Bezug ein teilweiser Vorsteuerabzug zu. Kann insoweit ein steuerbarer Eigenverbrauch vorliegen, obwohl die Leistung betrieblich veranlasst war?"
132,2,,a8d840323f382fb7,"Ein Unternehmer bewirtet einen wichtigen Geschäftspartner in einem Restaurant. Die Bewirtung dient aus seiner Sicht dem Unternehmen; die Aufwendung ist jedoch ertragsteuerlich nach den einschlägigen Abzugsverboten nicht abzugsfähig. Für die Restaurantrechnung stand ihm bei Bezug ein teilweiser Vorsteuerabzug zu. Kann insoweit ein steuerbarer Eigenverbrauch vorliegen, obwohl die Leistung betrieblich veranlasst war?"
132,3,,a8d840323f382fb7,"Ein Unternehmer bewirtet einen wichtigen Geschäftspartner in einem Restaurant. Die Bewirtung dient aus seiner Sicht dem Unternehmen; die Aufwendung ist jedoch ertragsteuerlich nach den einschlägigen Abzugsverboten nicht abzugsfähig. Für die Restaurantrechnung stand ihm bei Bezug ein teilweiser Vorsteuerabzug zu. Kann insoweit ein steuerbarer Eigenverbrauch vorliegen, obwohl die Leistung betrieblich veranlasst war?"
133,1,,874094dd9088d699,"Eine Bank bietet ihren Kunden ein Paket an, das Depotführung, Verwahrung der Wertpapiere, laufende administrative Verwaltung und die Durchführung von Kauf und Verkauf derselben Wertpapiere umfasst. Die Bank macht geltend, es handle sich um einen einheitlichen Finanzumsatz im Zusammenhang mit Wertpapieren. Zu untersuchen ist, welche Bestandteile von der Befreiung erfasst werden und welche nicht."
133,2,,874094dd9088d699,"Eine Bank bietet ihren Kunden ein Paket an, das Depotführung, Verwahrung der Wertpapiere, laufende administrative Verwaltung und die Durchführung von Kauf und Verkauf derselben Wertpapiere umfasst. Die Bank macht geltend, es handle sich um einen einheitlichen Finanzumsatz im Zusammenhang mit Wertpapieren. Zu untersuchen ist, welche Bestandteile von der Befreiung erfasst werden und welche nicht."
133,3,,874094dd9088d699,"Eine Bank bietet ihren Kunden ein Paket an, das Depotführung, Verwahrung der Wertpapiere, laufende administrative Verwaltung und die Durchführung von Kauf und Verkauf derselben Wertpapiere umfasst. Die Bank macht geltend, es handle sich um einen einheitlichen Finanzumsatz im Zusammenhang mit Wertpapieren. Zu untersuchen ist, welche Bestandteile von der Befreiung erfasst werden und welche nicht."
134,1,,431f94788ff561fe,Wie werden Veräußerungsgewinne aus internationalen Schachtelbeteiligungen grundsätzlich behandelt?
134,2,,431f94788ff561fe,Wie werden Veräußerungsgewinne aus internationalen Schachtelbeteiligungen grundsätzlich behandelt?
134,3,,431f94788ff561fe,Wie werden Veräußerungsgewinne aus internationalen Schachtelbeteiligungen grundsätzlich behandelt?
135,1,,57dd7b018be9005c,Ein Arbeitnehmer bekommt für berufliche Zwecke ein Auto welches mit Benzin betrieben wird zur Verfügung gestellt. Zusätzlich bekommt der Mitarbeiter 50€ pro Monat zum Tanken. Der Arbeitnehmer verdient 8.000€ im Jahr. Wie berechnet man die Höhe des Sachbezugs des Arbeitnehmers?
135,2,,57dd7b018be9005c,Ein Arbeitnehmer bekommt für berufliche Zwecke ein Auto welches mit Benzin betrieben wird zur Verfügung gestellt. Zusätzlich bekommt der Mitarbeiter 50€ pro Monat zum Tanken. Der Arbeitnehmer verdient 8.000€ im Jahr. Wie berechnet man die Höhe des Sachbezugs des Arbeitnehmers?
135,3,,57dd7b018be9005c,Ein Arbeitnehmer bekommt für berufliche Zwecke ein Auto welches mit Benzin betrieben wird zur Verfügung gestellt. Zusätzlich bekommt der Mitarbeiter 50€ pro Monat zum Tanken. Der Arbeitnehmer verdient 8.000€ im Jahr. Wie berechnet man die Höhe des Sachbezugs des Arbeitnehmers?
136,1,,a72e2c06ce04302c,Ein Arzt betreibt seine Ordination als Einzelunternehmer und erzielt daraus Einkünfte. Liegen Einkünfte aus Gewerbebetrieb vor?
136,2,,a72e2c06ce04302c,Ein Arzt betreibt seine Ordination als Einzelunternehmer und erzielt daraus Einkünfte. Liegen Einkünfte aus Gewerbebetrieb vor?
136,3,,a72e2c06ce04302c,Ein Arzt betreibt seine Ordination als Einzelunternehmer und erzielt daraus Einkünfte. Liegen Einkünfte aus Gewerbebetrieb vor?
137,1,,b5e560c4bb9a75e3,"""Ein Wiener Musiker überträgt die Rechte an einem Lied an einen Fan in Australien. Wo liegt der Leistungsort?"""
137,2,,b5e560c4bb9a75e3,"""Ein Wiener Musiker überträgt die Rechte an einem Lied an einen Fan in Australien. Wo liegt der Leistungsort?"""
137,3,,b5e560c4bb9a75e3,"""Ein Wiener Musiker überträgt die Rechte an einem Lied an einen Fan in Australien. Wo liegt der Leistungsort?"""
138,1,,5246ec80b08d1344,"Ein Privatanleger führt an Arbeitstagen täglich bis zu 50 Transaktionen an der Börse durch (Daytrading). Er nutzt dafür professionelle Software, hat ein Büro gemietet und finanziert die Käufe teilweise durch Bankkredite, um Hebeleffekte zu nutzen. Er erzielt damit seinen gesamten Lebensunterhalt. Ist diese Tätigkeit als private Vermögensverwaltung oder als Gewerbebetrieb gemäß § 23 EStG einzustufen?"
138,2,,5246ec80b08d1344,"Ein Privatanleger führt an Arbeitstagen täglich bis zu 50 Transaktionen an der Börse durch (Daytrading). Er nutzt dafür professionelle Software, hat ein Büro gemietet und finanziert die Käufe teilweise durch Bankkredite, um Hebeleffekte zu nutzen. Er erzielt damit seinen gesamten Lebensunterhalt. Ist diese Tätigkeit als private Vermögensverwaltung oder als Gewerbebetrieb gemäß § 23 EStG einzustufen?"
138,3,,5246ec80b08d1344,"Ein Privatanleger führt an Arbeitstagen täglich bis zu 50 Transaktionen an der Börse durch (Daytrading). Er nutzt dafür professionelle Software, hat ein Büro gemietet und finanziert die Käufe teilweise durch Bankkredite, um Hebeleffekte zu nutzen. Er erzielt damit seinen gesamten Lebensunterhalt. Ist diese Tätigkeit als private Vermögensverwaltung oder als Gewerbebetrieb gemäß § 23 EStG einzustufen?"
139,1,,c6a1c3938afbf7c5,"Mitarbeiter B bekommt von seinem Arbeitgeber ein Firmenauto, welches er auch für Fahrten zwischen Wohnung und Arbeitsplatz nutzen darf. An manchen Tagen fährt er auch mit seinem privaten E-Bike zur Arbeit. Er beantragt Pendlerpauschale für die Tage an denen er mit dem E-Bike zur Arbeit fährt. Bekommt der Mitarbeiter diese?"
139,2,,c6a1c3938afbf7c5,"Mitarbeiter B bekommt von seinem Arbeitgeber ein Firmenauto, welches er auch für Fahrten zwischen Wohnung und Arbeitsplatz nutzen darf. An manchen Tagen fährt er auch mit seinem privaten E-Bike zur Arbeit. Er beantragt Pendlerpauschale für die Tage an denen er mit dem E-Bike zur Arbeit fährt. Bekommt der Mitarbeiter diese?"
139,3,,c6a1c3938afbf7c5,"Mitarbeiter B bekommt von seinem Arbeitgeber ein Firmenauto, welches er auch für Fahrten zwischen Wohnung und Arbeitsplatz nutzen darf. An manchen Tagen fährt er auch mit seinem privaten E-Bike zur Arbeit. Er beantragt Pendlerpauschale für die Tage an denen er mit dem E-Bike zur Arbeit fährt. Bekommt der Mitarbeiter diese?"
140,1,,f2626323d261ee45,"Was sind ""beitragsfreie Bezüge"" im Sinne des ASVG?"
140,2,,f2626323d261ee45,"Was sind ""beitragsfreie Bezüge"" im Sinne des ASVG?"
140,3,,f2626323d261ee45,"Was sind ""beitragsfreie Bezüge"" im Sinne des ASVG?"
141,1,,76580859da3f88da,Was regelt das Kommunalsteuergesetz?
141,2,,76580859da3f88da,Was regelt das Kommunalsteuergesetz?
141,3,,76580859da3f88da,Was regelt das Kommunalsteuergesetz?
142,1,,e4209347bb3cb174,"Eine Unternehmerin überweist an einen gemeinnützigen Verein einen reinen Geldbetrag, um dessen kulturelle Tätigkeit zu unterstützen. Sie will den Vorgang als Eigenverbrauch nach § 1 Abs. 1 Z 2 lit. a UStG behandeln, weil die Zahlung betrieblich motiviert war und bei ihr mit dem Unternehmen zusammenhängt. Welche Einordnung ist nach dem Gesetz vorzunehmen?"
142,2,,e4209347bb3cb174,"Eine Unternehmerin überweist an einen gemeinnützigen Verein einen reinen Geldbetrag, um dessen kulturelle Tätigkeit zu unterstützen. Sie will den Vorgang als Eigenverbrauch nach § 1 Abs. 1 Z 2 lit. a UStG behandeln, weil die Zahlung betrieblich motiviert war und bei ihr mit dem Unternehmen zusammenhängt. Welche Einordnung ist nach dem Gesetz vorzunehmen?"
142,3,,e4209347bb3cb174,"Eine Unternehmerin überweist an einen gemeinnützigen Verein einen reinen Geldbetrag, um dessen kulturelle Tätigkeit zu unterstützen. Sie will den Vorgang als Eigenverbrauch nach § 1 Abs. 1 Z 2 lit. a UStG behandeln, weil die Zahlung betrieblich motiviert war und bei ihr mit dem Unternehmen zusammenhängt. Welche Einordnung ist nach dem Gesetz vorzunehmen?"
143,1,,6743980ee8898d48,Welche Dokumente unterliegen der Gebührenpflicht nach dem Gebührengesetz?
143,2,,6743980ee8898d48,Welche Dokumente unterliegen der Gebührenpflicht nach dem Gebührengesetz?
143,3,,6743980ee8898d48,Welche Dokumente unterliegen der Gebührenpflicht nach dem Gebührengesetz?
144,1,,605f65d3362e03bc,Sind Fremdfinanzierungszinsen für den Erwerb einer steuerbefreiten Beteiligung als Betriebsausgabe abzugsfähig?
144,2,,605f65d3362e03bc,Sind Fremdfinanzierungszinsen für den Erwerb einer steuerbefreiten Beteiligung als Betriebsausgabe abzugsfähig?
144,3,,605f65d3362e03bc,Sind Fremdfinanzierungszinsen für den Erwerb einer steuerbefreiten Beteiligung als Betriebsausgabe abzugsfähig?
145,1,,d4e9bc250ee7a95d,„Ein Fotograf erstellt Bilder für ein Restaurant und bekommt dafür kostenlose Mahlzeiten. Wie ist dieser Umsatz zu qualifizieren?“
145,2,,d4e9bc250ee7a95d,„Ein Fotograf erstellt Bilder für ein Restaurant und bekommt dafür kostenlose Mahlzeiten. Wie ist dieser Umsatz zu qualifizieren?“
145,3,,d4e9bc250ee7a95d,„Ein Fotograf erstellt Bilder für ein Restaurant und bekommt dafür kostenlose Mahlzeiten. Wie ist dieser Umsatz zu qualifizieren?“
146,1,,51684d926869ea15,Kann ein aus dem Ausland nach Österreich zuziehender Spitzenforscher unter bestimmten Voraussetzungen eine Zuzugsbegünstigung beantragen?
146,2,,51684d926869ea15,Kann ein aus dem Ausland nach Österreich zuziehender Spitzenforscher unter bestimmten Voraussetzungen eine Zuzugsbegünstigung beantragen?
146,3,,51684d926869ea15,Kann ein aus dem Ausland nach Österreich zuziehender Spitzenforscher unter bestimmten Voraussetzungen eine Zuzugsbegünstigung beantragen?
147,1,,77ef5c351646a7a6,"""Frau Meier betreibt eine Malerfirma in Wien. Sie streicht das Wohnzimmer von Herrn Bauer (Privatperson) in Graz. Wo gilt die Leistung steuerlich als ausgeführt: in Wien oder in Graz?"""
147,2,,77ef5c351646a7a6,"""Frau Meier betreibt eine Malerfirma in Wien. Sie streicht das Wohnzimmer von Herrn Bauer (Privatperson) in Graz. Wo gilt die Leistung steuerlich als ausgeführt: in Wien oder in Graz?"""
147,3,,77ef5c351646a7a6,"""Frau Meier betreibt eine Malerfirma in Wien. Sie streicht das Wohnzimmer von Herrn Bauer (Privatperson) in Graz. Wo gilt die Leistung steuerlich als ausgeführt: in Wien oder in Graz?"""
148,1,,75447667f3d274b5,"Ein Unternehmer verkauft Maschinen an einen Abnehmer im Drittland. Vor der Ausfuhr lässt er die Maschinen im Inland noch durch einen Subunternehmer technisch anpassen. Die Maschinen werden danach unmittelbar ausgeführt. Der Subunternehmer meint, seine Bearbeitungsleistung müsse denselben Befreiungsstatus haben wie die anschließende Ausfuhrlieferung. Zu beurteilen ist, ob sich die Steuerfreiheit der Lieferung auf die Vorleistung des Bearbeiters erstreckt."
148,2,,75447667f3d274b5,"Ein Unternehmer verkauft Maschinen an einen Abnehmer im Drittland. Vor der Ausfuhr lässt er die Maschinen im Inland noch durch einen Subunternehmer technisch anpassen. Die Maschinen werden danach unmittelbar ausgeführt. Der Subunternehmer meint, seine Bearbeitungsleistung müsse denselben Befreiungsstatus haben wie die anschließende Ausfuhrlieferung. Zu beurteilen ist, ob sich die Steuerfreiheit der Lieferung auf die Vorleistung des Bearbeiters erstreckt."
148,3,,75447667f3d274b5,"Ein Unternehmer verkauft Maschinen an einen Abnehmer im Drittland. Vor der Ausfuhr lässt er die Maschinen im Inland noch durch einen Subunternehmer technisch anpassen. Die Maschinen werden danach unmittelbar ausgeführt. Der Subunternehmer meint, seine Bearbeitungsleistung müsse denselben Befreiungsstatus haben wie die anschließende Ausfuhrlieferung. Zu beurteilen ist, ob sich die Steuerfreiheit der Lieferung auf die Vorleistung des Bearbeiters erstreckt."
149,1,,0ac3d9064f8cc1a3,Was wurde durch das Budgetbegleitgesetz 2001 bei der Grunderwerbsteuer geändert?
149,2,,0ac3d9064f8cc1a3,Was wurde durch das Budgetbegleitgesetz 2001 bei der Grunderwerbsteuer geändert?
149,3,,0ac3d9064f8cc1a3,Was wurde durch das Budgetbegleitgesetz 2001 bei der Grunderwerbsteuer geändert?
150,1,,ce70f5e0af90d3a1,Der Mitarbeiter E bekommt von seinem Arbeitgeber ein E-Bike zur Verfügung und kann den Akku des Rads kostenlos am Arbeitsplatz aufladen. Dieses kostenlose Aufladen stellt einen geldwerten Vorteil dar und ist daher als Sachbezug anzusetzen.
150,2,,ce70f5e0af90d3a1,Der Mitarbeiter E bekommt von seinem Arbeitgeber ein E-Bike zur Verfügung und kann den Akku des Rads kostenlos am Arbeitsplatz aufladen. Dieses kostenlose Aufladen stellt einen geldwerten Vorteil dar und ist daher als Sachbezug anzusetzen.
150,3,,ce70f5e0af90d3a1,Der Mitarbeiter E bekommt von seinem Arbeitgeber ein E-Bike zur Verfügung und kann den Akku des Rads kostenlos am Arbeitsplatz aufladen. Dieses kostenlose Aufladen stellt einen geldwerten Vorteil dar und ist daher als Sachbezug anzusetzen.
151,1,,ff313e39083c0ce7,"Eine in Deutschland ansässige Angestellte mietet ab April eine nicht bewohnbare (unmöblierte) Wohnung in Wien, behält jedoch ihre deutsche Wohnung und ihren deutschen Wohnsitz. Begründet die Wiener Wohnung in Österreich grundsätzlich eine unbeschränkte Steuerpflicht?"
151,2,,ff313e39083c0ce7,"Eine in Deutschland ansässige Angestellte mietet ab April eine nicht bewohnbare (unmöblierte) Wohnung in Wien, behält jedoch ihre deutsche Wohnung und ihren deutschen Wohnsitz. Begründet die Wiener Wohnung in Österreich grundsätzlich eine unbeschränkte Steuerpflicht?"
151,3,,ff313e39083c0ce7,"Eine in Deutschland ansässige Angestellte mietet ab April eine nicht bewohnbare (unmöblierte) Wohnung in Wien, behält jedoch ihre deutsche Wohnung und ihren deutschen Wohnsitz. Begründet die Wiener Wohnung in Österreich grundsätzlich eine unbeschränkte Steuerpflicht?"
152,1,,47d7f965f815ccb3,Firma A stellt seiner Mitarbeiterin ein elektrisch betriebenes Auto zur Verfügung. Die Mitarbeiterin lädt das Auto bei einer öffentlichen Ladestation und gibt ihrem Arbeitgeber den Beleg mit den Kosten in der Höhe von 25 €. Dieser erstattet ihr diese. Liegt ein steuerpflichtiger Sachbezug vor?
152,2,,47d7f965f815ccb3,Firma A stellt seiner Mitarbeiterin ein elektrisch betriebenes Auto zur Verfügung. Die Mitarbeiterin lädt das Auto bei einer öffentlichen Ladestation und gibt ihrem Arbeitgeber den Beleg mit den Kosten in der Höhe von 25 €. Dieser erstattet ihr diese. Liegt ein steuerpflichtiger Sachbezug vor?
152,3,,47d7f965f815ccb3,Firma A stellt seiner Mitarbeiterin ein elektrisch betriebenes Auto zur Verfügung. Die Mitarbeiterin lädt das Auto bei einer öffentlichen Ladestation und gibt ihrem Arbeitgeber den Beleg mit den Kosten in der Höhe von 25 €. Dieser erstattet ihr diese. Liegt ein steuerpflichtiger Sachbezug vor?
153,1,,f6f1b3faedde7840,Ein Arbeitnehmer erhält nach der Insolvenz seines Arbeitgebers eine Auszahlung aus dem Insolvenz‑Entgelt‑Fonds. Ist das steuerpflichtiger Arbeitslohn?
153,2,,f6f1b3faedde7840,Ein Arbeitnehmer erhält nach der Insolvenz seines Arbeitgebers eine Auszahlung aus dem Insolvenz‑Entgelt‑Fonds. Ist das steuerpflichtiger Arbeitslohn?
153,3,,f6f1b3faedde7840,Ein Arbeitnehmer erhält nach der Insolvenz seines Arbeitgebers eine Auszahlung aus dem Insolvenz‑Entgelt‑Fonds. Ist das steuerpflichtiger Arbeitslohn?
154,1,,bd76a19126076813,"Ein Kaufvertrag über ein inländisches Grundstück wird ordnungsgemäß abgeschlossen und die Grunderwerbsteuer entsteht. Zwei Jahre später heben Verkäufer und Käufer den Vertrag einvernehmlich vollständig auf, sodass der Erwerbsvorgang rückgängig gemacht wird. Kann die Steuer auf Antrag nicht festgesetzt werden?"
154,2,,bd76a19126076813,"Ein Kaufvertrag über ein inländisches Grundstück wird ordnungsgemäß abgeschlossen und die Grunderwerbsteuer entsteht. Zwei Jahre später heben Verkäufer und Käufer den Vertrag einvernehmlich vollständig auf, sodass der Erwerbsvorgang rückgängig gemacht wird. Kann die Steuer auf Antrag nicht festgesetzt werden?"
154,3,,bd76a19126076813,"Ein Kaufvertrag über ein inländisches Grundstück wird ordnungsgemäß abgeschlossen und die Grunderwerbsteuer entsteht. Zwei Jahre später heben Verkäufer und Käufer den Vertrag einvernehmlich vollständig auf, sodass der Erwerbsvorgang rückgängig gemacht wird. Kann die Steuer auf Antrag nicht festgesetzt werden?"
155,1,,2bb68fb69e09673f,Ein Einzelunternehmer stellt seinen Betrieb ein ohne ihn zu verkaufen. Muss er einen allfälligen Aufgabegewinn versteuern?
155,2,,2bb68fb69e09673f,Ein Einzelunternehmer stellt seinen Betrieb ein ohne ihn zu verkaufen. Muss er einen allfälligen Aufgabegewinn versteuern?
155,3,,2bb68fb69e09673f,Ein Einzelunternehmer stellt seinen Betrieb ein ohne ihn zu verkaufen. Muss er einen allfälligen Aufgabegewinn versteuern?
156,1,,4b1f41ddd1fbf971,"Ein Bauer betreibt zusätzlich zu seiner Landwirtschaft einen kleinen Hofladen, in dem er eigene Produkte verkauft. Er meint, da er Landwirt ist, falle alles unter Land- und Forstwirtschaft und nicht unter § 23. Stimmt das?"
156,2,,4b1f41ddd1fbf971,"Ein Bauer betreibt zusätzlich zu seiner Landwirtschaft einen kleinen Hofladen, in dem er eigene Produkte verkauft. Er meint, da er Landwirt ist, falle alles unter Land- und Forstwirtschaft und nicht unter § 23. Stimmt das?"
156,3,,4b1f41ddd1fbf971,"Ein Bauer betreibt zusätzlich zu seiner Landwirtschaft einen kleinen Hofladen, in dem er eigene Produkte verkauft. Er meint, da er Landwirt ist, falle alles unter Land- und Forstwirtschaft und nicht unter § 23. Stimmt das?"
157,1,,6ce752f2b0f2dfa6,"Ein Auftraggeber übergibt einem Verarbeiter Silbergranulat zur Herstellung spezieller Kontakte. Vertraglich ist vereinbart, dass der Auftraggeber die bei der Verarbeitung entstehenden Silberreste und Schleifabfälle an den Verarbeiter zurückzugeben hat. Tatsächlich gibt der Auftraggeber am Ende nicht exakt diese konkreten Rückstände zurück, sondern Silberabfälle gleicher Art, wie sie in seinem Unternehmen regelmäßig anfallen. Erstreckt sich die Lieferung des Verarbeiters trotzdem auf den gesamten ursprünglichen Silbergehalt des übergebenen Materials?"
157,2,,6ce752f2b0f2dfa6,"Ein Auftraggeber übergibt einem Verarbeiter Silbergranulat zur Herstellung spezieller Kontakte. Vertraglich ist vereinbart, dass der Auftraggeber die bei der Verarbeitung entstehenden Silberreste und Schleifabfälle an den Verarbeiter zurückzugeben hat. Tatsächlich gibt der Auftraggeber am Ende nicht exakt diese konkreten Rückstände zurück, sondern Silberabfälle gleicher Art, wie sie in seinem Unternehmen regelmäßig anfallen. Erstreckt sich die Lieferung des Verarbeiters trotzdem auf den gesamten ursprünglichen Silbergehalt des übergebenen Materials?"
157,3,,6ce752f2b0f2dfa6,"Ein Auftraggeber übergibt einem Verarbeiter Silbergranulat zur Herstellung spezieller Kontakte. Vertraglich ist vereinbart, dass der Auftraggeber die bei der Verarbeitung entstehenden Silberreste und Schleifabfälle an den Verarbeiter zurückzugeben hat. Tatsächlich gibt der Auftraggeber am Ende nicht exakt diese konkreten Rückstände zurück, sondern Silberabfälle gleicher Art, wie sie in seinem Unternehmen regelmäßig anfallen. Erstreckt sich die Lieferung des Verarbeiters trotzdem auf den gesamten ursprünglichen Silbergehalt des übergebenen Materials?"
158,1,,2c2053f4db93a1ac,"„Ein Mobilfunkanbieter mit Sitz in der Schweiz stellt einer Privatperson Mobilfunkleistungen bereit. Die Person hat keinen gemeldeten Wohnsitz in Österreich, hält sich aber aufgrund eines langfristigen Projekts seit 8 Monaten durchgehend in einer Mietwohnung in Innsbruck auf. Der Kunde nutzt das Handy ausschließlich in Innsbruck. Wo ist der steuerliche Leistungsort für diese Gebühren nach österreichischem Recht, obwohl kein offizieller Wohnsitz vorliegt?“"
158,2,,2c2053f4db93a1ac,"„Ein Mobilfunkanbieter mit Sitz in der Schweiz stellt einer Privatperson Mobilfunkleistungen bereit. Die Person hat keinen gemeldeten Wohnsitz in Österreich, hält sich aber aufgrund eines langfristigen Projekts seit 8 Monaten durchgehend in einer Mietwohnung in Innsbruck auf. Der Kunde nutzt das Handy ausschließlich in Innsbruck. Wo ist der steuerliche Leistungsort für diese Gebühren nach österreichischem Recht, obwohl kein offizieller Wohnsitz vorliegt?“"
158,3,,2c2053f4db93a1ac,"„Ein Mobilfunkanbieter mit Sitz in der Schweiz stellt einer Privatperson Mobilfunkleistungen bereit. Die Person hat keinen gemeldeten Wohnsitz in Österreich, hält sich aber aufgrund eines langfristigen Projekts seit 8 Monaten durchgehend in einer Mietwohnung in Innsbruck auf. Der Kunde nutzt das Handy ausschließlich in Innsbruck. Wo ist der steuerliche Leistungsort für diese Gebühren nach österreichischem Recht, obwohl kein offizieller Wohnsitz vorliegt?“"
159,1,,dd74e05a0a9c2496,"""Welche Regel gilt für Lagerungs- oder Umschlagsleistungen, die üblicherweise mit Transport verbunden sind, wenn der Empfänger ein Nichtunternehmer ist?"""
159,2,,dd74e05a0a9c2496,"""Welche Regel gilt für Lagerungs- oder Umschlagsleistungen, die üblicherweise mit Transport verbunden sind, wenn der Empfänger ein Nichtunternehmer ist?"""
159,3,,dd74e05a0a9c2496,"""Welche Regel gilt für Lagerungs- oder Umschlagsleistungen, die üblicherweise mit Transport verbunden sind, wenn der Empfänger ein Nichtunternehmer ist?"""
160,1,,d4c751417afca480,"Eine Liegenschaft wird vollständig unentgeltlich verschenkt, also ohne jede Gegenleistung. Welche Bemessungsgrundlage ist nach dem GrEStG grundsätzlich heranzuziehen?"
160,2,,d4c751417afca480,"Eine Liegenschaft wird vollständig unentgeltlich verschenkt, also ohne jede Gegenleistung. Welche Bemessungsgrundlage ist nach dem GrEStG grundsätzlich heranzuziehen?"
160,3,,d4c751417afca480,"Eine Liegenschaft wird vollständig unentgeltlich verschenkt, also ohne jede Gegenleistung. Welche Bemessungsgrundlage ist nach dem GrEStG grundsätzlich heranzuziehen?"
161,1,,a4feb4451a1c980b,Welche körperschaftsspezifischen Aufwendungen gelten nach § 11 KStG als Betriebsausgaben?
161,2,,a4feb4451a1c980b,Welche körperschaftsspezifischen Aufwendungen gelten nach § 11 KStG als Betriebsausgaben?
161,3,,a4feb4451a1c980b,Welche körperschaftsspezifischen Aufwendungen gelten nach § 11 KStG als Betriebsausgaben?
162,1,,3c32cc019ddd2688,"Ein Unternehmer erfüllt die Voraussetzungen der Kleinunternehmerbefreiung zunächst. Im laufenden Kalenderjahr steigt sein maßgeblicher Umsatz über die Grenze hinaus. Die Überschreitung beträgt 9 %. Zusätzlich erzielt er Umsätze, die nach anderen Befreiungstatbeständen des § 6 Abs. 1 steuerfrei sind. Streitpunkt ist, ob die 10 Prozent Toleranz unter Einbeziehung oder unter Ausklammerung dieser anderen steuerfreien Umsätze zu berechnen ist."
162,2,,3c32cc019ddd2688,"Ein Unternehmer erfüllt die Voraussetzungen der Kleinunternehmerbefreiung zunächst. Im laufenden Kalenderjahr steigt sein maßgeblicher Umsatz über die Grenze hinaus. Die Überschreitung beträgt 9 %. Zusätzlich erzielt er Umsätze, die nach anderen Befreiungstatbeständen des § 6 Abs. 1 steuerfrei sind. Streitpunkt ist, ob die 10 Prozent Toleranz unter Einbeziehung oder unter Ausklammerung dieser anderen steuerfreien Umsätze zu berechnen ist."
162,3,,3c32cc019ddd2688,"Ein Unternehmer erfüllt die Voraussetzungen der Kleinunternehmerbefreiung zunächst. Im laufenden Kalenderjahr steigt sein maßgeblicher Umsatz über die Grenze hinaus. Die Überschreitung beträgt 9 %. Zusätzlich erzielt er Umsätze, die nach anderen Befreiungstatbeständen des § 6 Abs. 1 steuerfrei sind. Streitpunkt ist, ob die 10 Prozent Toleranz unter Einbeziehung oder unter Ausklammerung dieser anderen steuerfreien Umsätze zu berechnen ist."
163,1,,471f9f1cf0dc2891,"Was passiert steuerlich, wenn ein ausländisches Gruppenmitglied die Unternehmensgruppe verlässt und zuvor zugerechnete Verluste im Ausland noch nicht verrechnet wurden?"
163,2,,471f9f1cf0dc2891,"Was passiert steuerlich, wenn ein ausländisches Gruppenmitglied die Unternehmensgruppe verlässt und zuvor zugerechnete Verluste im Ausland noch nicht verrechnet wurden?"
163,3,,471f9f1cf0dc2891,"Was passiert steuerlich, wenn ein ausländisches Gruppenmitglied die Unternehmensgruppe verlässt und zuvor zugerechnete Verluste im Ausland noch nicht verrechnet wurden?"
164,1,,a4d835ff04f6fa53,Nein. Das kostenlose Aufladen eines privatem E-Autos beim Arbeitgeber ist gemäß § 4c SachbezugsVO ausdrücklich mit einem Sachbezugswert von Null anzusetzen und daher steuerfrei.
164,2,,a4d835ff04f6fa53,Nein. Das kostenlose Aufladen eines privatem E-Autos beim Arbeitgeber ist gemäß § 4c SachbezugsVO ausdrücklich mit einem Sachbezugswert von Null anzusetzen und daher steuerfrei.
164,3,,a4d835ff04f6fa53,Nein. Das kostenlose Aufladen eines privatem E-Autos beim Arbeitgeber ist gemäß § 4c SachbezugsVO ausdrücklich mit einem Sachbezugswert von Null anzusetzen und daher steuerfrei.
165,1,,b21922bf6946f6f4,"Ein Versicherungsmakler vermittelt in seiner Freizeit regelmäßig Immobilien an Bekannte und erhält hierfür von den jeweiligen Immobilienbüros eine Tippgeber-Provision. Er schaltet keine Inserate, nutzt aber sein berufliches Netzwerk intensiv, um Käufer und Verkäufer zusammenzubringen. Im letzten Jahr erzielte er so fünf Provisionen. Sind diese Einkünfte als Einkünfte aus Gewerbebetrieb gemäß § 23 EStG zu werten?"
165,2,,b21922bf6946f6f4,"Ein Versicherungsmakler vermittelt in seiner Freizeit regelmäßig Immobilien an Bekannte und erhält hierfür von den jeweiligen Immobilienbüros eine Tippgeber-Provision. Er schaltet keine Inserate, nutzt aber sein berufliches Netzwerk intensiv, um Käufer und Verkäufer zusammenzubringen. Im letzten Jahr erzielte er so fünf Provisionen. Sind diese Einkünfte als Einkünfte aus Gewerbebetrieb gemäß § 23 EStG zu werten?"
165,3,,b21922bf6946f6f4,"Ein Versicherungsmakler vermittelt in seiner Freizeit regelmäßig Immobilien an Bekannte und erhält hierfür von den jeweiligen Immobilienbüros eine Tippgeber-Provision. Er schaltet keine Inserate, nutzt aber sein berufliches Netzwerk intensiv, um Käufer und Verkäufer zusammenzubringen. Im letzten Jahr erzielte er so fünf Provisionen. Sind diese Einkünfte als Einkünfte aus Gewerbebetrieb gemäß § 23 EStG zu werten?"
166,1,,2629a100773a51b5,Ein 60-jähriger Unternehmer überträgt seinen Gewerbebetrieb unentgeltlich an seine Tochter. Zum Betriebsvermögen gehört eine Betriebsliegenschaft im Wert von 1.200.000 Euro. Welcher Betrag bleibt steuerfrei und welche Bedingung muss die Tochter erfüllen?
166,2,,2629a100773a51b5,Ein 60-jähriger Unternehmer überträgt seinen Gewerbebetrieb unentgeltlich an seine Tochter. Zum Betriebsvermögen gehört eine Betriebsliegenschaft im Wert von 1.200.000 Euro. Welcher Betrag bleibt steuerfrei und welche Bedingung muss die Tochter erfüllen?
166,3,,2629a100773a51b5,Ein 60-jähriger Unternehmer überträgt seinen Gewerbebetrieb unentgeltlich an seine Tochter. Zum Betriebsvermögen gehört eine Betriebsliegenschaft im Wert von 1.200.000 Euro. Welcher Betrag bleibt steuerfrei und welche Bedingung muss die Tochter erfüllen?
167,1,,18e7a733c1745989,Ein in der Schweiz wohnender Privatanleger verkauft ein in Wien gelegenes Grundstück aus seinem Privatvermögen. Unterliegt der Veräußerungsgewinn in Österreich der beschränkten Steuerpflicht?
167,2,,18e7a733c1745989,Ein in der Schweiz wohnender Privatanleger verkauft ein in Wien gelegenes Grundstück aus seinem Privatvermögen. Unterliegt der Veräußerungsgewinn in Österreich der beschränkten Steuerpflicht?
167,3,,18e7a733c1745989,Ein in der Schweiz wohnender Privatanleger verkauft ein in Wien gelegenes Grundstück aus seinem Privatvermögen. Unterliegt der Veräußerungsgewinn in Österreich der beschränkten Steuerpflicht?
168,1,,168ccae88a3bcae8,Wie wird der Gewinn nach § 4 Abs. 1 EStG ermittelt?
168,2,,168ccae88a3bcae8,Wie wird der Gewinn nach § 4 Abs. 1 EStG ermittelt?
168,3,,168ccae88a3bcae8,Wie wird der Gewinn nach § 4 Abs. 1 EStG ermittelt?
169,1,,d18171e39193c851,"""Welche Regel gilt für Lagerungs- oder Umschlagsleistungen, die üblicherweise mit Transport verbunden sind, wenn der Empfänger ein Nichtunternehmer ist?"""
169,2,,d18171e39193c851,"""Welche Regel gilt für Lagerungs- oder Umschlagsleistungen, die üblicherweise mit Transport verbunden sind, wenn der Empfänger ein Nichtunternehmer ist?"""
169,3,,d18171e39193c851,"""Welche Regel gilt für Lagerungs- oder Umschlagsleistungen, die üblicherweise mit Transport verbunden sind, wenn der Empfänger ein Nichtunternehmer ist?"""
170,1,,76d6376b994c0764,"Arbeitgeberin A bezahlt ihrer Mitarbeiterin B das Klimaticket Österreich im Wert von 1.095 € jährlich. B pendelt von Mattersburg nach Wien und hat Anspruch auf ein Pendlerpauschale von 2.016 € pro Jahr. Da das Klimaticket steuerfrei ist, bleibt die volle Pendlerpauschale erhalten. Stimmt das?"
170,2,,76d6376b994c0764,"Arbeitgeberin A bezahlt ihrer Mitarbeiterin B das Klimaticket Österreich im Wert von 1.095 € jährlich. B pendelt von Mattersburg nach Wien und hat Anspruch auf ein Pendlerpauschale von 2.016 € pro Jahr. Da das Klimaticket steuerfrei ist, bleibt die volle Pendlerpauschale erhalten. Stimmt das?"
170,3,,76d6376b994c0764,"Arbeitgeberin A bezahlt ihrer Mitarbeiterin B das Klimaticket Österreich im Wert von 1.095 € jährlich. B pendelt von Mattersburg nach Wien und hat Anspruch auf ein Pendlerpauschale von 2.016 € pro Jahr. Da das Klimaticket steuerfrei ist, bleibt die volle Pendlerpauschale erhalten. Stimmt das?"
171,1,,e4f1a673f07a7779,Ein in Serbien wohnender Drittstaatsangehöriger erzielt nur österreichische Einkünfte und möchte die Behandlung als unbeschränkt Steuerpflichtiger nach § 1 Abs. 4 EStG 1988 beantragen. Ist das allein schon aufgrund seiner Staatsangehörigkeit ausgeschlossen?
171,2,,e4f1a673f07a7779,Ein in Serbien wohnender Drittstaatsangehöriger erzielt nur österreichische Einkünfte und möchte die Behandlung als unbeschränkt Steuerpflichtiger nach § 1 Abs. 4 EStG 1988 beantragen. Ist das allein schon aufgrund seiner Staatsangehörigkeit ausgeschlossen?
171,3,,e4f1a673f07a7779,Ein in Serbien wohnender Drittstaatsangehöriger erzielt nur österreichische Einkünfte und möchte die Behandlung als unbeschränkt Steuerpflichtiger nach § 1 Abs. 4 EStG 1988 beantragen. Ist das allein schon aufgrund seiner Staatsangehörigkeit ausgeschlossen?
172,1,,e698b674367a315c,"Herr Moser zieht von Österreich nach Deutschland (EU-Staat) und beantragt die Nichtfestsetzung der Wegzugsteuer auf seine Aktien. Fünf Jahre später kehrt er nach Österreich zurück, ohne die Aktien in der Zwischenzeit veräußert zu haben. Die Aktien haben im Ausland an Wert gewonnen. Was sind die steuerlichen Konsequenzen des Wiedereintritts in das österreichische Besteuerungsrecht nach § 27 EStG 1988?"
172,2,,e698b674367a315c,"Herr Moser zieht von Österreich nach Deutschland (EU-Staat) und beantragt die Nichtfestsetzung der Wegzugsteuer auf seine Aktien. Fünf Jahre später kehrt er nach Österreich zurück, ohne die Aktien in der Zwischenzeit veräußert zu haben. Die Aktien haben im Ausland an Wert gewonnen. Was sind die steuerlichen Konsequenzen des Wiedereintritts in das österreichische Besteuerungsrecht nach § 27 EStG 1988?"
172,3,,e698b674367a315c,"Herr Moser zieht von Österreich nach Deutschland (EU-Staat) und beantragt die Nichtfestsetzung der Wegzugsteuer auf seine Aktien. Fünf Jahre später kehrt er nach Österreich zurück, ohne die Aktien in der Zwischenzeit veräußert zu haben. Die Aktien haben im Ausland an Wert gewonnen. Was sind die steuerlichen Konsequenzen des Wiedereintritts in das österreichische Besteuerungsrecht nach § 27 EStG 1988?"
173,1,,e1a999bcc956382e,"Herr Ritter ist stiller Gesellschafter an einem Handelsunternehmen. In Jahr 1 erzielt er einen Verlustanteil von 8.000 Euro, in Jahr 2 einen Gewinnanteil von 3.000 Euro. Zusätzlich hat er in Jahr 2 Dividendeneinkünfte aus Aktien von 10.000 Euro. Wie ist der Verlust aus Jahr 1 zu behandeln, und kann er in Jahr 2 mit den Dividenden verrechnet werden?"
173,2,,e1a999bcc956382e,"Herr Ritter ist stiller Gesellschafter an einem Handelsunternehmen. In Jahr 1 erzielt er einen Verlustanteil von 8.000 Euro, in Jahr 2 einen Gewinnanteil von 3.000 Euro. Zusätzlich hat er in Jahr 2 Dividendeneinkünfte aus Aktien von 10.000 Euro. Wie ist der Verlust aus Jahr 1 zu behandeln, und kann er in Jahr 2 mit den Dividenden verrechnet werden?"
173,3,,e1a999bcc956382e,"Herr Ritter ist stiller Gesellschafter an einem Handelsunternehmen. In Jahr 1 erzielt er einen Verlustanteil von 8.000 Euro, in Jahr 2 einen Gewinnanteil von 3.000 Euro. Zusätzlich hat er in Jahr 2 Dividendeneinkünfte aus Aktien von 10.000 Euro. Wie ist der Verlust aus Jahr 1 zu behandeln, und kann er in Jahr 2 mit den Dividenden verrechnet werden?"
174,1,,3bc03e072ff5790d,"Ein gemeinnütziger Sportverein erhebt Teilnahmeentgelte für Trainingseinheiten, Wettkampfbetreuung und Nachwuchsförderung. Daneben betreibt derselbe Verein einen kommerziellen Fanshop und veranstaltet gegen Entgelt ein sommerliches Musikfestival ohne sportlichen Inhalt. Der Verein argumentiert, wegen seiner Gemeinnützigkeit müssten sämtliche Tätigkeiten von der Steuerbefreiung erfasst sein. Es ist die Reichweite der sportbezogenen Befreiung abzugrenzen."
174,2,,3bc03e072ff5790d,"Ein gemeinnütziger Sportverein erhebt Teilnahmeentgelte für Trainingseinheiten, Wettkampfbetreuung und Nachwuchsförderung. Daneben betreibt derselbe Verein einen kommerziellen Fanshop und veranstaltet gegen Entgelt ein sommerliches Musikfestival ohne sportlichen Inhalt. Der Verein argumentiert, wegen seiner Gemeinnützigkeit müssten sämtliche Tätigkeiten von der Steuerbefreiung erfasst sein. Es ist die Reichweite der sportbezogenen Befreiung abzugrenzen."
174,3,,3bc03e072ff5790d,"Ein gemeinnütziger Sportverein erhebt Teilnahmeentgelte für Trainingseinheiten, Wettkampfbetreuung und Nachwuchsförderung. Daneben betreibt derselbe Verein einen kommerziellen Fanshop und veranstaltet gegen Entgelt ein sommerliches Musikfestival ohne sportlichen Inhalt. Der Verein argumentiert, wegen seiner Gemeinnützigkeit müssten sämtliche Tätigkeiten von der Steuerbefreiung erfasst sein. Es ist die Reichweite der sportbezogenen Befreiung abzugrenzen."
175,1,,933a1c8f56536224,"Hat die Art der Einkommensverwendung (Ausschüttung, Entnahme etc.) Einfluss auf die Einkommensermittlung?"
175,2,,933a1c8f56536224,"Hat die Art der Einkommensverwendung (Ausschüttung, Entnahme etc.) Einfluss auf die Einkommensermittlung?"
175,3,,933a1c8f56536224,"Hat die Art der Einkommensverwendung (Ausschüttung, Entnahme etc.) Einfluss auf die Einkommensermittlung?"
176,1,,19d7894f3752ecba,"In der Firma XY will der Chef seinen Mitarbeitern einen wöchentlichen Yogakurs mit einer zertifizierten Yogalehrerin im Büro organisieren. Er hat aber Bedenken, dass Yoga eine alternativmedizinische Methode ist und keine steuerfreie Gesundheitsförderung vorliegt. Was kann er machen?"
176,2,,19d7894f3752ecba,"In der Firma XY will der Chef seinen Mitarbeitern einen wöchentlichen Yogakurs mit einer zertifizierten Yogalehrerin im Büro organisieren. Er hat aber Bedenken, dass Yoga eine alternativmedizinische Methode ist und keine steuerfreie Gesundheitsförderung vorliegt. Was kann er machen?"
176,3,,19d7894f3752ecba,"In der Firma XY will der Chef seinen Mitarbeitern einen wöchentlichen Yogakurs mit einer zertifizierten Yogalehrerin im Büro organisieren. Er hat aber Bedenken, dass Yoga eine alternativmedizinische Methode ist und keine steuerfreie Gesundheitsförderung vorliegt. Was kann er machen?"
177,1,,cd9f3c1cb1144a99,"Ein Unternehmer lässt Ware aus einem Drittland nach Österreich einführen. Neben dem Zollwert fallen bis zum ersten Bestimmungsort in der Union Beförderungs-, Versicherungs- und Verpackungskosten an. Bereits im Zeitpunkt der Entstehung der Einfuhrumsatzsteuer steht fest, dass die Ware unmittelbar nach einem ersten EU-Ort an einen weiteren bekannten Bestimmungsort innerhalb der Union weiterbefördert wird. Welche Nebenkosten sind nach § 5 UStG in die Bemessungsgrundlage einzubeziehen?"
177,2,,cd9f3c1cb1144a99,"Ein Unternehmer lässt Ware aus einem Drittland nach Österreich einführen. Neben dem Zollwert fallen bis zum ersten Bestimmungsort in der Union Beförderungs-, Versicherungs- und Verpackungskosten an. Bereits im Zeitpunkt der Entstehung der Einfuhrumsatzsteuer steht fest, dass die Ware unmittelbar nach einem ersten EU-Ort an einen weiteren bekannten Bestimmungsort innerhalb der Union weiterbefördert wird. Welche Nebenkosten sind nach § 5 UStG in die Bemessungsgrundlage einzubeziehen?"
177,3,,cd9f3c1cb1144a99,"Ein Unternehmer lässt Ware aus einem Drittland nach Österreich einführen. Neben dem Zollwert fallen bis zum ersten Bestimmungsort in der Union Beförderungs-, Versicherungs- und Verpackungskosten an. Bereits im Zeitpunkt der Entstehung der Einfuhrumsatzsteuer steht fest, dass die Ware unmittelbar nach einem ersten EU-Ort an einen weiteren bekannten Bestimmungsort innerhalb der Union weiterbefördert wird. Welche Nebenkosten sind nach § 5 UStG in die Bemessungsgrundlage einzubeziehen?"
178,1,,c23e150b82169848,Firma A stellt seiner Mitarbeiterin ein elektrisch betriebenes Auto zur Verfügung. Die Mitarbeiterin lädt das Auto bei einer öffentlichen Ladestation und gibt ihrem Arbeitgeber den Beleg mit den Kosten in der Höhe von 25 €. Dieser erstattet ihr diese. Liegt ein steuerpflichtiger Sachbezug vor?
178,2,,c23e150b82169848,Firma A stellt seiner Mitarbeiterin ein elektrisch betriebenes Auto zur Verfügung. Die Mitarbeiterin lädt das Auto bei einer öffentlichen Ladestation und gibt ihrem Arbeitgeber den Beleg mit den Kosten in der Höhe von 25 €. Dieser erstattet ihr diese. Liegt ein steuerpflichtiger Sachbezug vor?
178,3,,c23e150b82169848,Firma A stellt seiner Mitarbeiterin ein elektrisch betriebenes Auto zur Verfügung. Die Mitarbeiterin lädt das Auto bei einer öffentlichen Ladestation und gibt ihrem Arbeitgeber den Beleg mit den Kosten in der Höhe von 25 €. Dieser erstattet ihr diese. Liegt ein steuerpflichtiger Sachbezug vor?
179,1,,0ea2c204558bd153,Besteht Sozialversicherungspflicht auf Entgeltfortzahlungen?
179,2,,0ea2c204558bd153,Besteht Sozialversicherungspflicht auf Entgeltfortzahlungen?
179,3,,0ea2c204558bd153,Besteht Sozialversicherungspflicht auf Entgeltfortzahlungen?
180,1,,9069f749d424c1fa,"Ein in Spanien lebender Berater hat in Österreich weder Wohnsitz noch gewöhnlichen Aufenthalt. Wenn seine inländischen Einkünfte wegfallen, endet dann grundsätzlich auch die beschränkte Steuerpflicht?"
180,2,,9069f749d424c1fa,"Ein in Spanien lebender Berater hat in Österreich weder Wohnsitz noch gewöhnlichen Aufenthalt. Wenn seine inländischen Einkünfte wegfallen, endet dann grundsätzlich auch die beschränkte Steuerpflicht?"
180,3,,9069f749d424c1fa,"Ein in Spanien lebender Berater hat in Österreich weder Wohnsitz noch gewöhnlichen Aufenthalt. Wenn seine inländischen Einkünfte wegfallen, endet dann grundsätzlich auch die beschränkte Steuerpflicht?"
181,1,,ba863e8c1ec58699,Was ist die 'Option zur Steuerwirksamkeit' und wie wird sie ausgeübt?
181,2,,ba863e8c1ec58699,Was ist die 'Option zur Steuerwirksamkeit' und wie wird sie ausgeübt?
181,3,,ba863e8c1ec58699,Was ist die 'Option zur Steuerwirksamkeit' und wie wird sie ausgeübt?
182,1,,c7dd0ae5b3394465,„Ein österreichischer Rechtsanwalt erbringt eine Online-Rechtsberatung an eine Privatperson mit Wohnsitz in Japan. Die Beratung betrifft ein österreichisches Mietrecht und wird für ein Verfahren in Wien verwendet. Wo ist die Leistung steuerbar?“
182,2,,c7dd0ae5b3394465,„Ein österreichischer Rechtsanwalt erbringt eine Online-Rechtsberatung an eine Privatperson mit Wohnsitz in Japan. Die Beratung betrifft ein österreichisches Mietrecht und wird für ein Verfahren in Wien verwendet. Wo ist die Leistung steuerbar?“
182,3,,c7dd0ae5b3394465,„Ein österreichischer Rechtsanwalt erbringt eine Online-Rechtsberatung an eine Privatperson mit Wohnsitz in Japan. Die Beratung betrifft ein österreichisches Mietrecht und wird für ein Verfahren in Wien verwendet. Wo ist die Leistung steuerbar?“
183,1,,9511b0ca5ce69948,Herr Fuchs betreibt über seinen privaten Computer Staking für das Cardano-Netzwerk. Die Staking-Plattform bezeichnet die Erträge als ‚Interest Rewards'. In seiner Jahresabrechnung werden die Erträge auch als ‚Zinsen' ausgewiesen. Im Jahr 2026 erhält Herr Fuchs insgesamt 12.000 ADA als ‚Interest Rewards' gutgeschrieben. Der Marktwert zum jeweiligen Zuflusszeitpunkt beträgt insgesamt EUR 6.600. Herr Fuchs behandelt die Erträge als Zinsen aus Kapitalforderungen (§ 27 Abs. 2 Z 2 EStG) und beantragt im Rahmen der Veranlagung die Anrechnung der damit verbundenen DeFi-Transaktionskosten als Werbungskosten. Ist diese Einordnung korrekt?
183,2,,9511b0ca5ce69948,Herr Fuchs betreibt über seinen privaten Computer Staking für das Cardano-Netzwerk. Die Staking-Plattform bezeichnet die Erträge als ‚Interest Rewards'. In seiner Jahresabrechnung werden die Erträge auch als ‚Zinsen' ausgewiesen. Im Jahr 2026 erhält Herr Fuchs insgesamt 12.000 ADA als ‚Interest Rewards' gutgeschrieben. Der Marktwert zum jeweiligen Zuflusszeitpunkt beträgt insgesamt EUR 6.600. Herr Fuchs behandelt die Erträge als Zinsen aus Kapitalforderungen (§ 27 Abs. 2 Z 2 EStG) und beantragt im Rahmen der Veranlagung die Anrechnung der damit verbundenen DeFi-Transaktionskosten als Werbungskosten. Ist diese Einordnung korrekt?
183,3,,9511b0ca5ce69948,Herr Fuchs betreibt über seinen privaten Computer Staking für das Cardano-Netzwerk. Die Staking-Plattform bezeichnet die Erträge als ‚Interest Rewards'. In seiner Jahresabrechnung werden die Erträge auch als ‚Zinsen' ausgewiesen. Im Jahr 2026 erhält Herr Fuchs insgesamt 12.000 ADA als ‚Interest Rewards' gutgeschrieben. Der Marktwert zum jeweiligen Zuflusszeitpunkt beträgt insgesamt EUR 6.600. Herr Fuchs behandelt die Erträge als Zinsen aus Kapitalforderungen (§ 27 Abs. 2 Z 2 EStG) und beantragt im Rahmen der Veranlagung die Anrechnung der damit verbundenen DeFi-Transaktionskosten als Werbungskosten. Ist diese Einordnung korrekt?
184,1,,30bca966d8ac4f2a,"Welche Einschränkung gilt für den Betriebsausgabenabzug bei einer Körperschaft, die nur teilweise steuerpflichtig ist?"
184,2,,30bca966d8ac4f2a,"Welche Einschränkung gilt für den Betriebsausgabenabzug bei einer Körperschaft, die nur teilweise steuerpflichtig ist?"
184,3,,30bca966d8ac4f2a,"Welche Einschränkung gilt für den Betriebsausgabenabzug bei einer Körperschaft, die nur teilweise steuerpflichtig ist?"
185,1,,b2777c1fc1069c7b,"Ein ausgezeichneter Nachhilfelehrer baut sein Einzelunternehmen stark aus. Er unterrichtet selbst gar nicht mehr, sondern beschäftigt mittlerweile 20 angestellte Lehrer, für die er lediglich die Terminplanung und Abrechnung übernimmt. Er meint, Unterrichten sei ein freier Beruf. Liegt Gewerbebetrieb vor?"
185,2,,b2777c1fc1069c7b,"Ein ausgezeichneter Nachhilfelehrer baut sein Einzelunternehmen stark aus. Er unterrichtet selbst gar nicht mehr, sondern beschäftigt mittlerweile 20 angestellte Lehrer, für die er lediglich die Terminplanung und Abrechnung übernimmt. Er meint, Unterrichten sei ein freier Beruf. Liegt Gewerbebetrieb vor?"
185,3,,b2777c1fc1069c7b,"Ein ausgezeichneter Nachhilfelehrer baut sein Einzelunternehmen stark aus. Er unterrichtet selbst gar nicht mehr, sondern beschäftigt mittlerweile 20 angestellte Lehrer, für die er lediglich die Terminplanung und Abrechnung übernimmt. Er meint, Unterrichten sei ein freier Beruf. Liegt Gewerbebetrieb vor?"
186,1,,3142b645a0ae0e2a,Eine in Frankreich wohnende Person vermietet eine in Innsbruck gelegene Eigentumswohnung. Sind diese Einkünfte in Österreich beschränkt steuerpflichtig?
186,2,,3142b645a0ae0e2a,Eine in Frankreich wohnende Person vermietet eine in Innsbruck gelegene Eigentumswohnung. Sind diese Einkünfte in Österreich beschränkt steuerpflichtig?
186,3,,3142b645a0ae0e2a,Eine in Frankreich wohnende Person vermietet eine in Innsbruck gelegene Eigentumswohnung. Sind diese Einkünfte in Österreich beschränkt steuerpflichtig?
187,1,,0cbd84e317b501e8,Zählen Pensionszusagen auch zu meinem Arbeitslohn (Einkünften aus nichtselbständiger Arbeit)?
187,2,,0cbd84e317b501e8,Zählen Pensionszusagen auch zu meinem Arbeitslohn (Einkünften aus nichtselbständiger Arbeit)?
187,3,,0cbd84e317b501e8,Zählen Pensionszusagen auch zu meinem Arbeitslohn (Einkünften aus nichtselbständiger Arbeit)?
188,1,,348b070a0f1541b3,"""Wann gilt die Verwendung eines dem Unternehmen zugeordneten Gegenstandes für private Zwecke oder für den Bedarf des Personals als sonstige Leistung?"""
188,2,,348b070a0f1541b3,"""Wann gilt die Verwendung eines dem Unternehmen zugeordneten Gegenstandes für private Zwecke oder für den Bedarf des Personals als sonstige Leistung?"""
188,3,,348b070a0f1541b3,"""Wann gilt die Verwendung eines dem Unternehmen zugeordneten Gegenstandes für private Zwecke oder für den Bedarf des Personals als sonstige Leistung?"""
189,1,,b5c569a3b3a73d79,"Ein Käufer erwirbt ein Grundstück. Zusätzlich zahlt er an einen Dritten einen Geldbetrag dafür, dass dieser auf sein eigenes Interesse am Erwerb des Grundstückes verzichtet. Gehört diese Zahlung an den Dritten zur grunderwerbsteuerlichen Gegenleistung?"
189,2,,b5c569a3b3a73d79,"Ein Käufer erwirbt ein Grundstück. Zusätzlich zahlt er an einen Dritten einen Geldbetrag dafür, dass dieser auf sein eigenes Interesse am Erwerb des Grundstückes verzichtet. Gehört diese Zahlung an den Dritten zur grunderwerbsteuerlichen Gegenleistung?"
189,3,,b5c569a3b3a73d79,"Ein Käufer erwirbt ein Grundstück. Zusätzlich zahlt er an einen Dritten einen Geldbetrag dafür, dass dieser auf sein eigenes Interesse am Erwerb des Grundstückes verzichtet. Gehört diese Zahlung an den Dritten zur grunderwerbsteuerlichen Gegenleistung?"
190,1,,278bb398786af688,Was versteht man unter Einkünften aus Gewerbebetrieb (§ 23 EStG)?
190,2,,278bb398786af688,Was versteht man unter Einkünften aus Gewerbebetrieb (§ 23 EStG)?
190,3,,278bb398786af688,Was versteht man unter Einkünften aus Gewerbebetrieb (§ 23 EStG)?
191,1,,3e4a5992cac97b39,"Ein ausländisches Beratungsunternehmen erbringt kaufmännische Beratung in Österreich, ohne dort Betriebsstätte oder ständigen Vertreter zu haben. Sind diese Einkünfte dennoch in Österreich steuerpflichtig?"
191,2,,3e4a5992cac97b39,"Ein ausländisches Beratungsunternehmen erbringt kaufmännische Beratung in Österreich, ohne dort Betriebsstätte oder ständigen Vertreter zu haben. Sind diese Einkünfte dennoch in Österreich steuerpflichtig?"
191,3,,3e4a5992cac97b39,"Ein ausländisches Beratungsunternehmen erbringt kaufmännische Beratung in Österreich, ohne dort Betriebsstätte oder ständigen Vertreter zu haben. Sind diese Einkünfte dennoch in Österreich steuerpflichtig?"
192,1,,0adf02539f82251c,"""Ein Wiener Musiker überträgt die Rechte an einem Lied an einen Fan in Australien. Wo liegt der Leistungsort?"""
192,2,,0adf02539f82251c,"""Ein Wiener Musiker überträgt die Rechte an einem Lied an einen Fan in Australien. Wo liegt der Leistungsort?"""
192,3,,0adf02539f82251c,"""Ein Wiener Musiker überträgt die Rechte an einem Lied an einen Fan in Australien. Wo liegt der Leistungsort?"""
193,1,,13a3a073333553b4,"Ein österreichischer Unternehmer verkauft eine Maschine an eine österreichische AG und befördert sie mit eigenem Lkw direkt in die Schweiz. Ist die Lieferung nach § 7 UStG steuerfrei, obwohl der Abnehmer nicht ausländisch ist?"
193,2,,13a3a073333553b4,"Ein österreichischer Unternehmer verkauft eine Maschine an eine österreichische AG und befördert sie mit eigenem Lkw direkt in die Schweiz. Ist die Lieferung nach § 7 UStG steuerfrei, obwohl der Abnehmer nicht ausländisch ist?"
193,3,,13a3a073333553b4,"Ein österreichischer Unternehmer verkauft eine Maschine an eine österreichische AG und befördert sie mit eigenem Lkw direkt in die Schweiz. Ist die Lieferung nach § 7 UStG steuerfrei, obwohl der Abnehmer nicht ausländisch ist?"
194,1,,62f99c846e72ddc1,Was ist die sachliche Steuerpflicht nach § 2 EStG?
194,2,,62f99c846e72ddc1,Was ist die sachliche Steuerpflicht nach § 2 EStG?
194,3,,62f99c846e72ddc1,Was ist die sachliche Steuerpflicht nach § 2 EStG?
195,1,,b0e6cdd96d7a1f7a,"Ein Käufer erwirbt ein Grundstück, auf dem er sich verpflichtet, innerhalb von zwei Jahren ein Haus durch einen vom Verkäufer bestimmten Generalunternehmer bauen zu lassen (Bauherrenmodell). Worauf wird die Steuer berechnet?"
195,2,,b0e6cdd96d7a1f7a,"Ein Käufer erwirbt ein Grundstück, auf dem er sich verpflichtet, innerhalb von zwei Jahren ein Haus durch einen vom Verkäufer bestimmten Generalunternehmer bauen zu lassen (Bauherrenmodell). Worauf wird die Steuer berechnet?"
195,3,,b0e6cdd96d7a1f7a,"Ein Käufer erwirbt ein Grundstück, auf dem er sich verpflichtet, innerhalb von zwei Jahren ein Haus durch einen vom Verkäufer bestimmten Generalunternehmer bauen zu lassen (Bauherrenmodell). Worauf wird die Steuer berechnet?"
196,1,,ccde0d5cc9165dc3,Was ist die Rechtsgrundlage für die Kapitalertragsteuer auf Zinsen?
196,2,,ccde0d5cc9165dc3,Was ist die Rechtsgrundlage für die Kapitalertragsteuer auf Zinsen?
196,3,,ccde0d5cc9165dc3,Was ist die Rechtsgrundlage für die Kapitalertragsteuer auf Zinsen?
197,1,,d6e43916bab12b3b,"""Ein französischer Streaming-Anbieter verkauft ein Monatsabo für Filme an eine Privatperson, die in Wien lebt. Wo ist der Ort der Leistung für die Umsatzsteuer und warum?"""
197,2,,d6e43916bab12b3b,"""Ein französischer Streaming-Anbieter verkauft ein Monatsabo für Filme an eine Privatperson, die in Wien lebt. Wo ist der Ort der Leistung für die Umsatzsteuer und warum?"""
197,3,,d6e43916bab12b3b,"""Ein französischer Streaming-Anbieter verkauft ein Monatsabo für Filme an eine Privatperson, die in Wien lebt. Wo ist der Ort der Leistung für die Umsatzsteuer und warum?"""
198,1,,52e061ce8da9ced5,Ein in Liechtenstein ansässiger Unternehmer unterhält in Österreich eine Betriebsstätte. Unterliegen die damit erzielten gewerblichen Einkünfte in Österreich der beschränkten Steuerpflicht?
198,2,,52e061ce8da9ced5,Ein in Liechtenstein ansässiger Unternehmer unterhält in Österreich eine Betriebsstätte. Unterliegen die damit erzielten gewerblichen Einkünfte in Österreich der beschränkten Steuerpflicht?
198,3,,52e061ce8da9ced5,Ein in Liechtenstein ansässiger Unternehmer unterhält in Österreich eine Betriebsstätte. Unterliegen die damit erzielten gewerblichen Einkünfte in Österreich der beschränkten Steuerpflicht?
199,1,,e08f115bcc8778c3,"Frau Lang erhält von ihrer österreichischen Privatstiftung eine Zuwendung in Form einer Immobilie (Verkehrswert: 300.000 Euro, Anschaffungskosten in der Stiftung: 200.000 Euro). Gleichzeitig übernimmt Frau Lang eine auf der Immobilie lastende Hypothek von 80.000 Euro. Wie ist die Zuwendung nach § 27 EStG 1988 zu behandeln?"
199,2,,e08f115bcc8778c3,"Frau Lang erhält von ihrer österreichischen Privatstiftung eine Zuwendung in Form einer Immobilie (Verkehrswert: 300.000 Euro, Anschaffungskosten in der Stiftung: 200.000 Euro). Gleichzeitig übernimmt Frau Lang eine auf der Immobilie lastende Hypothek von 80.000 Euro. Wie ist die Zuwendung nach § 27 EStG 1988 zu behandeln?"
199,3,,e08f115bcc8778c3,"Frau Lang erhält von ihrer österreichischen Privatstiftung eine Zuwendung in Form einer Immobilie (Verkehrswert: 300.000 Euro, Anschaffungskosten in der Stiftung: 200.000 Euro). Gleichzeitig übernimmt Frau Lang eine auf der Immobilie lastende Hypothek von 80.000 Euro. Wie ist die Zuwendung nach § 27 EStG 1988 zu behandeln?"
200,1,,db860d721df13990,Was ist die Basispauschalierung (§ 17 EStG)?
200,2,,db860d721df13990,Was ist die Basispauschalierung (§ 17 EStG)?
200,3,,db860d721df13990,Was ist die Basispauschalierung (§ 17 EStG)?
201,1,,dc72fac352474af7,"Ein Weinbauer betreibt einen Heurigen, in dem er überwiegend eigenen Wein ausschenkt. Um das Angebot abzurunden, kauft er jedoch in erheblichem Umfang (über 25 % des Umsatzes) Limonaden, Bier und Fleischwaren von fremden Erzeugern zu und verkauft diese an seine Gäste weiter. Sind die Einkünfte aus diesem Zukaufgeschäft als Einkünfte aus Land- und Forstwirtschaft oder als Einkünfte aus Gewerbebetrieb gemäß § 23 EStG einzustufen?"
201,2,,dc72fac352474af7,"Ein Weinbauer betreibt einen Heurigen, in dem er überwiegend eigenen Wein ausschenkt. Um das Angebot abzurunden, kauft er jedoch in erheblichem Umfang (über 25 % des Umsatzes) Limonaden, Bier und Fleischwaren von fremden Erzeugern zu und verkauft diese an seine Gäste weiter. Sind die Einkünfte aus diesem Zukaufgeschäft als Einkünfte aus Land- und Forstwirtschaft oder als Einkünfte aus Gewerbebetrieb gemäß § 23 EStG einzustufen?"
201,3,,dc72fac352474af7,"Ein Weinbauer betreibt einen Heurigen, in dem er überwiegend eigenen Wein ausschenkt. Um das Angebot abzurunden, kauft er jedoch in erheblichem Umfang (über 25 % des Umsatzes) Limonaden, Bier und Fleischwaren von fremden Erzeugern zu und verkauft diese an seine Gäste weiter. Sind die Einkünfte aus diesem Zukaufgeschäft als Einkünfte aus Land- und Forstwirtschaft oder als Einkünfte aus Gewerbebetrieb gemäß § 23 EStG einzustufen?"
202,1,,ce30024c95e3fca7,"Welche Konsequenz hat es, wenn eine österreichische Körperschaft in Österreich und in Deutschland unbeschränkt steuerpflichtig ist und als Gruppenträger fungieren möchte?"
202,2,,ce30024c95e3fca7,"Welche Konsequenz hat es, wenn eine österreichische Körperschaft in Österreich und in Deutschland unbeschränkt steuerpflichtig ist und als Gruppenträger fungieren möchte?"
202,3,,ce30024c95e3fca7,"Welche Konsequenz hat es, wenn eine österreichische Körperschaft in Österreich und in Deutschland unbeschränkt steuerpflichtig ist und als Gruppenträger fungieren möchte?"
203,1,,6db2f5ba0baea6be,Ein Unternehmer ordnet ein Bürogebäude seinem Unternehmen zu; bei Anschaffung bestand ein teilweiser Vorsteuerabzug. Später nutzt er einen Teil des Gebäudes unentgeltlich privat. Wird diese Verwendung nach § 3a Abs. 1a Z 1 einer sonstigen Leistung gegen Entgelt gleichgestellt?
203,2,,6db2f5ba0baea6be,Ein Unternehmer ordnet ein Bürogebäude seinem Unternehmen zu; bei Anschaffung bestand ein teilweiser Vorsteuerabzug. Später nutzt er einen Teil des Gebäudes unentgeltlich privat. Wird diese Verwendung nach § 3a Abs. 1a Z 1 einer sonstigen Leistung gegen Entgelt gleichgestellt?
203,3,,6db2f5ba0baea6be,Ein Unternehmer ordnet ein Bürogebäude seinem Unternehmen zu; bei Anschaffung bestand ein teilweiser Vorsteuerabzug. Später nutzt er einen Teil des Gebäudes unentgeltlich privat. Wird diese Verwendung nach § 3a Abs. 1a Z 1 einer sonstigen Leistung gegen Entgelt gleichgestellt?
204,1,,57ca87b9feb957ef,Herr Fuchs betreibt über seinen privaten Computer Staking für das Cardano-Netzwerk. Die Staking-Plattform bezeichnet die Erträge als ‚Interest Rewards'. In seiner Jahresabrechnung werden die Erträge auch als ‚Zinsen' ausgewiesen. Im Jahr 2026 erhält Herr Fuchs insgesamt 12.000 ADA als ‚Interest Rewards' gutgeschrieben. Der Marktwert zum jeweiligen Zuflusszeitpunkt beträgt insgesamt EUR 6.600. Herr Fuchs behandelt die Erträge als Zinsen aus Kapitalforderungen (§ 27 Abs. 2 Z 2 EStG) und beantragt im Rahmen der Veranlagung die Anrechnung der damit verbundenen DeFi-Transaktionskosten als Werbungskosten. Ist diese Einordnung korrekt?
204,2,,57ca87b9feb957ef,Herr Fuchs betreibt über seinen privaten Computer Staking für das Cardano-Netzwerk. Die Staking-Plattform bezeichnet die Erträge als ‚Interest Rewards'. In seiner Jahresabrechnung werden die Erträge auch als ‚Zinsen' ausgewiesen. Im Jahr 2026 erhält Herr Fuchs insgesamt 12.000 ADA als ‚Interest Rewards' gutgeschrieben. Der Marktwert zum jeweiligen Zuflusszeitpunkt beträgt insgesamt EUR 6.600. Herr Fuchs behandelt die Erträge als Zinsen aus Kapitalforderungen (§ 27 Abs. 2 Z 2 EStG) und beantragt im Rahmen der Veranlagung die Anrechnung der damit verbundenen DeFi-Transaktionskosten als Werbungskosten. Ist diese Einordnung korrekt?
204,3,,57ca87b9feb957ef,Herr Fuchs betreibt über seinen privaten Computer Staking für das Cardano-Netzwerk. Die Staking-Plattform bezeichnet die Erträge als ‚Interest Rewards'. In seiner Jahresabrechnung werden die Erträge auch als ‚Zinsen' ausgewiesen. Im Jahr 2026 erhält Herr Fuchs insgesamt 12.000 ADA als ‚Interest Rewards' gutgeschrieben. Der Marktwert zum jeweiligen Zuflusszeitpunkt beträgt insgesamt EUR 6.600. Herr Fuchs behandelt die Erträge als Zinsen aus Kapitalforderungen (§ 27 Abs. 2 Z 2 EStG) und beantragt im Rahmen der Veranlagung die Anrechnung der damit verbundenen DeFi-Transaktionskosten als Werbungskosten. Ist diese Einordnung korrekt?
205,1,,dfea10c4f5d067d9,Mit einem Betriebsgrundstück wird auch eine große fest installierte Produktionsmaschine mitübertragen. Gehört diese Maschine für Zwecke des GrEStG automatisch zum Grundstück?
205,2,,dfea10c4f5d067d9,Mit einem Betriebsgrundstück wird auch eine große fest installierte Produktionsmaschine mitübertragen. Gehört diese Maschine für Zwecke des GrEStG automatisch zum Grundstück?
205,3,,dfea10c4f5d067d9,Mit einem Betriebsgrundstück wird auch eine große fest installierte Produktionsmaschine mitübertragen. Gehört diese Maschine für Zwecke des GrEStG automatisch zum Grundstück?
206,1,,f2ded10233df4371,"Ein Versicherungsmakler vermittelt in seiner Freizeit regelmäßig Immobilien an Bekannte und erhält hierfür von den jeweiligen Immobilienbüros eine Tippgeber-Provision. Er schaltet keine Inserate, nutzt aber sein berufliches Netzwerk intensiv, um Käufer und Verkäufer zusammenzubringen. Im letzten Jahr erzielte er so fünf Provisionen. Sind diese Einkünfte als Einkünfte aus Gewerbebetrieb gemäß § 23 EStG zu werten?"
206,2,,f2ded10233df4371,"Ein Versicherungsmakler vermittelt in seiner Freizeit regelmäßig Immobilien an Bekannte und erhält hierfür von den jeweiligen Immobilienbüros eine Tippgeber-Provision. Er schaltet keine Inserate, nutzt aber sein berufliches Netzwerk intensiv, um Käufer und Verkäufer zusammenzubringen. Im letzten Jahr erzielte er so fünf Provisionen. Sind diese Einkünfte als Einkünfte aus Gewerbebetrieb gemäß § 23 EStG zu werten?"
206,3,,f2ded10233df4371,"Ein Versicherungsmakler vermittelt in seiner Freizeit regelmäßig Immobilien an Bekannte und erhält hierfür von den jeweiligen Immobilienbüros eine Tippgeber-Provision. Er schaltet keine Inserate, nutzt aber sein berufliches Netzwerk intensiv, um Käufer und Verkäufer zusammenzubringen. Im letzten Jahr erzielte er so fünf Provisionen. Sind diese Einkünfte als Einkünfte aus Gewerbebetrieb gemäß § 23 EStG zu werten?"
207,1,,012bb750d042f789,Muss die Höhe der nicht in Österreich steuerpflichtigen Auslandseinkünfte für den Antrag nach § 1 Abs. 4 EStG 1988 nachgewiesen werden?
207,2,,012bb750d042f789,Muss die Höhe der nicht in Österreich steuerpflichtigen Auslandseinkünfte für den Antrag nach § 1 Abs. 4 EStG 1988 nachgewiesen werden?
207,3,,012bb750d042f789,Muss die Höhe der nicht in Österreich steuerpflichtigen Auslandseinkünfte für den Antrag nach § 1 Abs. 4 EStG 1988 nachgewiesen werden?
208,1,,0110040656a1c688,"""Frau Becker mietet einen PKW für 25 Tage in München. Wo gilt die Vermietung steuerlich als ausgeführt?"""
208,2,,0110040656a1c688,"""Frau Becker mietet einen PKW für 25 Tage in München. Wo gilt die Vermietung steuerlich als ausgeführt?"""
208,3,,0110040656a1c688,"""Frau Becker mietet einen PKW für 25 Tage in München. Wo gilt die Vermietung steuerlich als ausgeführt?"""
209,1,,c7eabd6ea21bfcbb,"Ein Superädifikat, also ein Gebäude auf fremdem Boden, wird an einen neuen Erwerber übertragen. Gilt ein solches Gebäude nach dem GrEStG als Grundstück?"
209,2,,c7eabd6ea21bfcbb,"Ein Superädifikat, also ein Gebäude auf fremdem Boden, wird an einen neuen Erwerber übertragen. Gilt ein solches Gebäude nach dem GrEStG als Grundstück?"
209,3,,c7eabd6ea21bfcbb,"Ein Superädifikat, also ein Gebäude auf fremdem Boden, wird an einen neuen Erwerber übertragen. Gilt ein solches Gebäude nach dem GrEStG als Grundstück?"
210,1,,45cfa47a54735d09,Sind Fremdfinanzierungszinsen für den Erwerb einer steuerbefreiten Beteiligung als Betriebsausgabe abzugsfähig?
210,2,,45cfa47a54735d09,Sind Fremdfinanzierungszinsen für den Erwerb einer steuerbefreiten Beteiligung als Betriebsausgabe abzugsfähig?
210,3,,45cfa47a54735d09,Sind Fremdfinanzierungszinsen für den Erwerb einer steuerbefreiten Beteiligung als Betriebsausgabe abzugsfähig?
211,1,,877f008b65522de3,Was zählt zu den Einkünften aus nichtselbstständiger Arbeit (§ 25 EStG)?
211,2,,877f008b65522de3,Was zählt zu den Einkünften aus nichtselbstständiger Arbeit (§ 25 EStG)?
211,3,,877f008b65522de3,Was zählt zu den Einkünften aus nichtselbstständiger Arbeit (§ 25 EStG)?
212,1,,545c14e8b782da87,"Ein ehemaliger Geschäftsführer erhält nach seiner Pensionierung eine einmalige „Dankeszahlung“ aus dem Pensionsfonds der Firma, ohne vertraglichen Anspruch. Zählt diese Zahlung trotzdem als Arbeitslohn?"
212,2,,545c14e8b782da87,"Ein ehemaliger Geschäftsführer erhält nach seiner Pensionierung eine einmalige „Dankeszahlung“ aus dem Pensionsfonds der Firma, ohne vertraglichen Anspruch. Zählt diese Zahlung trotzdem als Arbeitslohn?"
212,3,,545c14e8b782da87,"Ein ehemaliger Geschäftsführer erhält nach seiner Pensionierung eine einmalige „Dankeszahlung“ aus dem Pensionsfonds der Firma, ohne vertraglichen Anspruch. Zählt diese Zahlung trotzdem als Arbeitslohn?"
213,1,,95fc7a7f45e30ad0,Eine erfolgreiche Rockband (freiberuflich tätig als Künstler) verkauft bei ihren Konzerten in großem Stil T-Shirts und Kappen mit ihrem Logo. Der Umsatz aus diesem Merchandise-Verkauf macht mittlerweile 50 % ihrer Gesamteinnahmen aus. Ist der Verkauf der T-Shirts steuerlich als Gewerbebetrieb zu werten?
213,2,,95fc7a7f45e30ad0,Eine erfolgreiche Rockband (freiberuflich tätig als Künstler) verkauft bei ihren Konzerten in großem Stil T-Shirts und Kappen mit ihrem Logo. Der Umsatz aus diesem Merchandise-Verkauf macht mittlerweile 50 % ihrer Gesamteinnahmen aus. Ist der Verkauf der T-Shirts steuerlich als Gewerbebetrieb zu werten?
213,3,,95fc7a7f45e30ad0,Eine erfolgreiche Rockband (freiberuflich tätig als Künstler) verkauft bei ihren Konzerten in großem Stil T-Shirts und Kappen mit ihrem Logo. Der Umsatz aus diesem Merchandise-Verkauf macht mittlerweile 50 % ihrer Gesamteinnahmen aus. Ist der Verkauf der T-Shirts steuerlich als Gewerbebetrieb zu werten?
214,1,,24326e47a0f174a8,"Welche Unterschiede bestehen bei der Verlustverrechnung zwischen einem inländischen und einem ausländischen Gruppenmitglied hinsichtlich Höhe, Grenze und Nachversteuerung?"
214,2,,24326e47a0f174a8,"Welche Unterschiede bestehen bei der Verlustverrechnung zwischen einem inländischen und einem ausländischen Gruppenmitglied hinsichtlich Höhe, Grenze und Nachversteuerung?"
214,3,,24326e47a0f174a8,"Welche Unterschiede bestehen bei der Verlustverrechnung zwischen einem inländischen und einem ausländischen Gruppenmitglied hinsichtlich Höhe, Grenze und Nachversteuerung?"
215,1,,20e2a6bf198f49bd,"""Ein Software-Developer in Österreich entwickelt ein SaaS für ein Unternehmen aus Japan. Wo ist die Leistung steuerpflichtig?"""
215,2,,20e2a6bf198f49bd,"""Ein Software-Developer in Österreich entwickelt ein SaaS für ein Unternehmen aus Japan. Wo ist die Leistung steuerpflichtig?"""
215,3,,20e2a6bf198f49bd,"""Ein Software-Developer in Österreich entwickelt ein SaaS für ein Unternehmen aus Japan. Wo ist die Leistung steuerpflichtig?"""
216,1,,e3a0dfb2e2cd70dc,"Nach dem Tod eines Mannes erbt seine eingetragene Partnerin dessen Anteil an der gemeinsamen Eigentumswohnung (120 m² Wohnnutzfläche), in der beide bis zuletzt gelebt haben. Fällt für diesen Erwerb von Todes wegen Grunderwerbsteuer an?"
216,2,,e3a0dfb2e2cd70dc,"Nach dem Tod eines Mannes erbt seine eingetragene Partnerin dessen Anteil an der gemeinsamen Eigentumswohnung (120 m² Wohnnutzfläche), in der beide bis zuletzt gelebt haben. Fällt für diesen Erwerb von Todes wegen Grunderwerbsteuer an?"
216,3,,e3a0dfb2e2cd70dc,"Nach dem Tod eines Mannes erbt seine eingetragene Partnerin dessen Anteil an der gemeinsamen Eigentumswohnung (120 m² Wohnnutzfläche), in der beide bis zuletzt gelebt haben. Fällt für diesen Erwerb von Todes wegen Grunderwerbsteuer an?"
217,1,,098bdea010317a77,Was bedeutet bei Auslandseinkünften eines in Österreich ansässigen Steuerpflichtigen die Befreiungsmethode?
217,2,,098bdea010317a77,Was bedeutet bei Auslandseinkünften eines in Österreich ansässigen Steuerpflichtigen die Befreiungsmethode?
217,3,,098bdea010317a77,Was bedeutet bei Auslandseinkünften eines in Österreich ansässigen Steuerpflichtigen die Befreiungsmethode?
218,1,,3f6b39dff26d3e90,Kann eine Körperschaft mit abweichendem Wirtschaftsjahr ihre Verlustvorträge unbegrenzt mit dem Jahresgewinn verrechnen?
218,2,,3f6b39dff26d3e90,Kann eine Körperschaft mit abweichendem Wirtschaftsjahr ihre Verlustvorträge unbegrenzt mit dem Jahresgewinn verrechnen?
218,3,,3f6b39dff26d3e90,Kann eine Körperschaft mit abweichendem Wirtschaftsjahr ihre Verlustvorträge unbegrenzt mit dem Jahresgewinn verrechnen?
219,1,,9d523193971ef2a6,Muss die Höhe der nicht in Österreich steuerpflichtigen Auslandseinkünfte für den Antrag nach § 1 Abs. 4 EStG 1988 nachgewiesen werden?
219,2,,9d523193971ef2a6,Muss die Höhe der nicht in Österreich steuerpflichtigen Auslandseinkünfte für den Antrag nach § 1 Abs. 4 EStG 1988 nachgewiesen werden?
219,3,,9d523193971ef2a6,Muss die Höhe der nicht in Österreich steuerpflichtigen Auslandseinkünfte für den Antrag nach § 1 Abs. 4 EStG 1988 nachgewiesen werden?
220,1,,db8a275fe9f8b48d,Ein in der Schweiz wohnender Privatanleger verkauft ein in Wien gelegenes Grundstück aus seinem Privatvermögen. Unterliegt der Veräußerungsgewinn in Österreich der beschränkten Steuerpflicht?
220,2,,db8a275fe9f8b48d,Ein in der Schweiz wohnender Privatanleger verkauft ein in Wien gelegenes Grundstück aus seinem Privatvermögen. Unterliegt der Veräußerungsgewinn in Österreich der beschränkten Steuerpflicht?
220,3,,db8a275fe9f8b48d,Ein in der Schweiz wohnender Privatanleger verkauft ein in Wien gelegenes Grundstück aus seinem Privatvermögen. Unterliegt der Veräußerungsgewinn in Österreich der beschränkten Steuerpflicht?
221,1,,22fe496227c1ec08,"Ein Unternehmer liefert eine elektronische Fachpublikation per Download. Die Datei besteht überwiegend aus Text und Grafiken, enthält aber zusätzlich kurze eingebettete Videoclips; Werbezwecke verfolgt sie nicht. Ist der 10%-Satz anwendbar?"
221,2,,22fe496227c1ec08,"Ein Unternehmer liefert eine elektronische Fachpublikation per Download. Die Datei besteht überwiegend aus Text und Grafiken, enthält aber zusätzlich kurze eingebettete Videoclips; Werbezwecke verfolgt sie nicht. Ist der 10%-Satz anwendbar?"
221,3,,22fe496227c1ec08,"Ein Unternehmer liefert eine elektronische Fachpublikation per Download. Die Datei besteht überwiegend aus Text und Grafiken, enthält aber zusätzlich kurze eingebettete Videoclips; Werbezwecke verfolgt sie nicht. Ist der 10%-Satz anwendbar?"
222,1,,693f3db1e16135e0,"Ein Unternehmer erhält vom Auftraggeber gebrauchte Messingplatten, entfernt Oxidationsschichten, glättet die Oberfläche und schneidet sie auf passende Maße zu. Nach der Behandlung können die Platten weiterhin nur als Messingplatten derselben Marktgattung verkauft werden; eine neue eigenständige Marktgängigkeit entsteht nicht. Liegt eine Bearbeitung oder Verarbeitung im Sinne des § 3 Abs. 6 vor?"
222,2,,693f3db1e16135e0,"Ein Unternehmer erhält vom Auftraggeber gebrauchte Messingplatten, entfernt Oxidationsschichten, glättet die Oberfläche und schneidet sie auf passende Maße zu. Nach der Behandlung können die Platten weiterhin nur als Messingplatten derselben Marktgattung verkauft werden; eine neue eigenständige Marktgängigkeit entsteht nicht. Liegt eine Bearbeitung oder Verarbeitung im Sinne des § 3 Abs. 6 vor?"
222,3,,693f3db1e16135e0,"Ein Unternehmer erhält vom Auftraggeber gebrauchte Messingplatten, entfernt Oxidationsschichten, glättet die Oberfläche und schneidet sie auf passende Maße zu. Nach der Behandlung können die Platten weiterhin nur als Messingplatten derselben Marktgattung verkauft werden; eine neue eigenständige Marktgängigkeit entsteht nicht. Liegt eine Bearbeitung oder Verarbeitung im Sinne des § 3 Abs. 6 vor?"
223,1,,8781dd7da67e7f40,Eine in Deutschland ansässige GmbH schließt das Umsatzgeschäft über eine Ware über ihre im Inland gelegene Zweigniederlassung in eigenem Namen ab; die Ware wird anschließend in die Schweiz verbracht. Ist diese Zweigniederlassung ausländischer Abnehmer iSd § 7?
223,2,,8781dd7da67e7f40,Eine in Deutschland ansässige GmbH schließt das Umsatzgeschäft über eine Ware über ihre im Inland gelegene Zweigniederlassung in eigenem Namen ab; die Ware wird anschließend in die Schweiz verbracht. Ist diese Zweigniederlassung ausländischer Abnehmer iSd § 7?
223,3,,8781dd7da67e7f40,Eine in Deutschland ansässige GmbH schließt das Umsatzgeschäft über eine Ware über ihre im Inland gelegene Zweigniederlassung in eigenem Namen ab; die Ware wird anschließend in die Schweiz verbracht. Ist diese Zweigniederlassung ausländischer Abnehmer iSd § 7?
224,1,,58c53f663dbcf1a7,"Ein Manager eines Start‑ups hält 10 % der Unternehmensanteile, hat aber keinen formellen Arbeitsvertrag. Sind seine laufenden Vergütungen Einkünfte aus nichtselbständiger Arbeit?"
224,2,,58c53f663dbcf1a7,"Ein Manager eines Start‑ups hält 10 % der Unternehmensanteile, hat aber keinen formellen Arbeitsvertrag. Sind seine laufenden Vergütungen Einkünfte aus nichtselbständiger Arbeit?"
224,3,,58c53f663dbcf1a7,"Ein Manager eines Start‑ups hält 10 % der Unternehmensanteile, hat aber keinen formellen Arbeitsvertrag. Sind seine laufenden Vergütungen Einkünfte aus nichtselbständiger Arbeit?"
225,1,,32747cf7b763c26d,"Ein Käufer und ein Verkäufer unterzeichnen am 15. März 2025 einen Kaufvertrag über ein Grundstück. Der Vertrag enthält jedoch die aufschiebende Bedingung, dass der Käufer bis 30. Juni 2025 eine Baugenehmigung für sein geplantes Projekt erhält. Die Baugenehmigung wird am 20. Mai 2025 erteilt. Wann entsteht die Grunderwerbsteuerschuld?"
225,2,,32747cf7b763c26d,"Ein Käufer und ein Verkäufer unterzeichnen am 15. März 2025 einen Kaufvertrag über ein Grundstück. Der Vertrag enthält jedoch die aufschiebende Bedingung, dass der Käufer bis 30. Juni 2025 eine Baugenehmigung für sein geplantes Projekt erhält. Die Baugenehmigung wird am 20. Mai 2025 erteilt. Wann entsteht die Grunderwerbsteuerschuld?"
225,3,,32747cf7b763c26d,"Ein Käufer und ein Verkäufer unterzeichnen am 15. März 2025 einen Kaufvertrag über ein Grundstück. Der Vertrag enthält jedoch die aufschiebende Bedingung, dass der Käufer bis 30. Juni 2025 eine Baugenehmigung für sein geplantes Projekt erhält. Die Baugenehmigung wird am 20. Mai 2025 erteilt. Wann entsteht die Grunderwerbsteuerschuld?"
226,1,,9be2ec48e536590f,Was sind Einkünfte aus selbstständiger Arbeit nach § 22 EStG?
226,2,,9be2ec48e536590f,Was sind Einkünfte aus selbstständiger Arbeit nach § 22 EStG?
226,3,,9be2ec48e536590f,Was sind Einkünfte aus selbstständiger Arbeit nach § 22 EStG?
227,1,,fa0ae526fdbe439e,"Herr Pfeifer betreibt einen kleinen Onlineshop als Einzelunternehmer (Einkünfte aus Gewerbebetrieb, § 23 EStG). Im Jahr 2024 hat er im Rahmen seines Unternehmens 5 BTC angeschafft (zu je EUR 30.000), die er als Betriebsvermögen bilanziert, weil er sie ursprünglich als Zahlungsmittel für Lieferantenrechnungen nutzen wollte. Tatsächlich hat er die BTC nie zu Zahlungszwecken verwendet. Im März 2026 verkauft er alle 5 BTC zu EUR 65.000 pro Stück. Herr Pfeifer ist der Meinung, der Gewinn sei mit dem Sondersteuersatz von 27,5 % begünstigt, da es sich um Kryptowährungen handle und § 27b EStG anzuwenden sei. Hat er Recht?"
227,2,,fa0ae526fdbe439e,"Herr Pfeifer betreibt einen kleinen Onlineshop als Einzelunternehmer (Einkünfte aus Gewerbebetrieb, § 23 EStG). Im Jahr 2024 hat er im Rahmen seines Unternehmens 5 BTC angeschafft (zu je EUR 30.000), die er als Betriebsvermögen bilanziert, weil er sie ursprünglich als Zahlungsmittel für Lieferantenrechnungen nutzen wollte. Tatsächlich hat er die BTC nie zu Zahlungszwecken verwendet. Im März 2026 verkauft er alle 5 BTC zu EUR 65.000 pro Stück. Herr Pfeifer ist der Meinung, der Gewinn sei mit dem Sondersteuersatz von 27,5 % begünstigt, da es sich um Kryptowährungen handle und § 27b EStG anzuwenden sei. Hat er Recht?"
227,3,,fa0ae526fdbe439e,"Herr Pfeifer betreibt einen kleinen Onlineshop als Einzelunternehmer (Einkünfte aus Gewerbebetrieb, § 23 EStG). Im Jahr 2024 hat er im Rahmen seines Unternehmens 5 BTC angeschafft (zu je EUR 30.000), die er als Betriebsvermögen bilanziert, weil er sie ursprünglich als Zahlungsmittel für Lieferantenrechnungen nutzen wollte. Tatsächlich hat er die BTC nie zu Zahlungszwecken verwendet. Im März 2026 verkauft er alle 5 BTC zu EUR 65.000 pro Stück. Herr Pfeifer ist der Meinung, der Gewinn sei mit dem Sondersteuersatz von 27,5 % begünstigt, da es sich um Kryptowährungen handle und § 27b EStG anzuwenden sei. Hat er Recht?"
228,1,,3ed6e4c5cf2f633f,"„Ein Kunde übergibt einem Schneider Stoff zur Anfertigung eines Anzugs. Der Schneider gibt ihm jedoch einen bereits fertigen, gleichartigen Anzug aus seinem Bestand und verrechnet einen festen Werklohn. Wie ist die Leistung zu beurteilen?“"
228,2,,3ed6e4c5cf2f633f,"„Ein Kunde übergibt einem Schneider Stoff zur Anfertigung eines Anzugs. Der Schneider gibt ihm jedoch einen bereits fertigen, gleichartigen Anzug aus seinem Bestand und verrechnet einen festen Werklohn. Wie ist die Leistung zu beurteilen?“"
228,3,,3ed6e4c5cf2f633f,"„Ein Kunde übergibt einem Schneider Stoff zur Anfertigung eines Anzugs. Der Schneider gibt ihm jedoch einen bereits fertigen, gleichartigen Anzug aus seinem Bestand und verrechnet einen festen Werklohn. Wie ist die Leistung zu beurteilen?“"
229,1,,e8359f959ed923e5,Kann eine Körperschaft mit abweichendem Wirtschaftsjahr ihre Verlustvorträge unbegrenzt mit dem Jahresgewinn verrechnen?
229,2,,e8359f959ed923e5,Kann eine Körperschaft mit abweichendem Wirtschaftsjahr ihre Verlustvorträge unbegrenzt mit dem Jahresgewinn verrechnen?
229,3,,e8359f959ed923e5,Kann eine Körperschaft mit abweichendem Wirtschaftsjahr ihre Verlustvorträge unbegrenzt mit dem Jahresgewinn verrechnen?
230,1,,864262325353147c,"""Wann gilt die Überlassung eines gleichartigen Gegenstandes anstelle des herzustellenden Gegenstandes als sonstige Leistung?"""
230,2,,864262325353147c,"""Wann gilt die Überlassung eines gleichartigen Gegenstandes anstelle des herzustellenden Gegenstandes als sonstige Leistung?"""
230,3,,864262325353147c,"""Wann gilt die Überlassung eines gleichartigen Gegenstandes anstelle des herzustellenden Gegenstandes als sonstige Leistung?"""
231,1,,4758ece124f498da,"Kann eine Person die Zuzugsbegünstigung erhalten, wenn sie erst vor weniger als fünf Jahren aus Österreich weggezogen ist und nun zurückkehrt?"
231,2,,4758ece124f498da,"Kann eine Person die Zuzugsbegünstigung erhalten, wenn sie erst vor weniger als fünf Jahren aus Österreich weggezogen ist und nun zurückkehrt?"
231,3,,4758ece124f498da,"Kann eine Person die Zuzugsbegünstigung erhalten, wenn sie erst vor weniger als fünf Jahren aus Österreich weggezogen ist und nun zurückkehrt?"
232,1,,084e73e7317a35d9,"Ein Arbeitgeber übernimmt die Kosten für ein Masterstudium eines Angestellten, das in engem Zusammenhang mit dessen beruflicher Tätigkeit steht. Muss der Angestellte die übernommenen Studiengebühren als Sachbezug versteuern?"
232,2,,084e73e7317a35d9,"Ein Arbeitgeber übernimmt die Kosten für ein Masterstudium eines Angestellten, das in engem Zusammenhang mit dessen beruflicher Tätigkeit steht. Muss der Angestellte die übernommenen Studiengebühren als Sachbezug versteuern?"
232,3,,084e73e7317a35d9,"Ein Arbeitgeber übernimmt die Kosten für ein Masterstudium eines Angestellten, das in engem Zusammenhang mit dessen beruflicher Tätigkeit steht. Muss der Angestellte die übernommenen Studiengebühren als Sachbezug versteuern?"
233,1,,b03fa518e0dcea2b,"Ein Steuerpflichtiger betreibt seit fünf Jahren eine kleine Pferdezucht. Bisher wurden nur Verluste erzielt, und eine objektive Prognose zeigt, dass auch in Zukunft kein Gesamtwertüberschuss zu erwarten ist. Der Steuerpflichtige führt die Zucht jedoch aus persönlicher Leidenschaft fort. Handelt es sich hierbei um Einkünfte aus Gewerbebetrieb im Sinne des § 23 EStG?"
233,2,,b03fa518e0dcea2b,"Ein Steuerpflichtiger betreibt seit fünf Jahren eine kleine Pferdezucht. Bisher wurden nur Verluste erzielt, und eine objektive Prognose zeigt, dass auch in Zukunft kein Gesamtwertüberschuss zu erwarten ist. Der Steuerpflichtige führt die Zucht jedoch aus persönlicher Leidenschaft fort. Handelt es sich hierbei um Einkünfte aus Gewerbebetrieb im Sinne des § 23 EStG?"
233,3,,b03fa518e0dcea2b,"Ein Steuerpflichtiger betreibt seit fünf Jahren eine kleine Pferdezucht. Bisher wurden nur Verluste erzielt, und eine objektive Prognose zeigt, dass auch in Zukunft kein Gesamtwertüberschuss zu erwarten ist. Der Steuerpflichtige führt die Zucht jedoch aus persönlicher Leidenschaft fort. Handelt es sich hierbei um Einkünfte aus Gewerbebetrieb im Sinne des § 23 EStG?"
234,1,,074454fec690d6ff,"Eine Lifestyle-Influencerin postet täglich Beiträge auf Instagram und YouTube. Sie erhält von Unternehmen kostenlos Produkte (Testmuster) sowie Geldzahlungen für Product Placements. Sie verfolgt damit das Ziel, langfristig ihren Lebensunterhalt zu bestreiten, und tritt am Markt als Werbepartnerin auf. Sind diese Einnahmen als Einkünfte aus Gewerbebetrieb gemäß § 23 EStG zu qualifizieren?"
234,2,,074454fec690d6ff,"Eine Lifestyle-Influencerin postet täglich Beiträge auf Instagram und YouTube. Sie erhält von Unternehmen kostenlos Produkte (Testmuster) sowie Geldzahlungen für Product Placements. Sie verfolgt damit das Ziel, langfristig ihren Lebensunterhalt zu bestreiten, und tritt am Markt als Werbepartnerin auf. Sind diese Einnahmen als Einkünfte aus Gewerbebetrieb gemäß § 23 EStG zu qualifizieren?"
234,3,,074454fec690d6ff,"Eine Lifestyle-Influencerin postet täglich Beiträge auf Instagram und YouTube. Sie erhält von Unternehmen kostenlos Produkte (Testmuster) sowie Geldzahlungen für Product Placements. Sie verfolgt damit das Ziel, langfristig ihren Lebensunterhalt zu bestreiten, und tritt am Markt als Werbepartnerin auf. Sind diese Einnahmen als Einkünfte aus Gewerbebetrieb gemäß § 23 EStG zu qualifizieren?"
235,1,,156cde5fa691cab4,Was versteht man unter Einkünften aus Gewerbebetrieb (§ 23 EStG)?
235,2,,156cde5fa691cab4,Was versteht man unter Einkünften aus Gewerbebetrieb (§ 23 EStG)?
235,3,,156cde5fa691cab4,Was versteht man unter Einkünften aus Gewerbebetrieb (§ 23 EStG)?
236,1,,7baf4c8e80902bdd,Eine Wirtschaftskammer zahlt der Witwe eines Unternehmers eine monatliche Hinterbliebenenpension. Ist das für sie Arbeitslohn?
236,2,,7baf4c8e80902bdd,Eine Wirtschaftskammer zahlt der Witwe eines Unternehmers eine monatliche Hinterbliebenenpension. Ist das für sie Arbeitslohn?
236,3,,7baf4c8e80902bdd,Eine Wirtschaftskammer zahlt der Witwe eines Unternehmers eine monatliche Hinterbliebenenpension. Ist das für sie Arbeitslohn?
237,1,,e57129ae29fa9332,"""Christian führt ein Bed & Breakfast in Österreich. Christian ist aber australischer Staatsbürger. Wo ist die Leistung steuerpflichtig?"""
237,2,,e57129ae29fa9332,"""Christian führt ein Bed & Breakfast in Österreich. Christian ist aber australischer Staatsbürger. Wo ist die Leistung steuerpflichtig?"""
237,3,,e57129ae29fa9332,"""Christian führt ein Bed & Breakfast in Österreich. Christian ist aber australischer Staatsbürger. Wo ist die Leistung steuerpflichtig?"""
238,1,,08acce52b8527014,"""Herr Stolz hat sein eigenes Baunternehmen. Außerdem ist er mit seinem Angestellen Markus gut befreundet. Da Markus schon lange über die Hausrenovierung beschwert, hat Herr Stolz die für ihn durchgefuhrt, weil sie gure Freunde sind. Ist das eine sonsitge Leistung?"""
238,2,,08acce52b8527014,"""Herr Stolz hat sein eigenes Baunternehmen. Außerdem ist er mit seinem Angestellen Markus gut befreundet. Da Markus schon lange über die Hausrenovierung beschwert, hat Herr Stolz die für ihn durchgefuhrt, weil sie gure Freunde sind. Ist das eine sonsitge Leistung?"""
238,3,,08acce52b8527014,"""Herr Stolz hat sein eigenes Baunternehmen. Außerdem ist er mit seinem Angestellen Markus gut befreundet. Da Markus schon lange über die Hausrenovierung beschwert, hat Herr Stolz die für ihn durchgefuhrt, weil sie gure Freunde sind. Ist das eine sonsitge Leistung?"""
239,1,,907a2a73c200b0ef,"Ein Manager erhält bei seinem Ausscheiden eine freiwillige Abgangsentschädigung. Er behauptet, dies sei kein ""Lohn"", da er zum Zeitpunkt der Auszahlung gar nicht mehr arbeitet. Sind solche Bezüge steuerpflichtig?"
239,2,,907a2a73c200b0ef,"Ein Manager erhält bei seinem Ausscheiden eine freiwillige Abgangsentschädigung. Er behauptet, dies sei kein ""Lohn"", da er zum Zeitpunkt der Auszahlung gar nicht mehr arbeitet. Sind solche Bezüge steuerpflichtig?"
239,3,,907a2a73c200b0ef,"Ein Manager erhält bei seinem Ausscheiden eine freiwillige Abgangsentschädigung. Er behauptet, dies sei kein ""Lohn"", da er zum Zeitpunkt der Auszahlung gar nicht mehr arbeitet. Sind solche Bezüge steuerpflichtig?"
240,1,,ad42e8e403de5a4f,"Welche Aspekte der §§ 7–12 KStG sind zu prüfen, wenn eine GmbH 60 % einer anderen GmbH von einem konzernfremden Dritten erwirbt und eine Gruppe bilden möchte?"
240,2,,ad42e8e403de5a4f,"Welche Aspekte der §§ 7–12 KStG sind zu prüfen, wenn eine GmbH 60 % einer anderen GmbH von einem konzernfremden Dritten erwirbt und eine Gruppe bilden möchte?"
240,3,,ad42e8e403de5a4f,"Welche Aspekte der §§ 7–12 KStG sind zu prüfen, wenn eine GmbH 60 % einer anderen GmbH von einem konzernfremden Dritten erwirbt und eine Gruppe bilden möchte?"
241,1,,061e7f94e31cae52,Was regelt das Erbschafts- und Schenkungssteuergesetz (alt)?
241,2,,061e7f94e31cae52,Was regelt das Erbschafts- und Schenkungssteuergesetz (alt)?
241,3,,061e7f94e31cae52,Was regelt das Erbschafts- und Schenkungssteuergesetz (alt)?
242,1,,8b72e98cc2bcd8b7,Wie hoch ist der maximal mögliche Verlustabzug in einem Veranlagungsjahr und welche Ausnahmen gibt es?
242,2,,8b72e98cc2bcd8b7,Wie hoch ist der maximal mögliche Verlustabzug in einem Veranlagungsjahr und welche Ausnahmen gibt es?
242,3,,8b72e98cc2bcd8b7,Wie hoch ist der maximal mögliche Verlustabzug in einem Veranlagungsjahr und welche Ausnahmen gibt es?
243,1,,7192c92ff97d27b0,Ist die Progressionsermäßigung für die Verwertung von Patentrechten bei beschränkter Steuerpflicht ausgeschlossen?
243,2,,7192c92ff97d27b0,Ist die Progressionsermäßigung für die Verwertung von Patentrechten bei beschränkter Steuerpflicht ausgeschlossen?
243,3,,7192c92ff97d27b0,Ist die Progressionsermäßigung für die Verwertung von Patentrechten bei beschränkter Steuerpflicht ausgeschlossen?
244,1,,11ce10fbae61ec4b,"Ein Auftraggeber übergibt einem Unternehmer Feingold zur Herstellung eines Schmuckstücks. Statt genau aus diesem Gold zu arbeiten, überlässt der Unternehmer dem Auftraggeber aus seinem eigenen Bestand ein gleichartiges fertiges Schmuckstück, wie er es typischerweise aus solchem Stoff herstellt. Das Entgelt wird als reiner Werklohn berechnet und hängt nicht vom Unterschied zwischen dem Marktpreis des empfangenen Goldes und jenem des überlassenen Schmuckstücks ab. Liegt eine Lieferung oder eine sonstige Leistung vor?"
244,2,,11ce10fbae61ec4b,"Ein Auftraggeber übergibt einem Unternehmer Feingold zur Herstellung eines Schmuckstücks. Statt genau aus diesem Gold zu arbeiten, überlässt der Unternehmer dem Auftraggeber aus seinem eigenen Bestand ein gleichartiges fertiges Schmuckstück, wie er es typischerweise aus solchem Stoff herstellt. Das Entgelt wird als reiner Werklohn berechnet und hängt nicht vom Unterschied zwischen dem Marktpreis des empfangenen Goldes und jenem des überlassenen Schmuckstücks ab. Liegt eine Lieferung oder eine sonstige Leistung vor?"
244,3,,11ce10fbae61ec4b,"Ein Auftraggeber übergibt einem Unternehmer Feingold zur Herstellung eines Schmuckstücks. Statt genau aus diesem Gold zu arbeiten, überlässt der Unternehmer dem Auftraggeber aus seinem eigenen Bestand ein gleichartiges fertiges Schmuckstück, wie er es typischerweise aus solchem Stoff herstellt. Das Entgelt wird als reiner Werklohn berechnet und hängt nicht vom Unterschied zwischen dem Marktpreis des empfangenen Goldes und jenem des überlassenen Schmuckstücks ab. Liegt eine Lieferung oder eine sonstige Leistung vor?"
245,1,,203ab0f803b26431,Wie wird das Einkommen einer Körperschaft berechnet und welche Abzüge sind vorgesehen?
245,2,,203ab0f803b26431,Wie wird das Einkommen einer Körperschaft berechnet und welche Abzüge sind vorgesehen?
245,3,,203ab0f803b26431,Wie wird das Einkommen einer Körperschaft berechnet und welche Abzüge sind vorgesehen?
246,1,,f510b1fa7425e178,Ein Unternehmen errichtet auf einem gepachteten fremden Grundstück eine Halle (Gebäude auf fremdem Boden). Wird dieses Gebäude grunderwerbsteuerlich wie ein Grundstück behandelt?
246,2,,f510b1fa7425e178,Ein Unternehmen errichtet auf einem gepachteten fremden Grundstück eine Halle (Gebäude auf fremdem Boden). Wird dieses Gebäude grunderwerbsteuerlich wie ein Grundstück behandelt?
246,3,,f510b1fa7425e178,Ein Unternehmen errichtet auf einem gepachteten fremden Grundstück eine Halle (Gebäude auf fremdem Boden). Wird dieses Gebäude grunderwerbsteuerlich wie ein Grundstück behandelt?
247,1,,a5f22ebc2e5aa48a,„Ein Unternehmer beauftragt im eigenen Namen eine IT-Dienstleistung bei einem Dritten und stellt sie seinem Kunden weiter in Rechnung. Wie wird diese Leistung behandelt?“
247,2,,a5f22ebc2e5aa48a,„Ein Unternehmer beauftragt im eigenen Namen eine IT-Dienstleistung bei einem Dritten und stellt sie seinem Kunden weiter in Rechnung. Wie wird diese Leistung behandelt?“
247,3,,a5f22ebc2e5aa48a,„Ein Unternehmer beauftragt im eigenen Namen eine IT-Dienstleistung bei einem Dritten und stellt sie seinem Kunden weiter in Rechnung. Wie wird diese Leistung behandelt?“
248,1,,dda110ec214c4345,"Eine österreichische Gemeinde betreibt kein eigenes Wasserwerk, vermietet aber mehrere in ihrem Eigentum stehende Geschäftsflächen langfristig an private Unternehmer. Sie argumentiert, die Vermietung sei mangels allgemeinen Unternehmerstatus der Gemeinde nicht von § 1 Abs. 1 Z 1 UStG erfasst. Ist diese Sichtweise zutreffend?"
248,2,,dda110ec214c4345,"Eine österreichische Gemeinde betreibt kein eigenes Wasserwerk, vermietet aber mehrere in ihrem Eigentum stehende Geschäftsflächen langfristig an private Unternehmer. Sie argumentiert, die Vermietung sei mangels allgemeinen Unternehmerstatus der Gemeinde nicht von § 1 Abs. 1 Z 1 UStG erfasst. Ist diese Sichtweise zutreffend?"
248,3,,dda110ec214c4345,"Eine österreichische Gemeinde betreibt kein eigenes Wasserwerk, vermietet aber mehrere in ihrem Eigentum stehende Geschäftsflächen langfristig an private Unternehmer. Sie argumentiert, die Vermietung sei mangels allgemeinen Unternehmerstatus der Gemeinde nicht von § 1 Abs. 1 Z 1 UStG erfasst. Ist diese Sichtweise zutreffend?"
249,1,,fd86c7908f9ee9cd,"Frau Binder hat eine Rentenversicherung abgeschlossen, bei der die erste Rentenzahlung bereits nach 8 Jahren erfolgen soll. Sie entscheidet sich nach 9 Jahren für eine Kapitalabfindung statt der laufenden Rente. Die eingezahlten Prämien betrugen 30.000 Euro, die Kapitalabfindung beträgt 38.000 Euro. Frau Binder war bei Vertragsabschluss 55 Jahre alt und hat laufende, gleich bleibende Prämien vereinbart. Ist der Unterschiedsbetrag von 8.000 Euro steuerpflichtig?"
249,2,,fd86c7908f9ee9cd,"Frau Binder hat eine Rentenversicherung abgeschlossen, bei der die erste Rentenzahlung bereits nach 8 Jahren erfolgen soll. Sie entscheidet sich nach 9 Jahren für eine Kapitalabfindung statt der laufenden Rente. Die eingezahlten Prämien betrugen 30.000 Euro, die Kapitalabfindung beträgt 38.000 Euro. Frau Binder war bei Vertragsabschluss 55 Jahre alt und hat laufende, gleich bleibende Prämien vereinbart. Ist der Unterschiedsbetrag von 8.000 Euro steuerpflichtig?"
249,3,,fd86c7908f9ee9cd,"Frau Binder hat eine Rentenversicherung abgeschlossen, bei der die erste Rentenzahlung bereits nach 8 Jahren erfolgen soll. Sie entscheidet sich nach 9 Jahren für eine Kapitalabfindung statt der laufenden Rente. Die eingezahlten Prämien betrugen 30.000 Euro, die Kapitalabfindung beträgt 38.000 Euro. Frau Binder war bei Vertragsabschluss 55 Jahre alt und hat laufende, gleich bleibende Prämien vereinbart. Ist der Unterschiedsbetrag von 8.000 Euro steuerpflichtig?"
250,1,,4f638e3ea0f51a2b,"Frau Dietrich hält 500 Aktien der Muster AG (Anschaffungskosten EUR 40 pro Aktie). Die Hauptversammlung beschließt im Mai 2026 eine Kapitalerhöhung aus Gesellschaftsmitteln, bei der für je 5 Alte Aktien 1 neue Aktie ausgegeben wird. Frau Dietrich erhält somit 100 Gratisaktien. Ein Barausgleich findet nicht statt. Die neuen Aktien sind rechtlich gleichrangig mit den alten Aktien. Frau Dietrich verkauft im Oktober 2026 alle 600 Aktien zu EUR 38 pro Aktie. Löst die Ausgabe der Gratisaktien eine Steuerpflicht aus, und wie ist der Veräußerungsgewinn zu berechnen?"
250,2,,4f638e3ea0f51a2b,"Frau Dietrich hält 500 Aktien der Muster AG (Anschaffungskosten EUR 40 pro Aktie). Die Hauptversammlung beschließt im Mai 2026 eine Kapitalerhöhung aus Gesellschaftsmitteln, bei der für je 5 Alte Aktien 1 neue Aktie ausgegeben wird. Frau Dietrich erhält somit 100 Gratisaktien. Ein Barausgleich findet nicht statt. Die neuen Aktien sind rechtlich gleichrangig mit den alten Aktien. Frau Dietrich verkauft im Oktober 2026 alle 600 Aktien zu EUR 38 pro Aktie. Löst die Ausgabe der Gratisaktien eine Steuerpflicht aus, und wie ist der Veräußerungsgewinn zu berechnen?"
250,3,,4f638e3ea0f51a2b,"Frau Dietrich hält 500 Aktien der Muster AG (Anschaffungskosten EUR 40 pro Aktie). Die Hauptversammlung beschließt im Mai 2026 eine Kapitalerhöhung aus Gesellschaftsmitteln, bei der für je 5 Alte Aktien 1 neue Aktie ausgegeben wird. Frau Dietrich erhält somit 100 Gratisaktien. Ein Barausgleich findet nicht statt. Die neuen Aktien sind rechtlich gleichrangig mit den alten Aktien. Frau Dietrich verkauft im Oktober 2026 alle 600 Aktien zu EUR 38 pro Aktie. Löst die Ausgabe der Gratisaktien eine Steuerpflicht aus, und wie ist der Veräußerungsgewinn zu berechnen?"
251,1,,ffb08e4be3fc6d03,Was bedeutet bei Auslandseinkünften eines in Österreich ansässigen Steuerpflichtigen die Befreiungsmethode?
251,2,,ffb08e4be3fc6d03,Was bedeutet bei Auslandseinkünften eines in Österreich ansässigen Steuerpflichtigen die Befreiungsmethode?
251,3,,ffb08e4be3fc6d03,Was bedeutet bei Auslandseinkünften eines in Österreich ansässigen Steuerpflichtigen die Befreiungsmethode?
252,1,,1b7d0ab9b33b8b0e,Ein Bankangestellter vermittelt in seiner Freizeit seinem Arbeitgeber einen neuen Großkunden und erhält dafür eine einmalige Vermittlungsprovision. Fällt diese unter die Einkünfte aus nichtselbständiger Arbeit?
252,2,,1b7d0ab9b33b8b0e,Ein Bankangestellter vermittelt in seiner Freizeit seinem Arbeitgeber einen neuen Großkunden und erhält dafür eine einmalige Vermittlungsprovision. Fällt diese unter die Einkünfte aus nichtselbständiger Arbeit?
252,3,,1b7d0ab9b33b8b0e,Ein Bankangestellter vermittelt in seiner Freizeit seinem Arbeitgeber einen neuen Großkunden und erhält dafür eine einmalige Vermittlungsprovision. Fällt diese unter die Einkünfte aus nichtselbständiger Arbeit?
253,1,,924a21a19d76f926,Arbeitnehmer A arbeitet laut Vereinbarung mit seinem Arbeitgeber an 120 Tagen im Jahr ausschließlich von zuhause. Sein Arbeitgeber zahlt ihm ein Homeoffice-Pauschale von 3 Euro pro Tag. Wie viel kann steuerfrei ausbezahlt werden?
253,2,,924a21a19d76f926,Arbeitnehmer A arbeitet laut Vereinbarung mit seinem Arbeitgeber an 120 Tagen im Jahr ausschließlich von zuhause. Sein Arbeitgeber zahlt ihm ein Homeoffice-Pauschale von 3 Euro pro Tag. Wie viel kann steuerfrei ausbezahlt werden?
253,3,,924a21a19d76f926,Arbeitnehmer A arbeitet laut Vereinbarung mit seinem Arbeitgeber an 120 Tagen im Jahr ausschließlich von zuhause. Sein Arbeitgeber zahlt ihm ein Homeoffice-Pauschale von 3 Euro pro Tag. Wie viel kann steuerfrei ausbezahlt werden?
254,1,,56e9aa4925a61680,"Frau Sander tauscht ihre Anteile an der X-GmbH (Privatvermögen, Anschaffungskosten 8.000 Euro, gemeiner Wert 15.000 Euro) gegen Anteile an der Y-GmbH im Rahmen eines nicht unter das Umgründungssteuergesetz fallenden Tauschs. Wie ist der Tauschvorgang nach § 27 EStG 1988 zu behandeln?"
254,2,,56e9aa4925a61680,"Frau Sander tauscht ihre Anteile an der X-GmbH (Privatvermögen, Anschaffungskosten 8.000 Euro, gemeiner Wert 15.000 Euro) gegen Anteile an der Y-GmbH im Rahmen eines nicht unter das Umgründungssteuergesetz fallenden Tauschs. Wie ist der Tauschvorgang nach § 27 EStG 1988 zu behandeln?"
254,3,,56e9aa4925a61680,"Frau Sander tauscht ihre Anteile an der X-GmbH (Privatvermögen, Anschaffungskosten 8.000 Euro, gemeiner Wert 15.000 Euro) gegen Anteile an der Y-GmbH im Rahmen eines nicht unter das Umgründungssteuergesetz fallenden Tauschs. Wie ist der Tauschvorgang nach § 27 EStG 1988 zu behandeln?"
255,1,,93a4f9d953ca3c17,"Mitarbeiter B bekommt von seinem Arbeitgeber ein E-Bike zur Verfügung gestellt. Manchmal nutzt er dieses Rad für private Ausfahrten. Mitarbeiter B hat dabei keine Bedenken bei der privaten Nutzung, da der Sachbezug des E-Bikes Null beträgt. Sind diese Fahrten steuerlich irrelevant?"
255,2,,93a4f9d953ca3c17,"Mitarbeiter B bekommt von seinem Arbeitgeber ein E-Bike zur Verfügung gestellt. Manchmal nutzt er dieses Rad für private Ausfahrten. Mitarbeiter B hat dabei keine Bedenken bei der privaten Nutzung, da der Sachbezug des E-Bikes Null beträgt. Sind diese Fahrten steuerlich irrelevant?"
255,3,,93a4f9d953ca3c17,"Mitarbeiter B bekommt von seinem Arbeitgeber ein E-Bike zur Verfügung gestellt. Manchmal nutzt er dieses Rad für private Ausfahrten. Mitarbeiter B hat dabei keine Bedenken bei der privaten Nutzung, da der Sachbezug des E-Bikes Null beträgt. Sind diese Fahrten steuerlich irrelevant?"
256,1,,a191eabf92c8070d,"""Wo wird eine Restaurant- oder Cateringleistung an einen Nichtunternehmer ausgeführt, wenn der Unternehmer an mehreren Standorten tätig ist?"""
256,2,,a191eabf92c8070d,"""Wo wird eine Restaurant- oder Cateringleistung an einen Nichtunternehmer ausgeführt, wenn der Unternehmer an mehreren Standorten tätig ist?"""
256,3,,a191eabf92c8070d,"""Wo wird eine Restaurant- oder Cateringleistung an einen Nichtunternehmer ausgeführt, wenn der Unternehmer an mehreren Standorten tätig ist?"""
257,1,,243e6ee782d12d92,Nach welcher Methode ist der Gewinn bei rechnungslegungspflichtigen Körperschaften zu ermitteln?
257,2,,243e6ee782d12d92,Nach welcher Methode ist der Gewinn bei rechnungslegungspflichtigen Körperschaften zu ermitteln?
257,3,,243e6ee782d12d92,Nach welcher Methode ist der Gewinn bei rechnungslegungspflichtigen Körperschaften zu ermitteln?
258,1,,8d383f3d405cc69b,Ein österreichischer Arbeitnehmer geht in Pension und erhält Zahlungen aus einer inländischen Pensionskasse. Sind diese voll steuerpflichtig?
258,2,,8d383f3d405cc69b,Ein österreichischer Arbeitnehmer geht in Pension und erhält Zahlungen aus einer inländischen Pensionskasse. Sind diese voll steuerpflichtig?
258,3,,8d383f3d405cc69b,Ein österreichischer Arbeitnehmer geht in Pension und erhält Zahlungen aus einer inländischen Pensionskasse. Sind diese voll steuerpflichtig?
259,1,,98e937e1eacd9d00,"Zwei Miteigentümer teilen ein Grundstück auf. Einer erhält jedoch ein deutlich wertvolleres Teilgrundstück, als es seinem bisherigen Bruchteil entspricht. Ist die gesamte Teilung steuerfrei?"
259,2,,98e937e1eacd9d00,"Zwei Miteigentümer teilen ein Grundstück auf. Einer erhält jedoch ein deutlich wertvolleres Teilgrundstück, als es seinem bisherigen Bruchteil entspricht. Ist die gesamte Teilung steuerfrei?"
259,3,,98e937e1eacd9d00,"Zwei Miteigentümer teilen ein Grundstück auf. Einer erhält jedoch ein deutlich wertvolleres Teilgrundstück, als es seinem bisherigen Bruchteil entspricht. Ist die gesamte Teilung steuerfrei?"
260,1,,5be3d45d85d100ea,Ein beschränkt steuerpflichtiger Vortragender bezieht Arbeitnehmerbezüge aus einer Tätigkeit im Sinne des § 99 Abs. 1 Z 1 EStG 1988. Kann dafür im Lohnsteuerabzug ein 20%-Satz zur Anwendung kommen?
260,2,,5be3d45d85d100ea,Ein beschränkt steuerpflichtiger Vortragender bezieht Arbeitnehmerbezüge aus einer Tätigkeit im Sinne des § 99 Abs. 1 Z 1 EStG 1988. Kann dafür im Lohnsteuerabzug ein 20%-Satz zur Anwendung kommen?
260,3,,5be3d45d85d100ea,Ein beschränkt steuerpflichtiger Vortragender bezieht Arbeitnehmerbezüge aus einer Tätigkeit im Sinne des § 99 Abs. 1 Z 1 EStG 1988. Kann dafür im Lohnsteuerabzug ein 20%-Satz zur Anwendung kommen?
261,1,,fe57da90619eecc9,"Ein Uhrenliebhaber kauft über mehrere Jahre hinweg gezielt limitierte Luxusuhren auf dem Zweitmarkt auf, hält diese für einige Monate und verkauft sie bei Wertsteigerung mit Gewinn weiter. Er führt im Jahr etwa 15 solcher Transaktionen durch und reinvestiert die Erlöse systematisch in neue Modelle. Er nutzt dafür spezialisierte Online-Foren und Auktionshäuser. Liegt hier eine private Vermögensverwaltung oder ein Gewerbebetrieb gemäß § 23 EStG vor?"
261,2,,fe57da90619eecc9,"Ein Uhrenliebhaber kauft über mehrere Jahre hinweg gezielt limitierte Luxusuhren auf dem Zweitmarkt auf, hält diese für einige Monate und verkauft sie bei Wertsteigerung mit Gewinn weiter. Er führt im Jahr etwa 15 solcher Transaktionen durch und reinvestiert die Erlöse systematisch in neue Modelle. Er nutzt dafür spezialisierte Online-Foren und Auktionshäuser. Liegt hier eine private Vermögensverwaltung oder ein Gewerbebetrieb gemäß § 23 EStG vor?"
261,3,,fe57da90619eecc9,"Ein Uhrenliebhaber kauft über mehrere Jahre hinweg gezielt limitierte Luxusuhren auf dem Zweitmarkt auf, hält diese für einige Monate und verkauft sie bei Wertsteigerung mit Gewinn weiter. Er führt im Jahr etwa 15 solcher Transaktionen durch und reinvestiert die Erlöse systematisch in neue Modelle. Er nutzt dafür spezialisierte Online-Foren und Auktionshäuser. Liegt hier eine private Vermögensverwaltung oder ein Gewerbebetrieb gemäß § 23 EStG vor?"
262,1,,9d90955f2acd619a,Warum kann eine Körperschaft nach einem Mantelkauf ihre Verluste grundsätzlich nicht mehr nutzen – und welche Ausnahme gibt es?
262,2,,9d90955f2acd619a,Warum kann eine Körperschaft nach einem Mantelkauf ihre Verluste grundsätzlich nicht mehr nutzen – und welche Ausnahme gibt es?
262,3,,9d90955f2acd619a,Warum kann eine Körperschaft nach einem Mantelkauf ihre Verluste grundsätzlich nicht mehr nutzen – und welche Ausnahme gibt es?
263,1,,bd25939df4835ce0,Ein Grundstückseigentümer räumt einem Dritten ein Baurecht für 50 Jahre ein. Der Baurechtberechtigte zahlt dafür einen monatlichen Bauzins. Wie wird die Grunderwerbsteuer für die Einräumung dieses Baurechtes bemessen?
263,2,,bd25939df4835ce0,Ein Grundstückseigentümer räumt einem Dritten ein Baurecht für 50 Jahre ein. Der Baurechtberechtigte zahlt dafür einen monatlichen Bauzins. Wie wird die Grunderwerbsteuer für die Einräumung dieses Baurechtes bemessen?
263,3,,bd25939df4835ce0,Ein Grundstückseigentümer räumt einem Dritten ein Baurecht für 50 Jahre ein. Der Baurechtberechtigte zahlt dafür einen monatlichen Bauzins. Wie wird die Grunderwerbsteuer für die Einräumung dieses Baurechtes bemessen?
264,1,,761d6514aaa13c42,Wann sind Lizenzgebühren an eine konzernzugehörige Gesellschaft nicht abzugsfähig?
264,2,,761d6514aaa13c42,Wann sind Lizenzgebühren an eine konzernzugehörige Gesellschaft nicht abzugsfähig?
264,3,,761d6514aaa13c42,Wann sind Lizenzgebühren an eine konzernzugehörige Gesellschaft nicht abzugsfähig?
265,1,,6e30409d104c79b5,„Ein Reisebüro bucht im Namen eines Kunden eine Hotelübernachtung bei einem Drittanbieter. Wie sind die Leistungen umsatzsteuerlich zu behandeln?“
265,2,,6e30409d104c79b5,„Ein Reisebüro bucht im Namen eines Kunden eine Hotelübernachtung bei einem Drittanbieter. Wie sind die Leistungen umsatzsteuerlich zu behandeln?“
265,3,,6e30409d104c79b5,„Ein Reisebüro bucht im Namen eines Kunden eine Hotelübernachtung bei einem Drittanbieter. Wie sind die Leistungen umsatzsteuerlich zu behandeln?“
266,1,,c59f52bae8678855,Der Kaufpreis eines Grundstückes wird zwei Jahre nach Vertragsabschluss wegen Mängeln (gemäß ABGB) herabgesetzt. Kann die Grunderwerbsteuer ebenfalls reduziert werden?
266,2,,c59f52bae8678855,Der Kaufpreis eines Grundstückes wird zwei Jahre nach Vertragsabschluss wegen Mängeln (gemäß ABGB) herabgesetzt. Kann die Grunderwerbsteuer ebenfalls reduziert werden?
266,3,,c59f52bae8678855,Der Kaufpreis eines Grundstückes wird zwei Jahre nach Vertragsabschluss wegen Mängeln (gemäß ABGB) herabgesetzt. Kann die Grunderwerbsteuer ebenfalls reduziert werden?
267,1,,e4c9a00b6e6561ed,"Eine Person dokumentiert nur 65 Tage in ihrer Wiener Zweitwohnung, mietet aber zusätzlich für zwei Monate ein Appartement und hält sich wegen weiterer Hotelaufenthalte insgesamt rund sechs Monate beruflich in Österreich auf. Kann trotz 70-Tage-Grenze unbeschränkte Steuerpflicht entstehen?"
267,2,,e4c9a00b6e6561ed,"Eine Person dokumentiert nur 65 Tage in ihrer Wiener Zweitwohnung, mietet aber zusätzlich für zwei Monate ein Appartement und hält sich wegen weiterer Hotelaufenthalte insgesamt rund sechs Monate beruflich in Österreich auf. Kann trotz 70-Tage-Grenze unbeschränkte Steuerpflicht entstehen?"
267,3,,e4c9a00b6e6561ed,"Eine Person dokumentiert nur 65 Tage in ihrer Wiener Zweitwohnung, mietet aber zusätzlich für zwei Monate ein Appartement und hält sich wegen weiterer Hotelaufenthalte insgesamt rund sechs Monate beruflich in Österreich auf. Kann trotz 70-Tage-Grenze unbeschränkte Steuerpflicht entstehen?"
268,1,,52e7b01200851788,"""Ein Tourist aus Österreich mietet ein Auto für 7 Tage in Zakynthos, Griechenland. Wo ist die Leistung steuerpflichtig?"""
268,2,,52e7b01200851788,"""Ein Tourist aus Österreich mietet ein Auto für 7 Tage in Zakynthos, Griechenland. Wo ist die Leistung steuerpflichtig?"""
268,3,,52e7b01200851788,"""Ein Tourist aus Österreich mietet ein Auto für 7 Tage in Zakynthos, Griechenland. Wo ist die Leistung steuerpflichtig?"""
269,1,,698fc6ea7b8c1397,"Ein Unternehmen führt Spezialformen aus einem Drittstaat zur vorübergehenden Verwendung ein. Mit ihnen werden im Inland Präzisionsteile produziert. Ein Teil dieser Präzisionsteile wird unmittelbar an Abnehmer im Drittland ausgeführt. Ein anderer Teil wird zunächst in Österreich gelagert, um später möglicherweise ebenfalls exportiert zu werden. Die Zollanmeldung stützt sich auf die Begünstigung für die vorübergehende Verwendung. Zu beurteilen ist, ob bereits die bloße Zwischenlagerung eines Teils der hergestellten Gegenstände im Inland die Befreiung scheitern lässt."
269,2,,698fc6ea7b8c1397,"Ein Unternehmen führt Spezialformen aus einem Drittstaat zur vorübergehenden Verwendung ein. Mit ihnen werden im Inland Präzisionsteile produziert. Ein Teil dieser Präzisionsteile wird unmittelbar an Abnehmer im Drittland ausgeführt. Ein anderer Teil wird zunächst in Österreich gelagert, um später möglicherweise ebenfalls exportiert zu werden. Die Zollanmeldung stützt sich auf die Begünstigung für die vorübergehende Verwendung. Zu beurteilen ist, ob bereits die bloße Zwischenlagerung eines Teils der hergestellten Gegenstände im Inland die Befreiung scheitern lässt."
269,3,,698fc6ea7b8c1397,"Ein Unternehmen führt Spezialformen aus einem Drittstaat zur vorübergehenden Verwendung ein. Mit ihnen werden im Inland Präzisionsteile produziert. Ein Teil dieser Präzisionsteile wird unmittelbar an Abnehmer im Drittland ausgeführt. Ein anderer Teil wird zunächst in Österreich gelagert, um später möglicherweise ebenfalls exportiert zu werden. Die Zollanmeldung stützt sich auf die Begünstigung für die vorübergehende Verwendung. Zu beurteilen ist, ob bereits die bloße Zwischenlagerung eines Teils der hergestellten Gegenstände im Inland die Befreiung scheitern lässt."
270,1,,56a60a0536bf28fd,"""Ein Österreicher vermietet seinen PKW für zwei Wochen an einen Schweizer Touristen. Ist das eine Katalogleistung nach Umsatzsteuerrecht?"""
270,2,,56a60a0536bf28fd,"""Ein Österreicher vermietet seinen PKW für zwei Wochen an einen Schweizer Touristen. Ist das eine Katalogleistung nach Umsatzsteuerrecht?"""
270,3,,56a60a0536bf28fd,"""Ein Österreicher vermietet seinen PKW für zwei Wochen an einen Schweizer Touristen. Ist das eine Katalogleistung nach Umsatzsteuerrecht?"""
271,1,,d4bd3c26aed9f02b,Ist bei der Anrechnungsmethode die ausländische Steuer von der österreichischen Steuer abzuziehen statt die Auslandseinkünfte vollständig auszunehmen?
271,2,,d4bd3c26aed9f02b,Ist bei der Anrechnungsmethode die ausländische Steuer von der österreichischen Steuer abzuziehen statt die Auslandseinkünfte vollständig auszunehmen?
271,3,,d4bd3c26aed9f02b,Ist bei der Anrechnungsmethode die ausländische Steuer von der österreichischen Steuer abzuziehen statt die Auslandseinkünfte vollständig auszunehmen?
272,1,,7a66ecfca77c990b,"Ein brillanter Mathematik-Student erfindet einen neuartigen Zauberwürfel. Er meldet kein Patent an, sondern produziert den Würfel mithilfe eines 3D-Druckers selbst in seiner WG in großen Stückzahlen und verkauft ihn online. Er meint, als Erfinder beziehe er Einkünfte aus selbstständiger Arbeit. Ist das richtig?"
272,2,,7a66ecfca77c990b,"Ein brillanter Mathematik-Student erfindet einen neuartigen Zauberwürfel. Er meldet kein Patent an, sondern produziert den Würfel mithilfe eines 3D-Druckers selbst in seiner WG in großen Stückzahlen und verkauft ihn online. Er meint, als Erfinder beziehe er Einkünfte aus selbstständiger Arbeit. Ist das richtig?"
272,3,,7a66ecfca77c990b,"Ein brillanter Mathematik-Student erfindet einen neuartigen Zauberwürfel. Er meldet kein Patent an, sondern produziert den Würfel mithilfe eines 3D-Druckers selbst in seiner WG in großen Stückzahlen und verkauft ihn online. Er meint, als Erfinder beziehe er Einkünfte aus selbstständiger Arbeit. Ist das richtig?"
273,1,,3d7a8e74b58e4a6b,"Ein ausgezeichneter Nachhilfelehrer baut sein Einzelunternehmen stark aus. Er unterrichtet selbst gar nicht mehr, sondern beschäftigt mittlerweile 20 angestellte Lehrer, für die er lediglich die Terminplanung und Abrechnung übernimmt. Er meint, Unterrichten sei ein freier Beruf. Liegt Gewerbebetrieb vor?"
273,2,,3d7a8e74b58e4a6b,"Ein ausgezeichneter Nachhilfelehrer baut sein Einzelunternehmen stark aus. Er unterrichtet selbst gar nicht mehr, sondern beschäftigt mittlerweile 20 angestellte Lehrer, für die er lediglich die Terminplanung und Abrechnung übernimmt. Er meint, Unterrichten sei ein freier Beruf. Liegt Gewerbebetrieb vor?"
273,3,,3d7a8e74b58e4a6b,"Ein ausgezeichneter Nachhilfelehrer baut sein Einzelunternehmen stark aus. Er unterrichtet selbst gar nicht mehr, sondern beschäftigt mittlerweile 20 angestellte Lehrer, für die er lediglich die Terminplanung und Abrechnung übernimmt. Er meint, Unterrichten sei ein freier Beruf. Liegt Gewerbebetrieb vor?"
274,1,,acf76e8ec3c4fb7f,Eine österreichische Gesellschaft führt einen zuvor aus Österreich ausgeführten Gegenstand nach einer Bearbeitung im Drittlandsgebiet wieder ein. Für die Bearbeitung wurde ein gesondertes Entgelt vereinbart. Die Gesellschaft möchte die Einfuhrumsatzsteuer auf Basis des vollen Wertes des wiedereingeführten Gegenstands bemessen. Welche Bemessungsgrundlage gibt § 5 UStG für diesen Fall vor?
274,2,,acf76e8ec3c4fb7f,Eine österreichische Gesellschaft führt einen zuvor aus Österreich ausgeführten Gegenstand nach einer Bearbeitung im Drittlandsgebiet wieder ein. Für die Bearbeitung wurde ein gesondertes Entgelt vereinbart. Die Gesellschaft möchte die Einfuhrumsatzsteuer auf Basis des vollen Wertes des wiedereingeführten Gegenstands bemessen. Welche Bemessungsgrundlage gibt § 5 UStG für diesen Fall vor?
274,3,,acf76e8ec3c4fb7f,Eine österreichische Gesellschaft führt einen zuvor aus Österreich ausgeführten Gegenstand nach einer Bearbeitung im Drittlandsgebiet wieder ein. Für die Bearbeitung wurde ein gesondertes Entgelt vereinbart. Die Gesellschaft möchte die Einfuhrumsatzsteuer auf Basis des vollen Wertes des wiedereingeführten Gegenstands bemessen. Welche Bemessungsgrundlage gibt § 5 UStG für diesen Fall vor?
275,1,,3046be0c0c3b5ccb,"Ein ausländisches Beratungsunternehmen erbringt kaufmännische Beratung in Österreich, ohne dort Betriebsstätte oder ständigen Vertreter zu haben. Sind diese Einkünfte dennoch in Österreich steuerpflichtig?"
275,2,,3046be0c0c3b5ccb,"Ein ausländisches Beratungsunternehmen erbringt kaufmännische Beratung in Österreich, ohne dort Betriebsstätte oder ständigen Vertreter zu haben. Sind diese Einkünfte dennoch in Österreich steuerpflichtig?"
275,3,,3046be0c0c3b5ccb,"Ein ausländisches Beratungsunternehmen erbringt kaufmännische Beratung in Österreich, ohne dort Betriebsstätte oder ständigen Vertreter zu haben. Sind diese Einkünfte dennoch in Österreich steuerpflichtig?"
276,1,,dca666d06fcdade0,"Frau Eich ist Kommanditistin einer GmbH & Co KG und hält ihren Anteil im Privatvermögen. Die KG hält ihrerseits eine 100%-Beteiligung an einer GmbH im Betriebsvermögen. Die GmbH schüttet an die KG aus, und die KG leitet die Ausschüttung an Frau Eich weiter. Frau Eich ist der Ansicht, dass die Ausschüttung für sie Einkünfte aus Kapitalvermögen nach § 27 EStG 1988 seien. Ist diese Ansicht korrekt?"
276,2,,dca666d06fcdade0,"Frau Eich ist Kommanditistin einer GmbH & Co KG und hält ihren Anteil im Privatvermögen. Die KG hält ihrerseits eine 100%-Beteiligung an einer GmbH im Betriebsvermögen. Die GmbH schüttet an die KG aus, und die KG leitet die Ausschüttung an Frau Eich weiter. Frau Eich ist der Ansicht, dass die Ausschüttung für sie Einkünfte aus Kapitalvermögen nach § 27 EStG 1988 seien. Ist diese Ansicht korrekt?"
276,3,,dca666d06fcdade0,"Frau Eich ist Kommanditistin einer GmbH & Co KG und hält ihren Anteil im Privatvermögen. Die KG hält ihrerseits eine 100%-Beteiligung an einer GmbH im Betriebsvermögen. Die GmbH schüttet an die KG aus, und die KG leitet die Ausschüttung an Frau Eich weiter. Frau Eich ist der Ansicht, dass die Ausschüttung für sie Einkünfte aus Kapitalvermögen nach § 27 EStG 1988 seien. Ist diese Ansicht korrekt?"
277,1,,9c47e2159a8e55ba,Ein OG-Gesellschafter vermietet sein Gebäude an die OG und gibt die Mieteinnahmen als Vermietungseinkünfte an. Ist das korrekt?
277,2,,9c47e2159a8e55ba,Ein OG-Gesellschafter vermietet sein Gebäude an die OG und gibt die Mieteinnahmen als Vermietungseinkünfte an. Ist das korrekt?
277,3,,9c47e2159a8e55ba,Ein OG-Gesellschafter vermietet sein Gebäude an die OG und gibt die Mieteinnahmen als Vermietungseinkünfte an. Ist das korrekt?
278,1,,aae6e795afb19f2b,Wie werden Einlagen und Beiträge von Gesellschaftern bei der Einkommensermittlung behandelt?
278,2,,aae6e795afb19f2b,Wie werden Einlagen und Beiträge von Gesellschaftern bei der Einkommensermittlung behandelt?
278,3,,aae6e795afb19f2b,Wie werden Einlagen und Beiträge von Gesellschaftern bei der Einkommensermittlung behandelt?
279,1,,2134c3965a58ab05,„Ein österreichisches Unternehmen vermietet Spezialwerkzeug an eine Privatperson in Brasilien. Wo gilt diese Leistung als ausgeführt?“
279,2,,2134c3965a58ab05,„Ein österreichisches Unternehmen vermietet Spezialwerkzeug an eine Privatperson in Brasilien. Wo gilt diese Leistung als ausgeführt?“
279,3,,2134c3965a58ab05,„Ein österreichisches Unternehmen vermietet Spezialwerkzeug an eine Privatperson in Brasilien. Wo gilt diese Leistung als ausgeführt?“
280,1,,b3cbcc2e8e664fee,Ein in Deutschland ansässiger beschränkt steuerpflichtiger Arbeitnehmer erzielt Bezüge aus einer Tätigkeit im Sinne des § 99 Abs. 1 Z 1 EStG 1988 und teilt dem Arbeitgeber unmittelbar zusammenhängende Werbungskosten vor Auszahlung mit. Kann der Arbeitgeber diese Werbungskosten bereits beim Lohnsteuerabzug abziehen?
280,2,,b3cbcc2e8e664fee,Ein in Deutschland ansässiger beschränkt steuerpflichtiger Arbeitnehmer erzielt Bezüge aus einer Tätigkeit im Sinne des § 99 Abs. 1 Z 1 EStG 1988 und teilt dem Arbeitgeber unmittelbar zusammenhängende Werbungskosten vor Auszahlung mit. Kann der Arbeitgeber diese Werbungskosten bereits beim Lohnsteuerabzug abziehen?
280,3,,b3cbcc2e8e664fee,Ein in Deutschland ansässiger beschränkt steuerpflichtiger Arbeitnehmer erzielt Bezüge aus einer Tätigkeit im Sinne des § 99 Abs. 1 Z 1 EStG 1988 und teilt dem Arbeitgeber unmittelbar zusammenhängende Werbungskosten vor Auszahlung mit. Kann der Arbeitgeber diese Werbungskosten bereits beim Lohnsteuerabzug abziehen?
281,1,,88bc84e16845d774,"""Frau Meier betreibt eine Malerfirma in Wien. Sie streicht das Wohnzimmer von Herrn Bauer (Privatperson) in Graz. Wo gilt die Leistung steuerlich als ausgeführt: in Wien oder in Graz?"""
281,2,,88bc84e16845d774,"""Frau Meier betreibt eine Malerfirma in Wien. Sie streicht das Wohnzimmer von Herrn Bauer (Privatperson) in Graz. Wo gilt die Leistung steuerlich als ausgeführt: in Wien oder in Graz?"""
281,3,,88bc84e16845d774,"""Frau Meier betreibt eine Malerfirma in Wien. Sie streicht das Wohnzimmer von Herrn Bauer (Privatperson) in Graz. Wo gilt die Leistung steuerlich als ausgeführt: in Wien oder in Graz?"""
282,1,,f416913e09ef3094,"Ein Händler vertreibt Damenbinden, Tampons, Menstruationstassen, Kondome, hormonfreie Diaphragmen sowie ein intimbezogenes Lifestyleprodukt ohne Verhütungsfunktion. Der Händler ordnet alle Produkte dem Bereich der Intimgesundheit zu und begehrt für sämtliche Lieferungen dieselbe umsatzsteuerliche Behandlung. Zu bestimmen ist, welche Produktgruppen von der speziellen Befreiung tatsächlich erfasst sind."
282,2,,f416913e09ef3094,"Ein Händler vertreibt Damenbinden, Tampons, Menstruationstassen, Kondome, hormonfreie Diaphragmen sowie ein intimbezogenes Lifestyleprodukt ohne Verhütungsfunktion. Der Händler ordnet alle Produkte dem Bereich der Intimgesundheit zu und begehrt für sämtliche Lieferungen dieselbe umsatzsteuerliche Behandlung. Zu bestimmen ist, welche Produktgruppen von der speziellen Befreiung tatsächlich erfasst sind."
282,3,,f416913e09ef3094,"Ein Händler vertreibt Damenbinden, Tampons, Menstruationstassen, Kondome, hormonfreie Diaphragmen sowie ein intimbezogenes Lifestyleprodukt ohne Verhütungsfunktion. Der Händler ordnet alle Produkte dem Bereich der Intimgesundheit zu und begehrt für sämtliche Lieferungen dieselbe umsatzsteuerliche Behandlung. Zu bestimmen ist, welche Produktgruppen von der speziellen Befreiung tatsächlich erfasst sind."
283,1,,fc4cd619ff62429a,"Ein Sicherheitsunternehmen stellt seinen Mitarbeitern Uniformen mit Firmenlogo zur Verfügung, die während des Dienstes getragen werden müssen. Stellt der Wert dieser Kleidung ein steuerpflichtiges Einkommen für die Mitarbeiter dar?"
283,2,,fc4cd619ff62429a,"Ein Sicherheitsunternehmen stellt seinen Mitarbeitern Uniformen mit Firmenlogo zur Verfügung, die während des Dienstes getragen werden müssen. Stellt der Wert dieser Kleidung ein steuerpflichtiges Einkommen für die Mitarbeiter dar?"
283,3,,fc4cd619ff62429a,"Ein Sicherheitsunternehmen stellt seinen Mitarbeitern Uniformen mit Firmenlogo zur Verfügung, die während des Dienstes getragen werden müssen. Stellt der Wert dieser Kleidung ein steuerpflichtiges Einkommen für die Mitarbeiter dar?"
284,1,,1307155f517d9a1f,"Ein deutscher Staatsangehöriger lebt in Deutschland, hat keinen Wohnsitz in Österreich, erzielt aber 95% seiner Jahreseinkünfte aus Österreich. Kann er auf Antrag wie ein unbeschränkt Steuerpflichtiger behandelt werden?"
284,2,,1307155f517d9a1f,"Ein deutscher Staatsangehöriger lebt in Deutschland, hat keinen Wohnsitz in Österreich, erzielt aber 95% seiner Jahreseinkünfte aus Österreich. Kann er auf Antrag wie ein unbeschränkt Steuerpflichtiger behandelt werden?"
284,3,,1307155f517d9a1f,"Ein deutscher Staatsangehöriger lebt in Deutschland, hat keinen Wohnsitz in Österreich, erzielt aber 95% seiner Jahreseinkünfte aus Österreich. Kann er auf Antrag wie ein unbeschränkt Steuerpflichtiger behandelt werden?"
285,1,,b0c8dafacd05ccdb,"„Ein Kunde übergibt einem Schneider Stoff zur Anfertigung eines Anzugs. Der Schneider gibt ihm jedoch einen bereits fertigen, gleichartigen Anzug aus seinem Bestand und verrechnet einen festen Werklohn. Wie ist die Leistung zu beurteilen?“"
285,2,,b0c8dafacd05ccdb,"„Ein Kunde übergibt einem Schneider Stoff zur Anfertigung eines Anzugs. Der Schneider gibt ihm jedoch einen bereits fertigen, gleichartigen Anzug aus seinem Bestand und verrechnet einen festen Werklohn. Wie ist die Leistung zu beurteilen?“"
285,3,,b0c8dafacd05ccdb,"„Ein Kunde übergibt einem Schneider Stoff zur Anfertigung eines Anzugs. Der Schneider gibt ihm jedoch einen bereits fertigen, gleichartigen Anzug aus seinem Bestand und verrechnet einen festen Werklohn. Wie ist die Leistung zu beurteilen?“"
286,1,,275de3819b912759,"Eine natürliche Person ist Mitglied des Aufsichtsrats einer Aktiengesellschaft und erhält für diese Tätigkeit Vergütungen samt Reisekostenersätzen. Sie argumentiert, die Kontrolltätigkeit werde eigenverantwortlich ausgeübt und sei daher eine selbständige unternehmerische Tätigkeit im Sinne des § 2 Abs. 1 UStG. Wie ist diese Tätigkeit nach dem Gesetz einzuordnen?"
286,2,,275de3819b912759,"Eine natürliche Person ist Mitglied des Aufsichtsrats einer Aktiengesellschaft und erhält für diese Tätigkeit Vergütungen samt Reisekostenersätzen. Sie argumentiert, die Kontrolltätigkeit werde eigenverantwortlich ausgeübt und sei daher eine selbständige unternehmerische Tätigkeit im Sinne des § 2 Abs. 1 UStG. Wie ist diese Tätigkeit nach dem Gesetz einzuordnen?"
286,3,,275de3819b912759,"Eine natürliche Person ist Mitglied des Aufsichtsrats einer Aktiengesellschaft und erhält für diese Tätigkeit Vergütungen samt Reisekostenersätzen. Sie argumentiert, die Kontrolltätigkeit werde eigenverantwortlich ausgeübt und sei daher eine selbständige unternehmerische Tätigkeit im Sinne des § 2 Abs. 1 UStG. Wie ist diese Tätigkeit nach dem Gesetz einzuordnen?"
287,1,,9db558a5e758a172,"""Ein Wiener Musiker überträgt die Rechte an einem Lied an einen Fan in Australien. Wo liegt der Leistungsort?"""
287,2,,9db558a5e758a172,"""Ein Wiener Musiker überträgt die Rechte an einem Lied an einen Fan in Australien. Wo liegt der Leistungsort?"""
287,3,,9db558a5e758a172,"""Ein Wiener Musiker überträgt die Rechte an einem Lied an einen Fan in Australien. Wo liegt der Leistungsort?"""
288,1,,48245d326f9fbc70,"Ein ausländischer Gewerbetreibender hat in Österreich keine Betriebsstätte, aber einen ständigen Vertreter. Können dadurch in Österreich beschränkt steuerpflichtige gewerbliche Einkünfte entstehen?"
288,2,,48245d326f9fbc70,"Ein ausländischer Gewerbetreibender hat in Österreich keine Betriebsstätte, aber einen ständigen Vertreter. Können dadurch in Österreich beschränkt steuerpflichtige gewerbliche Einkünfte entstehen?"
288,3,,48245d326f9fbc70,"Ein ausländischer Gewerbetreibender hat in Österreich keine Betriebsstätte, aber einen ständigen Vertreter. Können dadurch in Österreich beschränkt steuerpflichtige gewerbliche Einkünfte entstehen?"
289,1,,a4fdf97e3bcff2cf,Ein in Ungarn wohnender Arbeitnehmer übernachtet von Montag bis Donnerstag regelmäßig am österreichischen Arbeitsort und fährt nur am Wochenende heim. Kann dadurch ein gewöhnlicher Aufenthalt in Österreich entstehen?
289,2,,a4fdf97e3bcff2cf,Ein in Ungarn wohnender Arbeitnehmer übernachtet von Montag bis Donnerstag regelmäßig am österreichischen Arbeitsort und fährt nur am Wochenende heim. Kann dadurch ein gewöhnlicher Aufenthalt in Österreich entstehen?
289,3,,a4fdf97e3bcff2cf,Ein in Ungarn wohnender Arbeitnehmer übernachtet von Montag bis Donnerstag regelmäßig am österreichischen Arbeitsort und fährt nur am Wochenende heim. Kann dadurch ein gewöhnlicher Aufenthalt in Österreich entstehen?
290,1,,15f02d49ee5441f4,Sind außergewöhnliche Belastungen nach § 34 EStG 1988 und § 35 EStG 1988 bei beschränkter Steuerpflicht anwendbar?
290,2,,15f02d49ee5441f4,Sind außergewöhnliche Belastungen nach § 34 EStG 1988 und § 35 EStG 1988 bei beschränkter Steuerpflicht anwendbar?
290,3,,15f02d49ee5441f4,Sind außergewöhnliche Belastungen nach § 34 EStG 1988 und § 35 EStG 1988 bei beschränkter Steuerpflicht anwendbar?
291,1,,ebf8c0268cf23053,Ein Käufer hat bereits einen Anspruch auf Übereignung eines Grundstücks in Graz. Noch vor der Durchführung überträgt er diesen Anspruch vertraglich an seine Schwester. Ist schon diese Abtretung grunderwerbsteuerpflichtig?
291,2,,ebf8c0268cf23053,Ein Käufer hat bereits einen Anspruch auf Übereignung eines Grundstücks in Graz. Noch vor der Durchführung überträgt er diesen Anspruch vertraglich an seine Schwester. Ist schon diese Abtretung grunderwerbsteuerpflichtig?
291,3,,ebf8c0268cf23053,Ein Käufer hat bereits einen Anspruch auf Übereignung eines Grundstücks in Graz. Noch vor der Durchführung überträgt er diesen Anspruch vertraglich an seine Schwester. Ist schon diese Abtretung grunderwerbsteuerpflichtig?
292,1,,62235b7925e7ddb6,"„Ein Mobilfunkanbieter mit Sitz in der Schweiz stellt einer Privatperson Mobilfunkleistungen bereit. Die Person hat keinen gemeldeten Wohnsitz in Österreich, hält sich aber aufgrund eines langfristigen Projekts seit 8 Monaten durchgehend in einer Mietwohnung in Innsbruck auf. Der Kunde nutzt das Handy ausschließlich in Innsbruck. Wo ist der steuerliche Leistungsort für diese Gebühren nach österreichischem Recht, obwohl kein offizieller Wohnsitz vorliegt?“"
292,2,,62235b7925e7ddb6,"„Ein Mobilfunkanbieter mit Sitz in der Schweiz stellt einer Privatperson Mobilfunkleistungen bereit. Die Person hat keinen gemeldeten Wohnsitz in Österreich, hält sich aber aufgrund eines langfristigen Projekts seit 8 Monaten durchgehend in einer Mietwohnung in Innsbruck auf. Der Kunde nutzt das Handy ausschließlich in Innsbruck. Wo ist der steuerliche Leistungsort für diese Gebühren nach österreichischem Recht, obwohl kein offizieller Wohnsitz vorliegt?“"
292,3,,62235b7925e7ddb6,"„Ein Mobilfunkanbieter mit Sitz in der Schweiz stellt einer Privatperson Mobilfunkleistungen bereit. Die Person hat keinen gemeldeten Wohnsitz in Österreich, hält sich aber aufgrund eines langfristigen Projekts seit 8 Monaten durchgehend in einer Mietwohnung in Innsbruck auf. Der Kunde nutzt das Handy ausschließlich in Innsbruck. Wo ist der steuerliche Leistungsort für diese Gebühren nach österreichischem Recht, obwohl kein offizieller Wohnsitz vorliegt?“"
293,1,,002b42f4f8e0bad0,Was zählt zu den Einkünften aus nichtselbstständiger Arbeit (§ 25 EStG)?
293,2,,002b42f4f8e0bad0,Was zählt zu den Einkünften aus nichtselbstständiger Arbeit (§ 25 EStG)?
293,3,,002b42f4f8e0bad0,Was zählt zu den Einkünften aus nichtselbstständiger Arbeit (§ 25 EStG)?
294,1,,11f119b8ac256b35,Was regelt das KMU-Förderungsgesetz steuerlich?
294,2,,11f119b8ac256b35,Was regelt das KMU-Förderungsgesetz steuerlich?
294,3,,11f119b8ac256b35,Was regelt das KMU-Förderungsgesetz steuerlich?
295,1,,1dde2578c00e1e4b,Welche Steuern sind nach § 12 KStG nicht als Betriebsausgaben abzugsfähig?
295,2,,1dde2578c00e1e4b,Welche Steuern sind nach § 12 KStG nicht als Betriebsausgaben abzugsfähig?
295,3,,1dde2578c00e1e4b,Welche Steuern sind nach § 12 KStG nicht als Betriebsausgaben abzugsfähig?
296,1,,bf9faafd9537204f,"Ein chinesischer Händler verkauft über einen Online-Marktplatz Kopfhörer an eine Privatperson in Österreich. Die Ware wird aus dem Drittlandsgebiet nach Österreich versendet, der Einzelwert der Sendung beträgt 145 Euro. Der Marktplatz unterstützt den Verkauf technisch und organisatorisch. Wird der Marktplatz umsatzsteuerlich so behandelt, als ob er die Gegenstände selbst erhalten und geliefert hätte?"
296,2,,bf9faafd9537204f,"Ein chinesischer Händler verkauft über einen Online-Marktplatz Kopfhörer an eine Privatperson in Österreich. Die Ware wird aus dem Drittlandsgebiet nach Österreich versendet, der Einzelwert der Sendung beträgt 145 Euro. Der Marktplatz unterstützt den Verkauf technisch und organisatorisch. Wird der Marktplatz umsatzsteuerlich so behandelt, als ob er die Gegenstände selbst erhalten und geliefert hätte?"
296,3,,bf9faafd9537204f,"Ein chinesischer Händler verkauft über einen Online-Marktplatz Kopfhörer an eine Privatperson in Österreich. Die Ware wird aus dem Drittlandsgebiet nach Österreich versendet, der Einzelwert der Sendung beträgt 145 Euro. Der Marktplatz unterstützt den Verkauf technisch und organisatorisch. Wird der Marktplatz umsatzsteuerlich so behandelt, als ob er die Gegenstände selbst erhalten und geliefert hätte?"
297,1,,2069513180604dbb,"Eine Ware wird aus einem Drittstaat nach Österreich eingeführt. Der Importeur möchte bei der Ermittlung der Bemessungsgrundlage die Einfuhrumsatzsteuer selbst als Bestandteil der Bemessungsgrundlage mitansetzen, weil sie anlässlich der Einfuhr anfällt und wirtschaftlich zu den Importkosten gehört. Ist das nach § 5 UStG zulässig?"
297,2,,2069513180604dbb,"Eine Ware wird aus einem Drittstaat nach Österreich eingeführt. Der Importeur möchte bei der Ermittlung der Bemessungsgrundlage die Einfuhrumsatzsteuer selbst als Bestandteil der Bemessungsgrundlage mitansetzen, weil sie anlässlich der Einfuhr anfällt und wirtschaftlich zu den Importkosten gehört. Ist das nach § 5 UStG zulässig?"
297,3,,2069513180604dbb,"Eine Ware wird aus einem Drittstaat nach Österreich eingeführt. Der Importeur möchte bei der Ermittlung der Bemessungsgrundlage die Einfuhrumsatzsteuer selbst als Bestandteil der Bemessungsgrundlage mitansetzen, weil sie anlässlich der Einfuhr anfällt und wirtschaftlich zu den Importkosten gehört. Ist das nach § 5 UStG zulässig?"
298,1,,521a294a96b1d77d,"Der Arbeitgeber S will seinen Mitarbeitern, um die Gesundheit zu fördern, eine Mitgliedschaft im lokalen Fitnessstudio bezahlen. Da Bewegung eines der angeführten Handlungsfelder der betrieblichen Gesundheitsförderung ist, liegt eine steuerfreie Maßnahme vor. Ist der Arbeitgeber S im Recht?"
298,2,,521a294a96b1d77d,"Der Arbeitgeber S will seinen Mitarbeitern, um die Gesundheit zu fördern, eine Mitgliedschaft im lokalen Fitnessstudio bezahlen. Da Bewegung eines der angeführten Handlungsfelder der betrieblichen Gesundheitsförderung ist, liegt eine steuerfreie Maßnahme vor. Ist der Arbeitgeber S im Recht?"
298,3,,521a294a96b1d77d,"Der Arbeitgeber S will seinen Mitarbeitern, um die Gesundheit zu fördern, eine Mitgliedschaft im lokalen Fitnessstudio bezahlen. Da Bewegung eines der angeführten Handlungsfelder der betrieblichen Gesundheitsförderung ist, liegt eine steuerfreie Maßnahme vor. Ist der Arbeitgeber S im Recht?"
299,1,,2619f8c47a7d7b1e,"Eine Kapitalgesellschaft stellt ihrem Gesellschafter eine sonstige Leistung zu einem Preis in Rechnung, der deutlich unter dem Marktpreis liegt. Der Gesellschafter ist nicht zum Vorsteuerabzug berechtigt. Die Gesellschaft meint, für die Umsatzsteuer sei trotzdem allein das tatsächlich vereinbarte Entgelt maßgeblich, weil genau dieser Betrag bezahlt werde. Welche Bemessungsgrundlage ordnet § 4 UStG in dieser Konstellation an?"
299,2,,2619f8c47a7d7b1e,"Eine Kapitalgesellschaft stellt ihrem Gesellschafter eine sonstige Leistung zu einem Preis in Rechnung, der deutlich unter dem Marktpreis liegt. Der Gesellschafter ist nicht zum Vorsteuerabzug berechtigt. Die Gesellschaft meint, für die Umsatzsteuer sei trotzdem allein das tatsächlich vereinbarte Entgelt maßgeblich, weil genau dieser Betrag bezahlt werde. Welche Bemessungsgrundlage ordnet § 4 UStG in dieser Konstellation an?"
299,3,,2619f8c47a7d7b1e,"Eine Kapitalgesellschaft stellt ihrem Gesellschafter eine sonstige Leistung zu einem Preis in Rechnung, der deutlich unter dem Marktpreis liegt. Der Gesellschafter ist nicht zum Vorsteuerabzug berechtigt. Die Gesellschaft meint, für die Umsatzsteuer sei trotzdem allein das tatsächlich vereinbarte Entgelt maßgeblich, weil genau dieser Betrag bezahlt werde. Welche Bemessungsgrundlage ordnet § 4 UStG in dieser Konstellation an?"
300,1,,6f7c260ae687ba22,"Ein Kommanditist einer Steuerberatungs-GmbH & Co KG ist verärgert über die Geschäftsführung und verkauft seinen gesamten Kommanditanteil mit erheblichem Gewinn an einen Dritten. Da er nur Kapitalgeber war, möchte er den Erlös als privates Veräußerungsgeschäft versteuern. Ist das rechtens?"
300,2,,6f7c260ae687ba22,"Ein Kommanditist einer Steuerberatungs-GmbH & Co KG ist verärgert über die Geschäftsführung und verkauft seinen gesamten Kommanditanteil mit erheblichem Gewinn an einen Dritten. Da er nur Kapitalgeber war, möchte er den Erlös als privates Veräußerungsgeschäft versteuern. Ist das rechtens?"
300,3,,6f7c260ae687ba22,"Ein Kommanditist einer Steuerberatungs-GmbH & Co KG ist verärgert über die Geschäftsführung und verkauft seinen gesamten Kommanditanteil mit erheblichem Gewinn an einen Dritten. Da er nur Kapitalgeber war, möchte er den Erlös als privates Veräußerungsgeschäft versteuern. Ist das rechtens?"
301,1,,f43369905bdb5553,"Herr und Frau Maier betreiben seit 2024 gemeinsam Krypto-Staking. Sie haben ein gemeinsames Wallet, in dem 100 ETH gehalten werden. Die ETH wurden jeweils zur Hälfte von beiden angeschafft (Herr Maier: 50 ETH zu EUR 2.000/Stück, Frau Maier: 50 ETH zu EUR 3.500/Stück). Im Jahr 2026 werden 8 ETH als Staking-Rewards gutgeschrieben (Marktwert bei Zufluss: EUR 3.200/ETH). Kurz darauf verkauft Herr Maier 30 ETH aus dem gemeinsamen Wallet zu EUR 3.300/ETH. Die Eheleute haben keine schriftliche Vereinbarung über die interne Zuordnung der Rewards oder über die Reihenfolge der Veräußerung. Wem sind die Staking-Rewards zuzurechnen, und wie bestimmen sich die Anschaffungskosten der veräußerten 30 ETH?"
301,2,,f43369905bdb5553,"Herr und Frau Maier betreiben seit 2024 gemeinsam Krypto-Staking. Sie haben ein gemeinsames Wallet, in dem 100 ETH gehalten werden. Die ETH wurden jeweils zur Hälfte von beiden angeschafft (Herr Maier: 50 ETH zu EUR 2.000/Stück, Frau Maier: 50 ETH zu EUR 3.500/Stück). Im Jahr 2026 werden 8 ETH als Staking-Rewards gutgeschrieben (Marktwert bei Zufluss: EUR 3.200/ETH). Kurz darauf verkauft Herr Maier 30 ETH aus dem gemeinsamen Wallet zu EUR 3.300/ETH. Die Eheleute haben keine schriftliche Vereinbarung über die interne Zuordnung der Rewards oder über die Reihenfolge der Veräußerung. Wem sind die Staking-Rewards zuzurechnen, und wie bestimmen sich die Anschaffungskosten der veräußerten 30 ETH?"
301,3,,f43369905bdb5553,"Herr und Frau Maier betreiben seit 2024 gemeinsam Krypto-Staking. Sie haben ein gemeinsames Wallet, in dem 100 ETH gehalten werden. Die ETH wurden jeweils zur Hälfte von beiden angeschafft (Herr Maier: 50 ETH zu EUR 2.000/Stück, Frau Maier: 50 ETH zu EUR 3.500/Stück). Im Jahr 2026 werden 8 ETH als Staking-Rewards gutgeschrieben (Marktwert bei Zufluss: EUR 3.200/ETH). Kurz darauf verkauft Herr Maier 30 ETH aus dem gemeinsamen Wallet zu EUR 3.300/ETH. Die Eheleute haben keine schriftliche Vereinbarung über die interne Zuordnung der Rewards oder über die Reihenfolge der Veräußerung. Wem sind die Staking-Rewards zuzurechnen, und wie bestimmen sich die Anschaffungskosten der veräußerten 30 ETH?"
302,1,,50eb0023849ccc4f,Eine privatrechtliche Stiftung erwirbt ein Grundstück unentgeltlich. Es fällt keine Stiftungseingangssteuer an. Gibt es in diesem Fall einen Zuschlag zur Grunderwerbsteuer?
302,2,,50eb0023849ccc4f,Eine privatrechtliche Stiftung erwirbt ein Grundstück unentgeltlich. Es fällt keine Stiftungseingangssteuer an. Gibt es in diesem Fall einen Zuschlag zur Grunderwerbsteuer?
302,3,,50eb0023849ccc4f,Eine privatrechtliche Stiftung erwirbt ein Grundstück unentgeltlich. Es fällt keine Stiftungseingangssteuer an. Gibt es in diesem Fall einen Zuschlag zur Grunderwerbsteuer?
303,1,,e4c0fd890f57f34d,Eine österreichische Gesellschaft führt einen zuvor aus Österreich ausgeführten Gegenstand nach einer Bearbeitung im Drittlandsgebiet wieder ein. Für die Bearbeitung wurde ein gesondertes Entgelt vereinbart. Die Gesellschaft möchte die Einfuhrumsatzsteuer auf Basis des vollen Wertes des wiedereingeführten Gegenstands bemessen. Welche Bemessungsgrundlage gibt § 5 UStG für diesen Fall vor?
303,2,,e4c0fd890f57f34d,Eine österreichische Gesellschaft führt einen zuvor aus Österreich ausgeführten Gegenstand nach einer Bearbeitung im Drittlandsgebiet wieder ein. Für die Bearbeitung wurde ein gesondertes Entgelt vereinbart. Die Gesellschaft möchte die Einfuhrumsatzsteuer auf Basis des vollen Wertes des wiedereingeführten Gegenstands bemessen. Welche Bemessungsgrundlage gibt § 5 UStG für diesen Fall vor?
303,3,,e4c0fd890f57f34d,Eine österreichische Gesellschaft führt einen zuvor aus Österreich ausgeführten Gegenstand nach einer Bearbeitung im Drittlandsgebiet wieder ein. Für die Bearbeitung wurde ein gesondertes Entgelt vereinbart. Die Gesellschaft möchte die Einfuhrumsatzsteuer auf Basis des vollen Wertes des wiedereingeführten Gegenstands bemessen. Welche Bemessungsgrundlage gibt § 5 UStG für diesen Fall vor?
304,1,,baaa912ea6d68378,"Eine Parfümeriekette verkauft während eines Fluges von Wien nach Madrid noch vor der Landung Parfum an Bord des Flugzeugs an einen Passagier. Der Flug verläuft ohne Zwischenaufenthalt außerhalb des Gemeinschaftsgebiets. Gilt der Ort der Lieferung als in Spanien gelegen, weil dort der Kunde das Flugzeug verlässt?"
304,2,,baaa912ea6d68378,"Eine Parfümeriekette verkauft während eines Fluges von Wien nach Madrid noch vor der Landung Parfum an Bord des Flugzeugs an einen Passagier. Der Flug verläuft ohne Zwischenaufenthalt außerhalb des Gemeinschaftsgebiets. Gilt der Ort der Lieferung als in Spanien gelegen, weil dort der Kunde das Flugzeug verlässt?"
304,3,,baaa912ea6d68378,"Eine Parfümeriekette verkauft während eines Fluges von Wien nach Madrid noch vor der Landung Parfum an Bord des Flugzeugs an einen Passagier. Der Flug verläuft ohne Zwischenaufenthalt außerhalb des Gemeinschaftsgebiets. Gilt der Ort der Lieferung als in Spanien gelegen, weil dort der Kunde das Flugzeug verlässt?"
305,1,,ca6c2d8297706793,"""Herr Weber möchte sein Grundstück verkaufen. Er beauftragt einen Grundstücksmakler, der ihn bei der Vermittlung unterstützt. Gilt die Maklerleistung als sonstige Leistung im Zusammenhang mit einem Grundstück, und wo wird sie ausgeführt?"""
305,2,,ca6c2d8297706793,"""Herr Weber möchte sein Grundstück verkaufen. Er beauftragt einen Grundstücksmakler, der ihn bei der Vermittlung unterstützt. Gilt die Maklerleistung als sonstige Leistung im Zusammenhang mit einem Grundstück, und wo wird sie ausgeführt?"""
305,3,,ca6c2d8297706793,"""Herr Weber möchte sein Grundstück verkaufen. Er beauftragt einen Grundstücksmakler, der ihn bei der Vermittlung unterstützt. Gilt die Maklerleistung als sonstige Leistung im Zusammenhang mit einem Grundstück, und wo wird sie ausgeführt?"""
306,1,,98ed2e421667ac78,"Ein Träger der Sozialversicherung verrechnet Leistungen an Versicherte, an mitversicherte Angehörige, an zum Ersatz von Fürsorgekosten Verpflichtete und an externe Unternehmen, die für eigene Projekte Gesundheitschecks einkaufen. Der Träger vertritt die Ansicht, seine öffentlich rechtliche Stellung erfasse alle diese Umsätze. Zu prüfen ist, welche Leistungsempfänger von der Befreiung gedeckt sind."
306,2,,98ed2e421667ac78,"Ein Träger der Sozialversicherung verrechnet Leistungen an Versicherte, an mitversicherte Angehörige, an zum Ersatz von Fürsorgekosten Verpflichtete und an externe Unternehmen, die für eigene Projekte Gesundheitschecks einkaufen. Der Träger vertritt die Ansicht, seine öffentlich rechtliche Stellung erfasse alle diese Umsätze. Zu prüfen ist, welche Leistungsempfänger von der Befreiung gedeckt sind."
306,3,,98ed2e421667ac78,"Ein Träger der Sozialversicherung verrechnet Leistungen an Versicherte, an mitversicherte Angehörige, an zum Ersatz von Fürsorgekosten Verpflichtete und an externe Unternehmen, die für eigene Projekte Gesundheitschecks einkaufen. Der Träger vertritt die Ansicht, seine öffentlich rechtliche Stellung erfasse alle diese Umsätze. Zu prüfen ist, welche Leistungsempfänger von der Befreiung gedeckt sind."
307,1,,102aa694da9120a5,Gibt es für die Steuerfreiheit inländischer Beteiligungserträge eine Mindestbeteiligungsquote oder Haltefrist?
307,2,,102aa694da9120a5,Gibt es für die Steuerfreiheit inländischer Beteiligungserträge eine Mindestbeteiligungsquote oder Haltefrist?
307,3,,102aa694da9120a5,Gibt es für die Steuerfreiheit inländischer Beteiligungserträge eine Mindestbeteiligungsquote oder Haltefrist?
308,1,,7faf10a124015d42,Wie funktioniert die degressive Abschreibung (AfA)?
308,2,,7faf10a124015d42,Wie funktioniert die degressive Abschreibung (AfA)?
308,3,,7faf10a124015d42,Wie funktioniert die degressive Abschreibung (AfA)?
309,1,,276d3e0b8b73f669,Ein geschickter Handwerker repariert in seiner Freizeit regelmäßig defekte Elektrogeräte ausschließlich für seine engen Verwandten und verlangt dafür lediglich einen Unkostenbeitrag für die Ersatzteile sowie ein kleines Trinkgeld. Er schaltet keine Werbung und lehnt Anfragen von fremden Nachbarn strikt ab. Liegt hier ein Gewerbebetrieb im Sinne des § 23 EStG vor?
309,2,,276d3e0b8b73f669,Ein geschickter Handwerker repariert in seiner Freizeit regelmäßig defekte Elektrogeräte ausschließlich für seine engen Verwandten und verlangt dafür lediglich einen Unkostenbeitrag für die Ersatzteile sowie ein kleines Trinkgeld. Er schaltet keine Werbung und lehnt Anfragen von fremden Nachbarn strikt ab. Liegt hier ein Gewerbebetrieb im Sinne des § 23 EStG vor?
309,3,,276d3e0b8b73f669,Ein geschickter Handwerker repariert in seiner Freizeit regelmäßig defekte Elektrogeräte ausschließlich für seine engen Verwandten und verlangt dafür lediglich einen Unkostenbeitrag für die Ersatzteile sowie ein kleines Trinkgeld. Er schaltet keine Werbung und lehnt Anfragen von fremden Nachbarn strikt ab. Liegt hier ein Gewerbebetrieb im Sinne des § 23 EStG vor?
310,1,,d1833f7b2ef5dda4,"Ein Käufer erwirbt ein Grundstück. Zusätzlich zahlt er an einen Dritten einen Geldbetrag dafür, dass dieser auf sein eigenes Interesse am Erwerb des Grundstückes verzichtet. Gehört diese Zahlung an den Dritten zur grunderwerbsteuerlichen Gegenleistung?"
310,2,,d1833f7b2ef5dda4,"Ein Käufer erwirbt ein Grundstück. Zusätzlich zahlt er an einen Dritten einen Geldbetrag dafür, dass dieser auf sein eigenes Interesse am Erwerb des Grundstückes verzichtet. Gehört diese Zahlung an den Dritten zur grunderwerbsteuerlichen Gegenleistung?"
310,3,,d1833f7b2ef5dda4,"Ein Käufer erwirbt ein Grundstück. Zusätzlich zahlt er an einen Dritten einen Geldbetrag dafür, dass dieser auf sein eigenes Interesse am Erwerb des Grundstückes verzichtet. Gehört diese Zahlung an den Dritten zur grunderwerbsteuerlichen Gegenleistung?"
311,1,,9a8b31dcdc247a6d,"Eine Körperschaft öffentlichen Rechts veranstaltet wissenschaftliche Fachvorträge, berufsbegleitende Abendkurse und zusätzlich eine populäre Abendgala mit Showcharakter. Die Einnahmen aus Vorträgen und Kursen dienen überwiegend der Kostendeckung; die Gala soll einen Überschuss für spätere Projekte erwirtschaften. Zu entscheiden ist, ob die gesamte Veranstaltungsreihe einheitlich oder getrennt nach ihrem Charakter zu behandeln ist."
311,2,,9a8b31dcdc247a6d,"Eine Körperschaft öffentlichen Rechts veranstaltet wissenschaftliche Fachvorträge, berufsbegleitende Abendkurse und zusätzlich eine populäre Abendgala mit Showcharakter. Die Einnahmen aus Vorträgen und Kursen dienen überwiegend der Kostendeckung; die Gala soll einen Überschuss für spätere Projekte erwirtschaften. Zu entscheiden ist, ob die gesamte Veranstaltungsreihe einheitlich oder getrennt nach ihrem Charakter zu behandeln ist."
311,3,,9a8b31dcdc247a6d,"Eine Körperschaft öffentlichen Rechts veranstaltet wissenschaftliche Fachvorträge, berufsbegleitende Abendkurse und zusätzlich eine populäre Abendgala mit Showcharakter. Die Einnahmen aus Vorträgen und Kursen dienen überwiegend der Kostendeckung; die Gala soll einen Überschuss für spätere Projekte erwirtschaften. Zu entscheiden ist, ob die gesamte Veranstaltungsreihe einheitlich oder getrennt nach ihrem Charakter zu behandeln ist."
312,1,,4f4d46e6f16f7588,"Ein Unternehmer verwendet für Zwecke des Unternehmens eine bezogene Leistung, die nach § 12 Abs. 2 UStG nicht als für das Unternehmen ausgeführt gilt. Die damit zusammenhängende Ausgabe ist zugleich ertragsteuerlich nicht abzugsfähig. Er will dennoch einen steuerbaren Eigenverbrauch nach § 1 Abs. 1 Z 2 lit. a UStG annehmen, weil beide Tatbestandsmerkmale wirtschaftlich auf eine private Sphäre hindeuten. Trägt das?"
312,2,,4f4d46e6f16f7588,"Ein Unternehmer verwendet für Zwecke des Unternehmens eine bezogene Leistung, die nach § 12 Abs. 2 UStG nicht als für das Unternehmen ausgeführt gilt. Die damit zusammenhängende Ausgabe ist zugleich ertragsteuerlich nicht abzugsfähig. Er will dennoch einen steuerbaren Eigenverbrauch nach § 1 Abs. 1 Z 2 lit. a UStG annehmen, weil beide Tatbestandsmerkmale wirtschaftlich auf eine private Sphäre hindeuten. Trägt das?"
312,3,,4f4d46e6f16f7588,"Ein Unternehmer verwendet für Zwecke des Unternehmens eine bezogene Leistung, die nach § 12 Abs. 2 UStG nicht als für das Unternehmen ausgeführt gilt. Die damit zusammenhängende Ausgabe ist zugleich ertragsteuerlich nicht abzugsfähig. Er will dennoch einen steuerbaren Eigenverbrauch nach § 1 Abs. 1 Z 2 lit. a UStG annehmen, weil beide Tatbestandsmerkmale wirtschaftlich auf eine private Sphäre hindeuten. Trägt das?"
313,1,,ed686e58d8540fa6,"Eine Person dokumentiert nur 65 Tage in ihrer Wiener Zweitwohnung, mietet aber zusätzlich für zwei Monate ein Appartement und hält sich wegen weiterer Hotelaufenthalte insgesamt rund sechs Monate beruflich in Österreich auf. Kann trotz 70-Tage-Grenze unbeschränkte Steuerpflicht entstehen?"
313,2,,ed686e58d8540fa6,"Eine Person dokumentiert nur 65 Tage in ihrer Wiener Zweitwohnung, mietet aber zusätzlich für zwei Monate ein Appartement und hält sich wegen weiterer Hotelaufenthalte insgesamt rund sechs Monate beruflich in Österreich auf. Kann trotz 70-Tage-Grenze unbeschränkte Steuerpflicht entstehen?"
313,3,,ed686e58d8540fa6,"Eine Person dokumentiert nur 65 Tage in ihrer Wiener Zweitwohnung, mietet aber zusätzlich für zwei Monate ein Appartement und hält sich wegen weiterer Hotelaufenthalte insgesamt rund sechs Monate beruflich in Österreich auf. Kann trotz 70-Tage-Grenze unbeschränkte Steuerpflicht entstehen?"
314,1,,66cbf10940b6cb2d,Mehrere landwirtschaftliche Flächen werden im Rahmen eines behördlichen Zusammenlegungsverfahrens neu zugeordnet. Ist der Grundstückserwerb in diesem Verfahren grunderwerbsteuerfrei?
314,2,,66cbf10940b6cb2d,Mehrere landwirtschaftliche Flächen werden im Rahmen eines behördlichen Zusammenlegungsverfahrens neu zugeordnet. Ist der Grundstückserwerb in diesem Verfahren grunderwerbsteuerfrei?
314,3,,66cbf10940b6cb2d,Mehrere landwirtschaftliche Flächen werden im Rahmen eines behördlichen Zusammenlegungsverfahrens neu zugeordnet. Ist der Grundstückserwerb in diesem Verfahren grunderwerbsteuerfrei?
315,1,,d5eae2c4ec98d605,Ein österreichischer Unternehmer verarbeitet in Graz Stoffe für eine Schweizer Gesellschaft. Das Umsatzgeschäft über die Lohnveredlung wurde mit der Schweizer Gesellschaft abgeschlossen; diese holt die bearbeiteten Waren in Wien ab und verbringt sie selbst in die Schweiz. Ist § 8 Abs. 1 Z 2 anwendbar?
315,2,,d5eae2c4ec98d605,Ein österreichischer Unternehmer verarbeitet in Graz Stoffe für eine Schweizer Gesellschaft. Das Umsatzgeschäft über die Lohnveredlung wurde mit der Schweizer Gesellschaft abgeschlossen; diese holt die bearbeiteten Waren in Wien ab und verbringt sie selbst in die Schweiz. Ist § 8 Abs. 1 Z 2 anwendbar?
315,3,,d5eae2c4ec98d605,Ein österreichischer Unternehmer verarbeitet in Graz Stoffe für eine Schweizer Gesellschaft. Das Umsatzgeschäft über die Lohnveredlung wurde mit der Schweizer Gesellschaft abgeschlossen; diese holt die bearbeiteten Waren in Wien ab und verbringt sie selbst in die Schweiz. Ist § 8 Abs. 1 Z 2 anwendbar?
316,1,,a930fc31abe8218f,Eine in Deutschland ansässige GmbH schließt das Umsatzgeschäft über eine Ware über ihre im Inland gelegene Zweigniederlassung in eigenem Namen ab; die Ware wird anschließend in die Schweiz verbracht. Ist diese Zweigniederlassung ausländischer Abnehmer iSd § 7?
316,2,,a930fc31abe8218f,Eine in Deutschland ansässige GmbH schließt das Umsatzgeschäft über eine Ware über ihre im Inland gelegene Zweigniederlassung in eigenem Namen ab; die Ware wird anschließend in die Schweiz verbracht. Ist diese Zweigniederlassung ausländischer Abnehmer iSd § 7?
316,3,,a930fc31abe8218f,Eine in Deutschland ansässige GmbH schließt das Umsatzgeschäft über eine Ware über ihre im Inland gelegene Zweigniederlassung in eigenem Namen ab; die Ware wird anschließend in die Schweiz verbracht. Ist diese Zweigniederlassung ausländischer Abnehmer iSd § 7?
317,1,,151e7c8c69f6db59,Wie unterscheidet sich die Verlustverrechnung von ausländischen Gruppenmitgliedern von der inländischer Gruppenmitglieder?
317,2,,151e7c8c69f6db59,Wie unterscheidet sich die Verlustverrechnung von ausländischen Gruppenmitgliedern von der inländischer Gruppenmitglieder?
317,3,,151e7c8c69f6db59,Wie unterscheidet sich die Verlustverrechnung von ausländischen Gruppenmitgliedern von der inländischer Gruppenmitglieder?
318,1,,d41dff01bf74f402,"Eine natürliche Person erbringt fortlaufend Leistungen ausschließlich gegenüber ihren Vereinsmitgliedern und erzielt daraus laufende Einnahmen. Sie wendet ein, eine Tätigkeit nur gegenüber Mitgliedern könne schon begrifflich keine gewerbliche oder berufliche Tätigkeit sein. Welche Aussage trifft § 2 Abs. 1 UStG für diesen Fall?"
318,2,,d41dff01bf74f402,"Eine natürliche Person erbringt fortlaufend Leistungen ausschließlich gegenüber ihren Vereinsmitgliedern und erzielt daraus laufende Einnahmen. Sie wendet ein, eine Tätigkeit nur gegenüber Mitgliedern könne schon begrifflich keine gewerbliche oder berufliche Tätigkeit sein. Welche Aussage trifft § 2 Abs. 1 UStG für diesen Fall?"
318,3,,d41dff01bf74f402,"Eine natürliche Person erbringt fortlaufend Leistungen ausschließlich gegenüber ihren Vereinsmitgliedern und erzielt daraus laufende Einnahmen. Sie wendet ein, eine Tätigkeit nur gegenüber Mitgliedern könne schon begrifflich keine gewerbliche oder berufliche Tätigkeit sein. Welche Aussage trifft § 2 Abs. 1 UStG für diesen Fall?"
319,1,,86763e4ba670f94a,Wie hoch ist der maximal mögliche Verlustabzug in einem Veranlagungsjahr und welche Ausnahmen gibt es?
319,2,,86763e4ba670f94a,Wie hoch ist der maximal mögliche Verlustabzug in einem Veranlagungsjahr und welche Ausnahmen gibt es?
319,3,,86763e4ba670f94a,Wie hoch ist der maximal mögliche Verlustabzug in einem Veranlagungsjahr und welche Ausnahmen gibt es?
320,1,,15741c93ac7e98a1,"Ein Arbeitgeber übernimmt die Kosten für ein Masterstudium eines Angestellten, das in engem Zusammenhang mit dessen beruflicher Tätigkeit steht. Muss der Angestellte die übernommenen Studiengebühren als Sachbezug versteuern?"
320,2,,15741c93ac7e98a1,"Ein Arbeitgeber übernimmt die Kosten für ein Masterstudium eines Angestellten, das in engem Zusammenhang mit dessen beruflicher Tätigkeit steht. Muss der Angestellte die übernommenen Studiengebühren als Sachbezug versteuern?"
320,3,,15741c93ac7e98a1,"Ein Arbeitgeber übernimmt die Kosten für ein Masterstudium eines Angestellten, das in engem Zusammenhang mit dessen beruflicher Tätigkeit steht. Muss der Angestellte die übernommenen Studiengebühren als Sachbezug versteuern?"
321,1,,e1ec570fdc05ebf8,Eine österreichische Gesellschaft führt einen zuvor aus Österreich ausgeführten Gegenstand nach einer Bearbeitung im Drittlandsgebiet wieder ein. Für die Bearbeitung wurde ein gesondertes Entgelt vereinbart. Die Gesellschaft möchte die Einfuhrumsatzsteuer auf Basis des vollen Wertes des wiedereingeführten Gegenstands bemessen. Welche Bemessungsgrundlage gibt § 5 UStG für diesen Fall vor?
321,2,,e1ec570fdc05ebf8,Eine österreichische Gesellschaft führt einen zuvor aus Österreich ausgeführten Gegenstand nach einer Bearbeitung im Drittlandsgebiet wieder ein. Für die Bearbeitung wurde ein gesondertes Entgelt vereinbart. Die Gesellschaft möchte die Einfuhrumsatzsteuer auf Basis des vollen Wertes des wiedereingeführten Gegenstands bemessen. Welche Bemessungsgrundlage gibt § 5 UStG für diesen Fall vor?
321,3,,e1ec570fdc05ebf8,Eine österreichische Gesellschaft führt einen zuvor aus Österreich ausgeführten Gegenstand nach einer Bearbeitung im Drittlandsgebiet wieder ein. Für die Bearbeitung wurde ein gesondertes Entgelt vereinbart. Die Gesellschaft möchte die Einfuhrumsatzsteuer auf Basis des vollen Wertes des wiedereingeführten Gegenstands bemessen. Welche Bemessungsgrundlage gibt § 5 UStG für diesen Fall vor?
322,1,,034b62bf50eae2e0,"Ein pensionierter Bäcker verkauft seine komplett eingerichtete Bäckerei samt Kundenstock an einen Nachfolger. Der Kaufpreis von 300.000 Euro wird vereinbarungsgemäß in monatlichen Raten über 10 Jahre abbezahlt. Stellen diese Zahlungen Einkünfte aus Gewerbebetrieb dar, obwohl der Bäcker nicht mehr arbeitet?"
322,2,,034b62bf50eae2e0,"Ein pensionierter Bäcker verkauft seine komplett eingerichtete Bäckerei samt Kundenstock an einen Nachfolger. Der Kaufpreis von 300.000 Euro wird vereinbarungsgemäß in monatlichen Raten über 10 Jahre abbezahlt. Stellen diese Zahlungen Einkünfte aus Gewerbebetrieb dar, obwohl der Bäcker nicht mehr arbeitet?"
322,3,,034b62bf50eae2e0,"Ein pensionierter Bäcker verkauft seine komplett eingerichtete Bäckerei samt Kundenstock an einen Nachfolger. Der Kaufpreis von 300.000 Euro wird vereinbarungsgemäß in monatlichen Raten über 10 Jahre abbezahlt. Stellen diese Zahlungen Einkünfte aus Gewerbebetrieb dar, obwohl der Bäcker nicht mehr arbeitet?"
323,1,,1ed062a79b3a1a04,"Eine natürliche Person ist Mitglied des Aufsichtsrats einer Aktiengesellschaft und erhält für diese Tätigkeit Vergütungen samt Reisekostenersätzen. Sie argumentiert, die Kontrolltätigkeit werde eigenverantwortlich ausgeübt und sei daher eine selbständige unternehmerische Tätigkeit im Sinne des § 2 Abs. 1 UStG. Wie ist diese Tätigkeit nach dem Gesetz einzuordnen?"
323,2,,1ed062a79b3a1a04,"Eine natürliche Person ist Mitglied des Aufsichtsrats einer Aktiengesellschaft und erhält für diese Tätigkeit Vergütungen samt Reisekostenersätzen. Sie argumentiert, die Kontrolltätigkeit werde eigenverantwortlich ausgeübt und sei daher eine selbständige unternehmerische Tätigkeit im Sinne des § 2 Abs. 1 UStG. Wie ist diese Tätigkeit nach dem Gesetz einzuordnen?"
323,3,,1ed062a79b3a1a04,"Eine natürliche Person ist Mitglied des Aufsichtsrats einer Aktiengesellschaft und erhält für diese Tätigkeit Vergütungen samt Reisekostenersätzen. Sie argumentiert, die Kontrolltätigkeit werde eigenverantwortlich ausgeübt und sei daher eine selbständige unternehmerische Tätigkeit im Sinne des § 2 Abs. 1 UStG. Wie ist diese Tätigkeit nach dem Gesetz einzuordnen?"
324,1,,e8ed745e3185c904,"Ein Käufer erwirbt ein Grundstück, auf dem er sich verpflichtet, innerhalb von zwei Jahren ein Haus durch einen vom Verkäufer bestimmten Generalunternehmer bauen zu lassen (Bauherrenmodell). Worauf wird die Steuer berechnet?"
324,2,,e8ed745e3185c904,"Ein Käufer erwirbt ein Grundstück, auf dem er sich verpflichtet, innerhalb von zwei Jahren ein Haus durch einen vom Verkäufer bestimmten Generalunternehmer bauen zu lassen (Bauherrenmodell). Worauf wird die Steuer berechnet?"
324,3,,e8ed745e3185c904,"Ein Käufer erwirbt ein Grundstück, auf dem er sich verpflichtet, innerhalb von zwei Jahren ein Haus durch einen vom Verkäufer bestimmten Generalunternehmer bauen zu lassen (Bauherrenmodell). Worauf wird die Steuer berechnet?"
325,1,,d0c1d3a49cc1d9fb,"Eine in Spanien ansässige Person erzielt Einkünfte aus Rechten, die in ein österreichisches öffentliches Register eingetragen sind und vermietet werden. Kann § 98 Abs. 1 Z 6 EStG 1988 greifen?"
325,2,,d0c1d3a49cc1d9fb,"Eine in Spanien ansässige Person erzielt Einkünfte aus Rechten, die in ein österreichisches öffentliches Register eingetragen sind und vermietet werden. Kann § 98 Abs. 1 Z 6 EStG 1988 greifen?"
325,3,,d0c1d3a49cc1d9fb,"Eine in Spanien ansässige Person erzielt Einkünfte aus Rechten, die in ein österreichisches öffentliches Register eingetragen sind und vermietet werden. Kann § 98 Abs. 1 Z 6 EStG 1988 greifen?"
326,1,,2629792bcbfeb690,Sind Steuerumlagen zwischen Gruppenträgern und Gruppenmitgliedern steuerpflichtig?
326,2,,2629792bcbfeb690,Sind Steuerumlagen zwischen Gruppenträgern und Gruppenmitgliedern steuerpflichtig?
326,3,,2629792bcbfeb690,Sind Steuerumlagen zwischen Gruppenträgern und Gruppenmitgliedern steuerpflichtig?
327,1,,7da7fba309b365db,"Beginnt die beschränkte Steuerpflicht bereits mit der Aufgabe des österreichischen Wohnsitzes, wenn weiterhin österreichische Inlandseinkünfte erzielt werden?"
327,2,,7da7fba309b365db,"Beginnt die beschränkte Steuerpflicht bereits mit der Aufgabe des österreichischen Wohnsitzes, wenn weiterhin österreichische Inlandseinkünfte erzielt werden?"
327,3,,7da7fba309b365db,"Beginnt die beschränkte Steuerpflicht bereits mit der Aufgabe des österreichischen Wohnsitzes, wenn weiterhin österreichische Inlandseinkünfte erzielt werden?"
328,1,,8772419afa61366c,"Ein ehemaliger Arbeiter bezieht eine Alterspension von der Pensionsversicherungsanstalt (PVA). Er ist der Meinung, dass dies kein ""Arbeitseinkommen"" mehr sei, da er nicht mehr aktiv arbeitet. Fallen diese Bezüge unter § 25 EStG?"
328,2,,8772419afa61366c,"Ein ehemaliger Arbeiter bezieht eine Alterspension von der Pensionsversicherungsanstalt (PVA). Er ist der Meinung, dass dies kein ""Arbeitseinkommen"" mehr sei, da er nicht mehr aktiv arbeitet. Fallen diese Bezüge unter § 25 EStG?"
328,3,,8772419afa61366c,"Ein ehemaliger Arbeiter bezieht eine Alterspension von der Pensionsversicherungsanstalt (PVA). Er ist der Meinung, dass dies kein ""Arbeitseinkommen"" mehr sei, da er nicht mehr aktiv arbeitet. Fallen diese Bezüge unter § 25 EStG?"
329,1,,70b03a38c65fc06c,Was wurde bei der Homeoffice-Pauschale geregelt?
329,2,,70b03a38c65fc06c,Was wurde bei der Homeoffice-Pauschale geregelt?
329,3,,70b03a38c65fc06c,Was wurde bei der Homeoffice-Pauschale geregelt?
330,1,,b762f37c60dcb14e,"Ein Steuerpflichtiger erbt ein großes Grundstück, parzelliert dieses in acht Bauplätze, lässt diese auf eigene Kosten durch die Gemeinde erschließen (Strom, Wasser, Kanal) und verkauft alle acht Parzellen innerhalb von 12 Monaten einzeln an verschiedene Häuslbauer. Er erzielt dabei einen erheblichen Überschuss. Ist dieser Vorgang als private Vermögensverwaltung oder als Gewerbebetrieb gemäß § 23 EStG einzustufen?"
330,2,,b762f37c60dcb14e,"Ein Steuerpflichtiger erbt ein großes Grundstück, parzelliert dieses in acht Bauplätze, lässt diese auf eigene Kosten durch die Gemeinde erschließen (Strom, Wasser, Kanal) und verkauft alle acht Parzellen innerhalb von 12 Monaten einzeln an verschiedene Häuslbauer. Er erzielt dabei einen erheblichen Überschuss. Ist dieser Vorgang als private Vermögensverwaltung oder als Gewerbebetrieb gemäß § 23 EStG einzustufen?"
330,3,,b762f37c60dcb14e,"Ein Steuerpflichtiger erbt ein großes Grundstück, parzelliert dieses in acht Bauplätze, lässt diese auf eigene Kosten durch die Gemeinde erschließen (Strom, Wasser, Kanal) und verkauft alle acht Parzellen innerhalb von 12 Monaten einzeln an verschiedene Häuslbauer. Er erzielt dabei einen erheblichen Überschuss. Ist dieser Vorgang als private Vermögensverwaltung oder als Gewerbebetrieb gemäß § 23 EStG einzustufen?"
331,1,,6a8ada26b5c4672e,Kann eine Beteiligungsgemeinschaft als Gruppenträger fungieren und welche Mindestquoten gelten für die einzelnen Mitbeteiligten?
331,2,,6a8ada26b5c4672e,Kann eine Beteiligungsgemeinschaft als Gruppenträger fungieren und welche Mindestquoten gelten für die einzelnen Mitbeteiligten?
331,3,,6a8ada26b5c4672e,Kann eine Beteiligungsgemeinschaft als Gruppenträger fungieren und welche Mindestquoten gelten für die einzelnen Mitbeteiligten?
332,1,,53d374e7e8616974,Was zählt zu den Einkünften aus nichtselbstständiger Arbeit (§ 25 EStG)?
332,2,,53d374e7e8616974,Was zählt zu den Einkünften aus nichtselbstständiger Arbeit (§ 25 EStG)?
332,3,,53d374e7e8616974,Was zählt zu den Einkünften aus nichtselbstständiger Arbeit (§ 25 EStG)?
333,1,,c65a27f407af8307,"""Ein US-Unternehmen stellt einer österreichischen GmbH Speicherplatz in der Cloud zur Verfügung. Gilt hier das Prinzip des Wohnsitzes des Empfängers gemäß den Regeln für elektronische Dienstleistungen an Nichtunternehmer?"""
333,2,,c65a27f407af8307,"""Ein US-Unternehmen stellt einer österreichischen GmbH Speicherplatz in der Cloud zur Verfügung. Gilt hier das Prinzip des Wohnsitzes des Empfängers gemäß den Regeln für elektronische Dienstleistungen an Nichtunternehmer?"""
333,3,,c65a27f407af8307,"""Ein US-Unternehmen stellt einer österreichischen GmbH Speicherplatz in der Cloud zur Verfügung. Gilt hier das Prinzip des Wohnsitzes des Empfängers gemäß den Regeln für elektronische Dienstleistungen an Nichtunternehmer?"""
334,1,,959c290cf3a03cea,„Ein Unternehmer beauftragt im eigenen Namen eine IT-Dienstleistung bei einem Dritten und stellt sie seinem Kunden weiter in Rechnung. Wie wird diese Leistung behandelt?“
334,2,,959c290cf3a03cea,„Ein Unternehmer beauftragt im eigenen Namen eine IT-Dienstleistung bei einem Dritten und stellt sie seinem Kunden weiter in Rechnung. Wie wird diese Leistung behandelt?“
334,3,,959c290cf3a03cea,„Ein Unternehmer beauftragt im eigenen Namen eine IT-Dienstleistung bei einem Dritten und stellt sie seinem Kunden weiter in Rechnung. Wie wird diese Leistung behandelt?“
335,1,,d1f282cf1272ade2,Frau Pohl schließt im Alter von 52 Jahren eine fondsgebundene Lebensversicherung auf den Erlebensfall ab und zahlt eine Einmalprämie von 40.000 Euro. Die vereinbarte Laufzeit beträgt 11 Jahre. Nach Ablauf erhält sie 52.000 Euro ausgezahlt. Ist der Unterschiedsbetrag von 12.000 Euro nach § 27 EStG 1988 steuerpflichtig?
335,2,,d1f282cf1272ade2,Frau Pohl schließt im Alter von 52 Jahren eine fondsgebundene Lebensversicherung auf den Erlebensfall ab und zahlt eine Einmalprämie von 40.000 Euro. Die vereinbarte Laufzeit beträgt 11 Jahre. Nach Ablauf erhält sie 52.000 Euro ausgezahlt. Ist der Unterschiedsbetrag von 12.000 Euro nach § 27 EStG 1988 steuerpflichtig?
335,3,,d1f282cf1272ade2,Frau Pohl schließt im Alter von 52 Jahren eine fondsgebundene Lebensversicherung auf den Erlebensfall ab und zahlt eine Einmalprämie von 40.000 Euro. Die vereinbarte Laufzeit beträgt 11 Jahre. Nach Ablauf erhält sie 52.000 Euro ausgezahlt. Ist der Unterschiedsbetrag von 12.000 Euro nach § 27 EStG 1988 steuerpflichtig?
336,1,,32d0b1a7909f729d,"Ein Unternehmer liefert eine elektronische Fachpublikation per Download. Die Datei besteht überwiegend aus Text und Grafiken, enthält aber zusätzlich kurze eingebettete Videoclips; Werbezwecke verfolgt sie nicht. Ist der 10%-Satz anwendbar?"
336,2,,32d0b1a7909f729d,"Ein Unternehmer liefert eine elektronische Fachpublikation per Download. Die Datei besteht überwiegend aus Text und Grafiken, enthält aber zusätzlich kurze eingebettete Videoclips; Werbezwecke verfolgt sie nicht. Ist der 10%-Satz anwendbar?"
336,3,,32d0b1a7909f729d,"Ein Unternehmer liefert eine elektronische Fachpublikation per Download. Die Datei besteht überwiegend aus Text und Grafiken, enthält aber zusätzlich kurze eingebettete Videoclips; Werbezwecke verfolgt sie nicht. Ist der 10%-Satz anwendbar?"
337,1,,ad24b5790cd4cb8e,Was charakterisiert einen Werkvertrag nach § 1165 ABGB?
337,2,,ad24b5790cd4cb8e,Was charakterisiert einen Werkvertrag nach § 1165 ABGB?
337,3,,ad24b5790cd4cb8e,Was charakterisiert einen Werkvertrag nach § 1165 ABGB?
338,1,,fdff380316d6062d,"Dasselbe Luftfahrzeug wird an eine Airline vermietet, die die sachlichen Voraussetzungen des § 9 Abs. 2 Z 1 erfüllt. Der Vermieter hat aber keine buchmäßigen Nachweise über die Voraussetzungen geführt; sonst sind alle Tatsachen unstrittig. Ist die Befreiung anwendbar?"
338,2,,fdff380316d6062d,"Dasselbe Luftfahrzeug wird an eine Airline vermietet, die die sachlichen Voraussetzungen des § 9 Abs. 2 Z 1 erfüllt. Der Vermieter hat aber keine buchmäßigen Nachweise über die Voraussetzungen geführt; sonst sind alle Tatsachen unstrittig. Ist die Befreiung anwendbar?"
338,3,,fdff380316d6062d,"Dasselbe Luftfahrzeug wird an eine Airline vermietet, die die sachlichen Voraussetzungen des § 9 Abs. 2 Z 1 erfüllt. Der Vermieter hat aber keine buchmäßigen Nachweise über die Voraussetzungen geführt; sonst sind alle Tatsachen unstrittig. Ist die Befreiung anwendbar?"
339,1,,6228b34b14108864,Was versteht man unter Einkünften aus Gewerbebetrieb (§ 23 EStG)?
339,2,,6228b34b14108864,Was versteht man unter Einkünften aus Gewerbebetrieb (§ 23 EStG)?
339,3,,6228b34b14108864,Was versteht man unter Einkünften aus Gewerbebetrieb (§ 23 EStG)?
340,1,,9d45e1bd90717965,Jemand erbringt Leistungen ausschließlich innerhalb der Familie ohne jedes Auftreten nach außen. Fehlt damit die Beteiligung am allgemeinen wirtschaftlichen Verkehr?
340,2,,9d45e1bd90717965,Jemand erbringt Leistungen ausschließlich innerhalb der Familie ohne jedes Auftreten nach außen. Fehlt damit die Beteiligung am allgemeinen wirtschaftlichen Verkehr?
340,3,,9d45e1bd90717965,Jemand erbringt Leistungen ausschließlich innerhalb der Familie ohne jedes Auftreten nach außen. Fehlt damit die Beteiligung am allgemeinen wirtschaftlichen Verkehr?
341,1,,0fdfa9c87fffd572,"Welche Aspekte der §§ 7–12 KStG sind zu prüfen, wenn eine GmbH 60 % einer anderen GmbH von einem konzernfremden Dritten erwirbt und eine Gruppe bilden möchte?"
341,2,,0fdfa9c87fffd572,"Welche Aspekte der §§ 7–12 KStG sind zu prüfen, wenn eine GmbH 60 % einer anderen GmbH von einem konzernfremden Dritten erwirbt und eine Gruppe bilden möchte?"
341,3,,0fdfa9c87fffd572,"Welche Aspekte der §§ 7–12 KStG sind zu prüfen, wenn eine GmbH 60 % einer anderen GmbH von einem konzernfremden Dritten erwirbt und eine Gruppe bilden möchte?"
342,1,,4542365a1a9a5169,"Frau Eich ist Kommanditistin einer GmbH & Co KG und hält ihren Anteil im Privatvermögen. Die KG hält ihrerseits eine 100%-Beteiligung an einer GmbH im Betriebsvermögen. Die GmbH schüttet an die KG aus, und die KG leitet die Ausschüttung an Frau Eich weiter. Frau Eich ist der Ansicht, dass die Ausschüttung für sie Einkünfte aus Kapitalvermögen nach § 27 EStG 1988 seien. Ist diese Ansicht korrekt?"
342,2,,4542365a1a9a5169,"Frau Eich ist Kommanditistin einer GmbH & Co KG und hält ihren Anteil im Privatvermögen. Die KG hält ihrerseits eine 100%-Beteiligung an einer GmbH im Betriebsvermögen. Die GmbH schüttet an die KG aus, und die KG leitet die Ausschüttung an Frau Eich weiter. Frau Eich ist der Ansicht, dass die Ausschüttung für sie Einkünfte aus Kapitalvermögen nach § 27 EStG 1988 seien. Ist diese Ansicht korrekt?"
342,3,,4542365a1a9a5169,"Frau Eich ist Kommanditistin einer GmbH & Co KG und hält ihren Anteil im Privatvermögen. Die KG hält ihrerseits eine 100%-Beteiligung an einer GmbH im Betriebsvermögen. Die GmbH schüttet an die KG aus, und die KG leitet die Ausschüttung an Frau Eich weiter. Frau Eich ist der Ansicht, dass die Ausschüttung für sie Einkünfte aus Kapitalvermögen nach § 27 EStG 1988 seien. Ist diese Ansicht korrekt?"
343,1,,ded4576fd199fcfa,Gibt es neue Befreiungen für Photovoltaikanlagen?
343,2,,ded4576fd199fcfa,Gibt es neue Befreiungen für Photovoltaikanlagen?
343,3,,ded4576fd199fcfa,Gibt es neue Befreiungen für Photovoltaikanlagen?
344,1,,466a8d7cb590b808,Ein Hotel stellt einem Gast ein Zimmer zur Beherbergung zur Verfügung. Das Frühstück wird auf der Rechnung gesondert ausgewiesen und ist nicht im Beherbergungsentgelt enthalten. Greift für das Frühstück der 10%-Satz aus § 10 Abs. 2 Z 3 lit. c?
344,2,,466a8d7cb590b808,Ein Hotel stellt einem Gast ein Zimmer zur Beherbergung zur Verfügung. Das Frühstück wird auf der Rechnung gesondert ausgewiesen und ist nicht im Beherbergungsentgelt enthalten. Greift für das Frühstück der 10%-Satz aus § 10 Abs. 2 Z 3 lit. c?
344,3,,466a8d7cb590b808,Ein Hotel stellt einem Gast ein Zimmer zur Beherbergung zur Verfügung. Das Frühstück wird auf der Rechnung gesondert ausgewiesen und ist nicht im Beherbergungsentgelt enthalten. Greift für das Frühstück der 10%-Satz aus § 10 Abs. 2 Z 3 lit. c?
345,1,,e99b40d0a6576df2,Ein geschickter Handwerker repariert in seiner Freizeit regelmäßig defekte Elektrogeräte ausschließlich für seine engen Verwandten und verlangt dafür lediglich einen Unkostenbeitrag für die Ersatzteile sowie ein kleines Trinkgeld. Er schaltet keine Werbung und lehnt Anfragen von fremden Nachbarn strikt ab. Liegt hier ein Gewerbebetrieb im Sinne des § 23 EStG vor?
345,2,,e99b40d0a6576df2,Ein geschickter Handwerker repariert in seiner Freizeit regelmäßig defekte Elektrogeräte ausschließlich für seine engen Verwandten und verlangt dafür lediglich einen Unkostenbeitrag für die Ersatzteile sowie ein kleines Trinkgeld. Er schaltet keine Werbung und lehnt Anfragen von fremden Nachbarn strikt ab. Liegt hier ein Gewerbebetrieb im Sinne des § 23 EStG vor?
345,3,,e99b40d0a6576df2,Ein geschickter Handwerker repariert in seiner Freizeit regelmäßig defekte Elektrogeräte ausschließlich für seine engen Verwandten und verlangt dafür lediglich einen Unkostenbeitrag für die Ersatzteile sowie ein kleines Trinkgeld. Er schaltet keine Werbung und lehnt Anfragen von fremden Nachbarn strikt ab. Liegt hier ein Gewerbebetrieb im Sinne des § 23 EStG vor?
346,1,,acf0ded2114fd0c9,"""Welche sonstigen Leistungen gegen Entgelt gleichgestellt werden?"""
346,2,,acf0ded2114fd0c9,"""Welche sonstigen Leistungen gegen Entgelt gleichgestellt werden?"""
346,3,,acf0ded2114fd0c9,"""Welche sonstigen Leistungen gegen Entgelt gleichgestellt werden?"""
347,1,,a814177e1db59bf1,Wie lange muss die finanzielle Verbindung zu einem Gruppenmitglied bestehen?
347,2,,a814177e1db59bf1,Wie lange muss die finanzielle Verbindung zu einem Gruppenmitglied bestehen?
347,3,,a814177e1db59bf1,Wie lange muss die finanzielle Verbindung zu einem Gruppenmitglied bestehen?
348,1,,7c054c61dbf9b981,"Eine Agentur erbringt eine entgeltliche Marketingleistung. Laut Vertrag schuldet der Kunde 50.000 Euro. Zusätzlich verpflichtet sich ein Konzernunternehmen des Kunden, weitere 8.000 Euro direkt an die Agentur zu zahlen, damit die Leistung zu diesen Konditionen erbracht wird. Wie ist dieser Drittbetrag bei der Bemessungsgrundlage einzuordnen?"
348,2,,7c054c61dbf9b981,"Eine Agentur erbringt eine entgeltliche Marketingleistung. Laut Vertrag schuldet der Kunde 50.000 Euro. Zusätzlich verpflichtet sich ein Konzernunternehmen des Kunden, weitere 8.000 Euro direkt an die Agentur zu zahlen, damit die Leistung zu diesen Konditionen erbracht wird. Wie ist dieser Drittbetrag bei der Bemessungsgrundlage einzuordnen?"
348,3,,7c054c61dbf9b981,"Eine Agentur erbringt eine entgeltliche Marketingleistung. Laut Vertrag schuldet der Kunde 50.000 Euro. Zusätzlich verpflichtet sich ein Konzernunternehmen des Kunden, weitere 8.000 Euro direkt an die Agentur zu zahlen, damit die Leistung zu diesen Konditionen erbracht wird. Wie ist dieser Drittbetrag bei der Bemessungsgrundlage einzuordnen?"
349,1,,bbf65ae806ac0b23,"Was passiert steuerlich, wenn ein ausländisches Gruppenmitglied die Unternehmensgruppe verlässt und zuvor zugerechnete Verluste im Ausland noch nicht verrechnet wurden?"
349,2,,bbf65ae806ac0b23,"Was passiert steuerlich, wenn ein ausländisches Gruppenmitglied die Unternehmensgruppe verlässt und zuvor zugerechnete Verluste im Ausland noch nicht verrechnet wurden?"
349,3,,bbf65ae806ac0b23,"Was passiert steuerlich, wenn ein ausländisches Gruppenmitglied die Unternehmensgruppe verlässt und zuvor zugerechnete Verluste im Ausland noch nicht verrechnet wurden?"
350,1,,dcc46c3e00aaab19,Eine Privatperson verkauft ihr in Wien gelegenes Einfamilienhaus mittels schriftlichem Kaufvertrag an einen fremden Dritten. Der Vertrag begründet unmittelbar den Anspruch des Käufers auf Übereignung. Unterliegt dieser Vorgang der Grunderwerbsteuer und wer ist Steuerschuldner?
350,2,,dcc46c3e00aaab19,Eine Privatperson verkauft ihr in Wien gelegenes Einfamilienhaus mittels schriftlichem Kaufvertrag an einen fremden Dritten. Der Vertrag begründet unmittelbar den Anspruch des Käufers auf Übereignung. Unterliegt dieser Vorgang der Grunderwerbsteuer und wer ist Steuerschuldner?
350,3,,dcc46c3e00aaab19,Eine Privatperson verkauft ihr in Wien gelegenes Einfamilienhaus mittels schriftlichem Kaufvertrag an einen fremden Dritten. Der Vertrag begründet unmittelbar den Anspruch des Käufers auf Übereignung. Unterliegt dieser Vorgang der Grunderwerbsteuer und wer ist Steuerschuldner?
351,1,,8bcf366f40d1ade2,Eine in der Schweiz lebende Managerin nutzt ihre Wiener Zweitwohnung nur 50 Tage pro Jahr und hält sich darüber hinaus nicht länger im Inland auf. Führt die Zweitwohnung allein zur unbeschränkten Steuerpflicht?
351,2,,8bcf366f40d1ade2,Eine in der Schweiz lebende Managerin nutzt ihre Wiener Zweitwohnung nur 50 Tage pro Jahr und hält sich darüber hinaus nicht länger im Inland auf. Führt die Zweitwohnung allein zur unbeschränkten Steuerpflicht?
351,3,,8bcf366f40d1ade2,Eine in der Schweiz lebende Managerin nutzt ihre Wiener Zweitwohnung nur 50 Tage pro Jahr und hält sich darüber hinaus nicht länger im Inland auf. Führt die Zweitwohnung allein zur unbeschränkten Steuerpflicht?
352,1,,e336e30cceb4576d,"Frau Lang ist unselbständig erwerbstätig und handelt privat gelegentlich mit Kryptowährungen. Im Jahr 2026 erzielt sie folgende Ergebnisse: (1) Gewinn aus dem Verkauf von ETH: EUR 8.000, (2) Verlust aus dem Verkauf von BTC: EUR 3.000, (3) Verlust aus dem Verfall eines Krypto-basierten Derivats (Perpetual Future auf SOL auf einer nicht-österreichischen Plattform): EUR 12.000, (4) Dividenden aus österreichischen Aktien (nach KESt): EUR 2.000 brutto. Frau Lang möchte den Gesamtverlust aus Krypto gegen die Dividenden verrechnen. Wie funktioniert der Verlustausgleich?"
352,2,,e336e30cceb4576d,"Frau Lang ist unselbständig erwerbstätig und handelt privat gelegentlich mit Kryptowährungen. Im Jahr 2026 erzielt sie folgende Ergebnisse: (1) Gewinn aus dem Verkauf von ETH: EUR 8.000, (2) Verlust aus dem Verkauf von BTC: EUR 3.000, (3) Verlust aus dem Verfall eines Krypto-basierten Derivats (Perpetual Future auf SOL auf einer nicht-österreichischen Plattform): EUR 12.000, (4) Dividenden aus österreichischen Aktien (nach KESt): EUR 2.000 brutto. Frau Lang möchte den Gesamtverlust aus Krypto gegen die Dividenden verrechnen. Wie funktioniert der Verlustausgleich?"
352,3,,e336e30cceb4576d,"Frau Lang ist unselbständig erwerbstätig und handelt privat gelegentlich mit Kryptowährungen. Im Jahr 2026 erzielt sie folgende Ergebnisse: (1) Gewinn aus dem Verkauf von ETH: EUR 8.000, (2) Verlust aus dem Verkauf von BTC: EUR 3.000, (3) Verlust aus dem Verfall eines Krypto-basierten Derivats (Perpetual Future auf SOL auf einer nicht-österreichischen Plattform): EUR 12.000, (4) Dividenden aus österreichischen Aktien (nach KESt): EUR 2.000 brutto. Frau Lang möchte den Gesamtverlust aus Krypto gegen die Dividenden verrechnen. Wie funktioniert der Verlustausgleich?"
353,1,,f520bbcdacc17c42,„Welche Ziele verfolgt der Bundesminister für Finanzen mit der Anwendung des § 3a Abs. 16 UStG?“
353,2,,f520bbcdacc17c42,„Welche Ziele verfolgt der Bundesminister für Finanzen mit der Anwendung des § 3a Abs. 16 UStG?“
353,3,,f520bbcdacc17c42,„Welche Ziele verfolgt der Bundesminister für Finanzen mit der Anwendung des § 3a Abs. 16 UStG?“
354,1,,1ac33e9f5178e2fa,"Ein Unternehmen vermietet ein Wasserfahrzeug, das ausschließlich für touristische Ausflugsfahrten auf Binnengewässern und gelegentliche Eventcharter eingesetzt wird. Der Unternehmer beruft sich auf die Steuerbefreiung für Umsätze für die Seeschiffahrt. Fällt die Vercharterung unter § 9?"
354,2,,1ac33e9f5178e2fa,"Ein Unternehmen vermietet ein Wasserfahrzeug, das ausschließlich für touristische Ausflugsfahrten auf Binnengewässern und gelegentliche Eventcharter eingesetzt wird. Der Unternehmer beruft sich auf die Steuerbefreiung für Umsätze für die Seeschiffahrt. Fällt die Vercharterung unter § 9?"
354,3,,1ac33e9f5178e2fa,"Ein Unternehmen vermietet ein Wasserfahrzeug, das ausschließlich für touristische Ausflugsfahrten auf Binnengewässern und gelegentliche Eventcharter eingesetzt wird. Der Unternehmer beruft sich auf die Steuerbefreiung für Umsätze für die Seeschiffahrt. Fällt die Vercharterung unter § 9?"
355,1,,7c656b2cea92aa57,"Unterliegen Kapitalerträge eines beschränkt Steuerpflichtigen auch dann der beschränkten Steuerpflicht, wenn für sie eine KESt-Befreiung nach § 94 EStG 1988 besteht?"
355,2,,7c656b2cea92aa57,"Unterliegen Kapitalerträge eines beschränkt Steuerpflichtigen auch dann der beschränkten Steuerpflicht, wenn für sie eine KESt-Befreiung nach § 94 EStG 1988 besteht?"
355,3,,7c656b2cea92aa57,"Unterliegen Kapitalerträge eines beschränkt Steuerpflichtigen auch dann der beschränkten Steuerpflicht, wenn für sie eine KESt-Befreiung nach § 94 EStG 1988 besteht?"
356,1,,1fe4d5ecac0ea6b6,"Herr Frank hält im Privatvermögen Unternehmensanleihen bei einer österreichischen Bank. Er überträgt diese im Rahmen einer Umgründung (Einbringung seines Einzelunternehmens in eine GmbH gemäß UmgrStG) in das Betriebsvermögen der neu gegründeten GmbH. Er beauftragt die depotführende Stelle, dem Finanzamt innerhalb eines Monats die Daten zu melden. Gilt die Übertragung als Veräußerung?"
356,2,,1fe4d5ecac0ea6b6,"Herr Frank hält im Privatvermögen Unternehmensanleihen bei einer österreichischen Bank. Er überträgt diese im Rahmen einer Umgründung (Einbringung seines Einzelunternehmens in eine GmbH gemäß UmgrStG) in das Betriebsvermögen der neu gegründeten GmbH. Er beauftragt die depotführende Stelle, dem Finanzamt innerhalb eines Monats die Daten zu melden. Gilt die Übertragung als Veräußerung?"
356,3,,1fe4d5ecac0ea6b6,"Herr Frank hält im Privatvermögen Unternehmensanleihen bei einer österreichischen Bank. Er überträgt diese im Rahmen einer Umgründung (Einbringung seines Einzelunternehmens in eine GmbH gemäß UmgrStG) in das Betriebsvermögen der neu gegründeten GmbH. Er beauftragt die depotführende Stelle, dem Finanzamt innerhalb eines Monats die Daten zu melden. Gilt die Übertragung als Veräußerung?"
357,1,,3f2aefb95a9ee52f,Wer gilt als Dienstnehmer im Sinne des ASVG § 4?
357,2,,3f2aefb95a9ee52f,Wer gilt als Dienstnehmer im Sinne des ASVG § 4?
357,3,,3f2aefb95a9ee52f,Wer gilt als Dienstnehmer im Sinne des ASVG § 4?
358,1,,8b4add2cc75ce9c1,"Ein im Grenzgebiet wohnender Arbeitnehmer kehrt regelmäßig täglich aus einem benachbarten Drittstaat zurück. Bei einer Einreise führt er 25 Zigaretten und 0,25 Liter Spirituosen mit mehr als 22 % vol mit. Er legt glaubhaft dar, dass er an diesem Tag nicht bloß grenznah tätig war, sondern sich weit außerhalb des Grenzgebiets aufgehalten hat. Entscheidend ist, ob trotz seines grundsätzlichen Status als Grenzarbeitnehmer die verschärften Mengenbeschränkungen zwingend anzuwenden sind."
358,2,,8b4add2cc75ce9c1,"Ein im Grenzgebiet wohnender Arbeitnehmer kehrt regelmäßig täglich aus einem benachbarten Drittstaat zurück. Bei einer Einreise führt er 25 Zigaretten und 0,25 Liter Spirituosen mit mehr als 22 % vol mit. Er legt glaubhaft dar, dass er an diesem Tag nicht bloß grenznah tätig war, sondern sich weit außerhalb des Grenzgebiets aufgehalten hat. Entscheidend ist, ob trotz seines grundsätzlichen Status als Grenzarbeitnehmer die verschärften Mengenbeschränkungen zwingend anzuwenden sind."
358,3,,8b4add2cc75ce9c1,"Ein im Grenzgebiet wohnender Arbeitnehmer kehrt regelmäßig täglich aus einem benachbarten Drittstaat zurück. Bei einer Einreise führt er 25 Zigaretten und 0,25 Liter Spirituosen mit mehr als 22 % vol mit. Er legt glaubhaft dar, dass er an diesem Tag nicht bloß grenznah tätig war, sondern sich weit außerhalb des Grenzgebiets aufgehalten hat. Entscheidend ist, ob trotz seines grundsätzlichen Status als Grenzarbeitnehmer die verschärften Mengenbeschränkungen zwingend anzuwenden sind."
359,1,,84dc47eaadcc401a,"Ein Autoliebhaber kauft über einen Zeitraum von zwei Jahren systematisch fünf unrestaurierte Oldtimer auf, setzt diese in einer gemieteten Werkstatt unter Einsatz von Fachpersonal instand und verkauft die fahrbereiten Fahrzeuge anschließend mit beträchtlichem Gewinn über spezialisierte Online-Auktionen. Er beabsichtigt, diesen Zyklus fortzusetzen, um daraus seinen Lebensunterhalt zu bestreiten. Ist diese Tätigkeit als private Vermögensverwaltung oder als Gewerbebetrieb gemäß § 23 EStG einzustufen?"
359,2,,84dc47eaadcc401a,"Ein Autoliebhaber kauft über einen Zeitraum von zwei Jahren systematisch fünf unrestaurierte Oldtimer auf, setzt diese in einer gemieteten Werkstatt unter Einsatz von Fachpersonal instand und verkauft die fahrbereiten Fahrzeuge anschließend mit beträchtlichem Gewinn über spezialisierte Online-Auktionen. Er beabsichtigt, diesen Zyklus fortzusetzen, um daraus seinen Lebensunterhalt zu bestreiten. Ist diese Tätigkeit als private Vermögensverwaltung oder als Gewerbebetrieb gemäß § 23 EStG einzustufen?"
359,3,,84dc47eaadcc401a,"Ein Autoliebhaber kauft über einen Zeitraum von zwei Jahren systematisch fünf unrestaurierte Oldtimer auf, setzt diese in einer gemieteten Werkstatt unter Einsatz von Fachpersonal instand und verkauft die fahrbereiten Fahrzeuge anschließend mit beträchtlichem Gewinn über spezialisierte Online-Auktionen. Er beabsichtigt, diesen Zyklus fortzusetzen, um daraus seinen Lebensunterhalt zu bestreiten. Ist diese Tätigkeit als private Vermögensverwaltung oder als Gewerbebetrieb gemäß § 23 EStG einzustufen?"
360,1,,d046ed80ba1d37b6,"Frau Vogt hat im Privatvermögen Anteile an einer Flexible Kapitalgesellschaft (FlexKapG) erworben und erhält eine Ausschüttung von 6.000 Euro. Da die FlexKapG erst seit 2024 existiert, ist Frau Vogt unsicher, ob diese Ausschüttung unter § 27 EStG 1988 fällt. Wie ist die Ausschüttung zu qualifizieren?"
360,2,,d046ed80ba1d37b6,"Frau Vogt hat im Privatvermögen Anteile an einer Flexible Kapitalgesellschaft (FlexKapG) erworben und erhält eine Ausschüttung von 6.000 Euro. Da die FlexKapG erst seit 2024 existiert, ist Frau Vogt unsicher, ob diese Ausschüttung unter § 27 EStG 1988 fällt. Wie ist die Ausschüttung zu qualifizieren?"
360,3,,d046ed80ba1d37b6,"Frau Vogt hat im Privatvermögen Anteile an einer Flexible Kapitalgesellschaft (FlexKapG) erworben und erhält eine Ausschüttung von 6.000 Euro. Da die FlexKapG erst seit 2024 existiert, ist Frau Vogt unsicher, ob diese Ausschüttung unter § 27 EStG 1988 fällt. Wie ist die Ausschüttung zu qualifizieren?"
361,1,,9e5921de6c59388d,Was regelt das Kommunalsteuergesetz?
361,2,,9e5921de6c59388d,Was regelt das Kommunalsteuergesetz?
361,3,,9e5921de6c59388d,Was regelt das Kommunalsteuergesetz?
362,1,,cc610ca2a62d3c58,"Herr Pfeifer betreibt einen kleinen Onlineshop als Einzelunternehmer (Einkünfte aus Gewerbebetrieb, § 23 EStG). Im Jahr 2024 hat er im Rahmen seines Unternehmens 5 BTC angeschafft (zu je EUR 30.000), die er als Betriebsvermögen bilanziert, weil er sie ursprünglich als Zahlungsmittel für Lieferantenrechnungen nutzen wollte. Tatsächlich hat er die BTC nie zu Zahlungszwecken verwendet. Im März 2026 verkauft er alle 5 BTC zu EUR 65.000 pro Stück. Herr Pfeifer ist der Meinung, der Gewinn sei mit dem Sondersteuersatz von 27,5 % begünstigt, da es sich um Kryptowährungen handle und § 27b EStG anzuwenden sei. Hat er Recht?"
362,2,,cc610ca2a62d3c58,"Herr Pfeifer betreibt einen kleinen Onlineshop als Einzelunternehmer (Einkünfte aus Gewerbebetrieb, § 23 EStG). Im Jahr 2024 hat er im Rahmen seines Unternehmens 5 BTC angeschafft (zu je EUR 30.000), die er als Betriebsvermögen bilanziert, weil er sie ursprünglich als Zahlungsmittel für Lieferantenrechnungen nutzen wollte. Tatsächlich hat er die BTC nie zu Zahlungszwecken verwendet. Im März 2026 verkauft er alle 5 BTC zu EUR 65.000 pro Stück. Herr Pfeifer ist der Meinung, der Gewinn sei mit dem Sondersteuersatz von 27,5 % begünstigt, da es sich um Kryptowährungen handle und § 27b EStG anzuwenden sei. Hat er Recht?"
362,3,,cc610ca2a62d3c58,"Herr Pfeifer betreibt einen kleinen Onlineshop als Einzelunternehmer (Einkünfte aus Gewerbebetrieb, § 23 EStG). Im Jahr 2024 hat er im Rahmen seines Unternehmens 5 BTC angeschafft (zu je EUR 30.000), die er als Betriebsvermögen bilanziert, weil er sie ursprünglich als Zahlungsmittel für Lieferantenrechnungen nutzen wollte. Tatsächlich hat er die BTC nie zu Zahlungszwecken verwendet. Im März 2026 verkauft er alle 5 BTC zu EUR 65.000 pro Stück. Herr Pfeifer ist der Meinung, der Gewinn sei mit dem Sondersteuersatz von 27,5 % begünstigt, da es sich um Kryptowährungen handle und § 27b EStG anzuwenden sei. Hat er Recht?"
363,1,,4b921ac791dd268d,Die Ehefrau eines Gesellschafters einer offenen Gesellschaft (OG) gewährt der OG aus ihrem privaten Ersparten ein Darlehen und erhält dafür Zinsen. Die Ehefrau selbst ist nicht an der OG beteiligt. Handelt es sich bei den Zinsen um Einkünfte aus Gewerbebetrieb nach § 23 Z 2 EStG?
363,2,,4b921ac791dd268d,Die Ehefrau eines Gesellschafters einer offenen Gesellschaft (OG) gewährt der OG aus ihrem privaten Ersparten ein Darlehen und erhält dafür Zinsen. Die Ehefrau selbst ist nicht an der OG beteiligt. Handelt es sich bei den Zinsen um Einkünfte aus Gewerbebetrieb nach § 23 Z 2 EStG?
363,3,,4b921ac791dd268d,Die Ehefrau eines Gesellschafters einer offenen Gesellschaft (OG) gewährt der OG aus ihrem privaten Ersparten ein Darlehen und erhält dafür Zinsen. Die Ehefrau selbst ist nicht an der OG beteiligt. Handelt es sich bei den Zinsen um Einkünfte aus Gewerbebetrieb nach § 23 Z 2 EStG?
364,1,,f68d88d88e96539c,"Ein Arbeitgeber zahlt seinem Mitarbeiter für die Arbeit im Homeoffice 3 € pro Tag (für maximal 100 Tage im Jahr), um Kosten für Strom und Internet abzugelten. Muss der Mitarbeiter diese 300 € versteuern?"
364,2,,f68d88d88e96539c,"Ein Arbeitgeber zahlt seinem Mitarbeiter für die Arbeit im Homeoffice 3 € pro Tag (für maximal 100 Tage im Jahr), um Kosten für Strom und Internet abzugelten. Muss der Mitarbeiter diese 300 € versteuern?"
364,3,,f68d88d88e96539c,"Ein Arbeitgeber zahlt seinem Mitarbeiter für die Arbeit im Homeoffice 3 € pro Tag (für maximal 100 Tage im Jahr), um Kosten für Strom und Internet abzugelten. Muss der Mitarbeiter diese 300 € versteuern?"
365,1,,70a1d253ae351bfe,Eine österreichische GmbH & Co KG (Mitunternehmerschaft) hält im Betriebsvermögen Aktien. Die Aktien werden mit Gewinn veräußert. Ein Kommanditist hält seinen Anteil an der KG im Privatvermögen. Sind die Gewinne aus der Aktienveräußerung für den Kommanditisten Einkünfte aus Kapitalvermögen nach § 27 EStG 1988?
365,2,,70a1d253ae351bfe,Eine österreichische GmbH & Co KG (Mitunternehmerschaft) hält im Betriebsvermögen Aktien. Die Aktien werden mit Gewinn veräußert. Ein Kommanditist hält seinen Anteil an der KG im Privatvermögen. Sind die Gewinne aus der Aktienveräußerung für den Kommanditisten Einkünfte aus Kapitalvermögen nach § 27 EStG 1988?
365,3,,70a1d253ae351bfe,Eine österreichische GmbH & Co KG (Mitunternehmerschaft) hält im Betriebsvermögen Aktien. Die Aktien werden mit Gewinn veräußert. Ein Kommanditist hält seinen Anteil an der KG im Privatvermögen. Sind die Gewinne aus der Aktienveräußerung für den Kommanditisten Einkünfte aus Kapitalvermögen nach § 27 EStG 1988?
366,1,,7fdbf06c665de934,Wann entsteht die Steuerschuld nach der BAO?
366,2,,7fdbf06c665de934,Wann entsteht die Steuerschuld nach der BAO?
366,3,,7fdbf06c665de934,Wann entsteht die Steuerschuld nach der BAO?
367,1,,c00a5ff5262e039d,"Eine kroatische Bootsvermieterin vermietet einer Privatperson mit Wohnsitz in Österreich ein Sportboot für sechs Monate. Das Boot wird der Kundin in Split tatsächlich übergeben; dort befindet sich auch die Betriebsstätte, von der aus die Vermietung erfolgt. Liegt der Leistungsort wegen des Wohnsitzes der Kundin in Österreich?"
367,2,,c00a5ff5262e039d,"Eine kroatische Bootsvermieterin vermietet einer Privatperson mit Wohnsitz in Österreich ein Sportboot für sechs Monate. Das Boot wird der Kundin in Split tatsächlich übergeben; dort befindet sich auch die Betriebsstätte, von der aus die Vermietung erfolgt. Liegt der Leistungsort wegen des Wohnsitzes der Kundin in Österreich?"
367,3,,c00a5ff5262e039d,"Eine kroatische Bootsvermieterin vermietet einer Privatperson mit Wohnsitz in Österreich ein Sportboot für sechs Monate. Das Boot wird der Kundin in Split tatsächlich übergeben; dort befindet sich auch die Betriebsstätte, von der aus die Vermietung erfolgt. Liegt der Leistungsort wegen des Wohnsitzes der Kundin in Österreich?"
368,1,,3c786ac5bef9b858,"Ein Arbeitgeber übernimmt die Kosten für ein Masterstudium eines Angestellten, das in engem Zusammenhang mit dessen beruflicher Tätigkeit steht. Muss der Angestellte die übernommenen Studiengebühren als Sachbezug versteuern?"
368,2,,3c786ac5bef9b858,"Ein Arbeitgeber übernimmt die Kosten für ein Masterstudium eines Angestellten, das in engem Zusammenhang mit dessen beruflicher Tätigkeit steht. Muss der Angestellte die übernommenen Studiengebühren als Sachbezug versteuern?"
368,3,,3c786ac5bef9b858,"Ein Arbeitgeber übernimmt die Kosten für ein Masterstudium eines Angestellten, das in engem Zusammenhang mit dessen beruflicher Tätigkeit steht. Muss der Angestellte die übernommenen Studiengebühren als Sachbezug versteuern?"
369,1,,2ea919d2997e8242,"Ein Journalist schreibt selbständig Artikel für verschiedene Zeitungen. Er meint, da er schriftstellerisch tätig ist, liege jedenfalls kein Gewerbebetrieb vor. Hat er recht?"
369,2,,2ea919d2997e8242,"Ein Journalist schreibt selbständig Artikel für verschiedene Zeitungen. Er meint, da er schriftstellerisch tätig ist, liege jedenfalls kein Gewerbebetrieb vor. Hat er recht?"
369,3,,2ea919d2997e8242,"Ein Journalist schreibt selbständig Artikel für verschiedene Zeitungen. Er meint, da er schriftstellerisch tätig ist, liege jedenfalls kein Gewerbebetrieb vor. Hat er recht?"
370,1,,b4414b8ea6fd00a7,In welchem Veranlagungsjahr wird der Gewinn eines abweichenden Wirtschaftsjahres erfasst?
370,2,,b4414b8ea6fd00a7,In welchem Veranlagungsjahr wird der Gewinn eines abweichenden Wirtschaftsjahres erfasst?
370,3,,b4414b8ea6fd00a7,In welchem Veranlagungsjahr wird der Gewinn eines abweichenden Wirtschaftsjahres erfasst?
371,1,,7f4986f6be034659,"Ein Träger der Sozialversicherung verrechnet Leistungen an Versicherte, an mitversicherte Angehörige, an zum Ersatz von Fürsorgekosten Verpflichtete und an externe Unternehmen, die für eigene Projekte Gesundheitschecks einkaufen. Der Träger vertritt die Ansicht, seine öffentlich rechtliche Stellung erfasse alle diese Umsätze. Zu prüfen ist, welche Leistungsempfänger von der Befreiung gedeckt sind."
371,2,,7f4986f6be034659,"Ein Träger der Sozialversicherung verrechnet Leistungen an Versicherte, an mitversicherte Angehörige, an zum Ersatz von Fürsorgekosten Verpflichtete und an externe Unternehmen, die für eigene Projekte Gesundheitschecks einkaufen. Der Träger vertritt die Ansicht, seine öffentlich rechtliche Stellung erfasse alle diese Umsätze. Zu prüfen ist, welche Leistungsempfänger von der Befreiung gedeckt sind."
371,3,,7f4986f6be034659,"Ein Träger der Sozialversicherung verrechnet Leistungen an Versicherte, an mitversicherte Angehörige, an zum Ersatz von Fürsorgekosten Verpflichtete und an externe Unternehmen, die für eigene Projekte Gesundheitschecks einkaufen. Der Träger vertritt die Ansicht, seine öffentlich rechtliche Stellung erfasse alle diese Umsätze. Zu prüfen ist, welche Leistungsempfänger von der Befreiung gedeckt sind."
372,1,,8d73440c04f1a641,Was regelt das KMU-Förderungsgesetz steuerlich?
372,2,,8d73440c04f1a641,Was regelt das KMU-Förderungsgesetz steuerlich?
372,3,,8d73440c04f1a641,Was regelt das KMU-Förderungsgesetz steuerlich?
373,1,,7514e3ccbc7070b2,Setzt die Zuzugsbegünstigung nach den Richtlinien neben einem Zuzug aus dem Ausland auch die Verlagerung des Mittelpunktes der Lebensinteressen nach Österreich voraus?
373,2,,7514e3ccbc7070b2,Setzt die Zuzugsbegünstigung nach den Richtlinien neben einem Zuzug aus dem Ausland auch die Verlagerung des Mittelpunktes der Lebensinteressen nach Österreich voraus?
373,3,,7514e3ccbc7070b2,Setzt die Zuzugsbegünstigung nach den Richtlinien neben einem Zuzug aus dem Ausland auch die Verlagerung des Mittelpunktes der Lebensinteressen nach Österreich voraus?
374,1,,f12ad3c9dddd298b,"""An welchem Ort ist eine Vermittlungsleistung an einen Nichtunternehmer erbracht?"""
374,2,,f12ad3c9dddd298b,"""An welchem Ort ist eine Vermittlungsleistung an einen Nichtunternehmer erbracht?"""
374,3,,f12ad3c9dddd298b,"""An welchem Ort ist eine Vermittlungsleistung an einen Nichtunternehmer erbracht?"""
375,1,,49c3f6ecc18c9a3d,Was unterscheidet die steuerliche Behandlung einer offenen von einer verdeckten Ausschüttung auf Ebene der ausschüttenden Körperschaft?
375,2,,49c3f6ecc18c9a3d,Was unterscheidet die steuerliche Behandlung einer offenen von einer verdeckten Ausschüttung auf Ebene der ausschüttenden Körperschaft?
375,3,,49c3f6ecc18c9a3d,Was unterscheidet die steuerliche Behandlung einer offenen von einer verdeckten Ausschüttung auf Ebene der ausschüttenden Körperschaft?
376,1,,36840f2974a0b380,Ein österreichischer Staatsbürger verkauft ein ausschließlich in Italien gelegenes Grundstück an einen anderen Privaten. Ist dieser Vorgang nach dem GrEStG 1987 steuerbar?
376,2,,36840f2974a0b380,Ein österreichischer Staatsbürger verkauft ein ausschließlich in Italien gelegenes Grundstück an einen anderen Privaten. Ist dieser Vorgang nach dem GrEStG 1987 steuerbar?
376,3,,36840f2974a0b380,Ein österreichischer Staatsbürger verkauft ein ausschließlich in Italien gelegenes Grundstück an einen anderen Privaten. Ist dieser Vorgang nach dem GrEStG 1987 steuerbar?
377,1,,a42a2007314f786c,"Ein Erwerber erhält ohne gesonderten Vertrag direkt die Rechte aus einem bereits bestehenden Kaufanbot über ein inländisches Grundstück, also ohne dass ein schuldrechtliches Geschäft über den Rechtserwerb vorausgegangen ist. Unterliegt auch dieser bloße Rechtserwerb der Grunderwerbsteuer?"
377,2,,a42a2007314f786c,"Ein Erwerber erhält ohne gesonderten Vertrag direkt die Rechte aus einem bereits bestehenden Kaufanbot über ein inländisches Grundstück, also ohne dass ein schuldrechtliches Geschäft über den Rechtserwerb vorausgegangen ist. Unterliegt auch dieser bloße Rechtserwerb der Grunderwerbsteuer?"
377,3,,a42a2007314f786c,"Ein Erwerber erhält ohne gesonderten Vertrag direkt die Rechte aus einem bereits bestehenden Kaufanbot über ein inländisches Grundstück, also ohne dass ein schuldrechtliches Geschäft über den Rechtserwerb vorausgegangen ist. Unterliegt auch dieser bloße Rechtserwerb der Grunderwerbsteuer?"
378,1,,cb55ba5fc1d378ee,Eine Privatperson verkauft ihr in Wien gelegenes Einfamilienhaus mittels schriftlichem Kaufvertrag an einen fremden Dritten. Der Vertrag begründet unmittelbar den Anspruch des Käufers auf Übereignung. Unterliegt dieser Vorgang der Grunderwerbsteuer und wer ist Steuerschuldner?
378,2,,cb55ba5fc1d378ee,Eine Privatperson verkauft ihr in Wien gelegenes Einfamilienhaus mittels schriftlichem Kaufvertrag an einen fremden Dritten. Der Vertrag begründet unmittelbar den Anspruch des Käufers auf Übereignung. Unterliegt dieser Vorgang der Grunderwerbsteuer und wer ist Steuerschuldner?
378,3,,cb55ba5fc1d378ee,Eine Privatperson verkauft ihr in Wien gelegenes Einfamilienhaus mittels schriftlichem Kaufvertrag an einen fremden Dritten. Der Vertrag begründet unmittelbar den Anspruch des Käufers auf Übereignung. Unterliegt dieser Vorgang der Grunderwerbsteuer und wer ist Steuerschuldner?
379,1,,32b4e13ef0974f98,Eine erfolgreiche Rockband (freiberuflich tätig als Künstler) verkauft bei ihren Konzerten in großem Stil T-Shirts und Kappen mit ihrem Logo. Der Umsatz aus diesem Merchandise-Verkauf macht mittlerweile 50 % ihrer Gesamteinnahmen aus. Ist der Verkauf der T-Shirts steuerlich als Gewerbebetrieb zu werten?
379,2,,32b4e13ef0974f98,Eine erfolgreiche Rockband (freiberuflich tätig als Künstler) verkauft bei ihren Konzerten in großem Stil T-Shirts und Kappen mit ihrem Logo. Der Umsatz aus diesem Merchandise-Verkauf macht mittlerweile 50 % ihrer Gesamteinnahmen aus. Ist der Verkauf der T-Shirts steuerlich als Gewerbebetrieb zu werten?
379,3,,32b4e13ef0974f98,Eine erfolgreiche Rockband (freiberuflich tätig als Künstler) verkauft bei ihren Konzerten in großem Stil T-Shirts und Kappen mit ihrem Logo. Der Umsatz aus diesem Merchandise-Verkauf macht mittlerweile 50 % ihrer Gesamteinnahmen aus. Ist der Verkauf der T-Shirts steuerlich als Gewerbebetrieb zu werten?
380,1,,1ae29a81c8694be0,"Ein Unternehmer veräußert ein Fahrzeug, für dessen Erwerb ihm seinerzeit kein Vorsteuerabzug zustand. Während der Nutzungsdauer wurde das Fahrzeug überwiegend für steuerfreie Umsätze verwendet, fallweise jedoch auch für einzelne steuerpflichtige Fahrten im Unternehmensbereich eingesetzt. Der Unternehmer beruft sich darauf, dass die steuerpflichtige Nutzung nur untergeordnet gewesen sei. Zu entscheiden ist, ob eine überwiegende Verwendung genügt."
380,2,,1ae29a81c8694be0,"Ein Unternehmer veräußert ein Fahrzeug, für dessen Erwerb ihm seinerzeit kein Vorsteuerabzug zustand. Während der Nutzungsdauer wurde das Fahrzeug überwiegend für steuerfreie Umsätze verwendet, fallweise jedoch auch für einzelne steuerpflichtige Fahrten im Unternehmensbereich eingesetzt. Der Unternehmer beruft sich darauf, dass die steuerpflichtige Nutzung nur untergeordnet gewesen sei. Zu entscheiden ist, ob eine überwiegende Verwendung genügt."
380,3,,1ae29a81c8694be0,"Ein Unternehmer veräußert ein Fahrzeug, für dessen Erwerb ihm seinerzeit kein Vorsteuerabzug zustand. Während der Nutzungsdauer wurde das Fahrzeug überwiegend für steuerfreie Umsätze verwendet, fallweise jedoch auch für einzelne steuerpflichtige Fahrten im Unternehmensbereich eingesetzt. Der Unternehmer beruft sich darauf, dass die steuerpflichtige Nutzung nur untergeordnet gewesen sei. Zu entscheiden ist, ob eine überwiegende Verwendung genügt."
381,1,,cf994a2a1e0b8904,"Ein Museum mit gemeinnützigem Bildungsauftrag lässt aus einem Drittstaat historische Manuskripte, Modelle und wissenschaftliche Demonstrationsobjekte einführen. Die Manuskripte werden dem Museum unentgeltlich von einer ausländischen Universität überlassen. Die Modelle werden zu einem symbolischen Kaufpreis von einem Unternehmer im Drittstaat erworben. Die Demonstrationsobjekte stammen aus einer unentgeltlichen Überlassung durch eine Privatperson. Sämtliche Gegenstände sind ausschließlich für eine öffentlich zugängliche Lehr und Forschungsausstellung bestimmt. Es ist zu bestimmen, für welche Teilmengen der Sendung die Einfuhrbefreiung eingreift."
381,2,,cf994a2a1e0b8904,"Ein Museum mit gemeinnützigem Bildungsauftrag lässt aus einem Drittstaat historische Manuskripte, Modelle und wissenschaftliche Demonstrationsobjekte einführen. Die Manuskripte werden dem Museum unentgeltlich von einer ausländischen Universität überlassen. Die Modelle werden zu einem symbolischen Kaufpreis von einem Unternehmer im Drittstaat erworben. Die Demonstrationsobjekte stammen aus einer unentgeltlichen Überlassung durch eine Privatperson. Sämtliche Gegenstände sind ausschließlich für eine öffentlich zugängliche Lehr und Forschungsausstellung bestimmt. Es ist zu bestimmen, für welche Teilmengen der Sendung die Einfuhrbefreiung eingreift."
381,3,,cf994a2a1e0b8904,"Ein Museum mit gemeinnützigem Bildungsauftrag lässt aus einem Drittstaat historische Manuskripte, Modelle und wissenschaftliche Demonstrationsobjekte einführen. Die Manuskripte werden dem Museum unentgeltlich von einer ausländischen Universität überlassen. Die Modelle werden zu einem symbolischen Kaufpreis von einem Unternehmer im Drittstaat erworben. Die Demonstrationsobjekte stammen aus einer unentgeltlichen Überlassung durch eine Privatperson. Sämtliche Gegenstände sind ausschließlich für eine öffentlich zugängliche Lehr und Forschungsausstellung bestimmt. Es ist zu bestimmen, für welche Teilmengen der Sendung die Einfuhrbefreiung eingreift."
382,1,,0e1c25b558b0114d,Ein Grundstück in Salzburg geht ohne vorhergehenden Kaufvertrag unmittelbar in das Eigentum eines Erwerbers über. Es liegt also kein den Anspruch auf Übereignung begründendes Rechtsgeschäft vor. Fällt dennoch Grunderwerbsteuer an?
382,2,,0e1c25b558b0114d,Ein Grundstück in Salzburg geht ohne vorhergehenden Kaufvertrag unmittelbar in das Eigentum eines Erwerbers über. Es liegt also kein den Anspruch auf Übereignung begründendes Rechtsgeschäft vor. Fällt dennoch Grunderwerbsteuer an?
382,3,,0e1c25b558b0114d,Ein Grundstück in Salzburg geht ohne vorhergehenden Kaufvertrag unmittelbar in das Eigentum eines Erwerbers über. Es liegt also kein den Anspruch auf Übereignung begründendes Rechtsgeschäft vor. Fällt dennoch Grunderwerbsteuer an?
383,1,,a402f87ba72ceb4e,"""Was bedeutet eine sonstige Leistung?"""
383,2,,a402f87ba72ceb4e,"""Was bedeutet eine sonstige Leistung?"""
383,3,,a402f87ba72ceb4e,"""Was bedeutet eine sonstige Leistung?"""
384,1,,b6686a5541498353,"Ein Angestellter baut in seiner Freizeit leidenschaftlich gerne detailgetreue Modellflugzeuge. Gelegentlich verkauft er eines an Bekannte, allerdings decken die Verkaufserlöse bei Weitem nicht die teuren Materialkosten. Er macht das rein aus Freude am Basteln. Liegt ein Gewerbebetrieb nach § 23 EStG vor?"
384,2,,b6686a5541498353,"Ein Angestellter baut in seiner Freizeit leidenschaftlich gerne detailgetreue Modellflugzeuge. Gelegentlich verkauft er eines an Bekannte, allerdings decken die Verkaufserlöse bei Weitem nicht die teuren Materialkosten. Er macht das rein aus Freude am Basteln. Liegt ein Gewerbebetrieb nach § 23 EStG vor?"
384,3,,b6686a5541498353,"Ein Angestellter baut in seiner Freizeit leidenschaftlich gerne detailgetreue Modellflugzeuge. Gelegentlich verkauft er eines an Bekannte, allerdings decken die Verkaufserlöse bei Weitem nicht die teuren Materialkosten. Er macht das rein aus Freude am Basteln. Liegt ein Gewerbebetrieb nach § 23 EStG vor?"
385,1,,e08c0fc583868d98,Eine österreichische GmbH & Co KG (Mitunternehmerschaft) hält im Betriebsvermögen Aktien. Die Aktien werden mit Gewinn veräußert. Ein Kommanditist hält seinen Anteil an der KG im Privatvermögen. Sind die Gewinne aus der Aktienveräußerung für den Kommanditisten Einkünfte aus Kapitalvermögen nach § 27 EStG 1988?
385,2,,e08c0fc583868d98,Eine österreichische GmbH & Co KG (Mitunternehmerschaft) hält im Betriebsvermögen Aktien. Die Aktien werden mit Gewinn veräußert. Ein Kommanditist hält seinen Anteil an der KG im Privatvermögen. Sind die Gewinne aus der Aktienveräußerung für den Kommanditisten Einkünfte aus Kapitalvermögen nach § 27 EStG 1988?
385,3,,e08c0fc583868d98,Eine österreichische GmbH & Co KG (Mitunternehmerschaft) hält im Betriebsvermögen Aktien. Die Aktien werden mit Gewinn veräußert. Ein Kommanditist hält seinen Anteil an der KG im Privatvermögen. Sind die Gewinne aus der Aktienveräußerung für den Kommanditisten Einkünfte aus Kapitalvermögen nach § 27 EStG 1988?
386,1,,6c55c55994de18dc,"Frau Hahn hat Aktien der Z-AG in ihrem Depot bei der österreichischen Bank A. Sie beauftragt Bank A, alle Aktien auf ihr neues Depot bei derselben Bank A zu übertragen (interner Depottransfer). Einige Monate später überträgt sie dieselben Aktien auf ihr Depot bei der österreichischen Bank B, wobei sie Bank A beauftragt, Bank B die Anschaffungskosten mitzuteilen. Lösen diese Vorgänge steuerliche Konsequenzen nach § 27 EStG 1988 aus?"
386,2,,6c55c55994de18dc,"Frau Hahn hat Aktien der Z-AG in ihrem Depot bei der österreichischen Bank A. Sie beauftragt Bank A, alle Aktien auf ihr neues Depot bei derselben Bank A zu übertragen (interner Depottransfer). Einige Monate später überträgt sie dieselben Aktien auf ihr Depot bei der österreichischen Bank B, wobei sie Bank A beauftragt, Bank B die Anschaffungskosten mitzuteilen. Lösen diese Vorgänge steuerliche Konsequenzen nach § 27 EStG 1988 aus?"
386,3,,6c55c55994de18dc,"Frau Hahn hat Aktien der Z-AG in ihrem Depot bei der österreichischen Bank A. Sie beauftragt Bank A, alle Aktien auf ihr neues Depot bei derselben Bank A zu übertragen (interner Depottransfer). Einige Monate später überträgt sie dieselben Aktien auf ihr Depot bei der österreichischen Bank B, wobei sie Bank A beauftragt, Bank B die Anschaffungskosten mitzuteilen. Lösen diese Vorgänge steuerliche Konsequenzen nach § 27 EStG 1988 aus?"
387,1,,1b91c2236645a862,Sind Fremdfinanzierungszinsen für den Erwerb einer steuerbefreiten Beteiligung als Betriebsausgabe abzugsfähig?
387,2,,1b91c2236645a862,Sind Fremdfinanzierungszinsen für den Erwerb einer steuerbefreiten Beteiligung als Betriebsausgabe abzugsfähig?
387,3,,1b91c2236645a862,Sind Fremdfinanzierungszinsen für den Erwerb einer steuerbefreiten Beteiligung als Betriebsausgabe abzugsfähig?
388,1,,a76c04ebe0c09995,Ein in Ungarn ansässiger Arbeitnehmer arbeitet vorübergehend physisch in Österreich. Können seine Arbeitslohneinkünfte in Österreich beschränkt steuerpflichtig sein?
388,2,,a76c04ebe0c09995,Ein in Ungarn ansässiger Arbeitnehmer arbeitet vorübergehend physisch in Österreich. Können seine Arbeitslohneinkünfte in Österreich beschränkt steuerpflichtig sein?
388,3,,a76c04ebe0c09995,Ein in Ungarn ansässiger Arbeitnehmer arbeitet vorübergehend physisch in Österreich. Können seine Arbeitslohneinkünfte in Österreich beschränkt steuerpflichtig sein?
389,1,,e4ecbaa17a95ef90,"""Herr Weber möchte sein Grundstück verkaufen. Er beauftragt einen Grundstücksmakler, der ihn bei der Vermittlung unterstützt. Gilt die Maklerleistung als sonstige Leistung im Zusammenhang mit einem Grundstück, und wo wird sie ausgeführt?"""
389,2,,e4ecbaa17a95ef90,"""Herr Weber möchte sein Grundstück verkaufen. Er beauftragt einen Grundstücksmakler, der ihn bei der Vermittlung unterstützt. Gilt die Maklerleistung als sonstige Leistung im Zusammenhang mit einem Grundstück, und wo wird sie ausgeführt?"""
389,3,,e4ecbaa17a95ef90,"""Herr Weber möchte sein Grundstück verkaufen. Er beauftragt einen Grundstücksmakler, der ihn bei der Vermittlung unterstützt. Gilt die Maklerleistung als sonstige Leistung im Zusammenhang mit einem Grundstück, und wo wird sie ausgeführt?"""
390,1,,73d64160f0cac31b,"Person A möchte ein Grundstück kaufen, aber Person B hat ein Vorkaufsrecht. Person A zahlt Person B 10.000 Euro, damit B auf dieses Recht verzichtet. Zählt diese Zahlung zur Bemessungsgrundlage der Grunderwerbsteuer?"
390,2,,73d64160f0cac31b,"Person A möchte ein Grundstück kaufen, aber Person B hat ein Vorkaufsrecht. Person A zahlt Person B 10.000 Euro, damit B auf dieses Recht verzichtet. Zählt diese Zahlung zur Bemessungsgrundlage der Grunderwerbsteuer?"
390,3,,73d64160f0cac31b,"Person A möchte ein Grundstück kaufen, aber Person B hat ein Vorkaufsrecht. Person A zahlt Person B 10.000 Euro, damit B auf dieses Recht verzichtet. Zählt diese Zahlung zur Bemessungsgrundlage der Grunderwerbsteuer?"
391,1,,3db8de8a7882d804,"Ein Arbeitnehmer nutzt seinen privaten PKW für eine Dienstreise und erhält vom Arbeitgeber 0,42 € pro gefahrenem Kilometer (amtliches Kilometergeld). Muss er diese Entschädigung versteuern?"
391,2,,3db8de8a7882d804,"Ein Arbeitnehmer nutzt seinen privaten PKW für eine Dienstreise und erhält vom Arbeitgeber 0,42 € pro gefahrenem Kilometer (amtliches Kilometergeld). Muss er diese Entschädigung versteuern?"
391,3,,3db8de8a7882d804,"Ein Arbeitnehmer nutzt seinen privaten PKW für eine Dienstreise und erhält vom Arbeitgeber 0,42 € pro gefahrenem Kilometer (amtliches Kilometergeld). Muss er diese Entschädigung versteuern?"
392,1,,9cf79ffc39a356df,"""Im welchen Fall liegt ein tauschähnlicher Umsatz vor"""
392,2,,9cf79ffc39a356df,"""Im welchen Fall liegt ein tauschähnlicher Umsatz vor"""
392,3,,9cf79ffc39a356df,"""Im welchen Fall liegt ein tauschähnlicher Umsatz vor"""
393,1,,78115f1f15843f98,Mitarbeiterin B pendelt jeden Tag 25 km zu ihrem Arbeitsplatz. Die Nutzung öffentlicher Verkehrsmittel für diese Strecke ist zumutbar. Die Mitarbeiterin beantragt die volle Pendlerpauschale. Steht ihr diese zu?
393,2,,78115f1f15843f98,Mitarbeiterin B pendelt jeden Tag 25 km zu ihrem Arbeitsplatz. Die Nutzung öffentlicher Verkehrsmittel für diese Strecke ist zumutbar. Die Mitarbeiterin beantragt die volle Pendlerpauschale. Steht ihr diese zu?
393,3,,78115f1f15843f98,Mitarbeiterin B pendelt jeden Tag 25 km zu ihrem Arbeitsplatz. Die Nutzung öffentlicher Verkehrsmittel für diese Strecke ist zumutbar. Die Mitarbeiterin beantragt die volle Pendlerpauschale. Steht ihr diese zu?
394,1,,8055b77ef733a08d,"Eine freiberufliche Dozentin unterrichtet persönlich an einer privaten Einrichtung, die berufsbildende Lehrgänge anbietet und nach ihrer Zielsetzung mit öffentlichen Schulen vergleichbar ist. Sie stellt ihre Honorare nicht den einzelnen Kursteilnehmern, sondern unmittelbar der Einrichtung in Rechnung. Umstritten ist, ob die persönliche Unterrichtserteilung als Privatlehrerin auch dann begünstigt ist, wenn die Abrechnung institutionell und nicht gegenüber den Schülern erfolgt."
394,2,,8055b77ef733a08d,"Eine freiberufliche Dozentin unterrichtet persönlich an einer privaten Einrichtung, die berufsbildende Lehrgänge anbietet und nach ihrer Zielsetzung mit öffentlichen Schulen vergleichbar ist. Sie stellt ihre Honorare nicht den einzelnen Kursteilnehmern, sondern unmittelbar der Einrichtung in Rechnung. Umstritten ist, ob die persönliche Unterrichtserteilung als Privatlehrerin auch dann begünstigt ist, wenn die Abrechnung institutionell und nicht gegenüber den Schülern erfolgt."
394,3,,8055b77ef733a08d,"Eine freiberufliche Dozentin unterrichtet persönlich an einer privaten Einrichtung, die berufsbildende Lehrgänge anbietet und nach ihrer Zielsetzung mit öffentlichen Schulen vergleichbar ist. Sie stellt ihre Honorare nicht den einzelnen Kursteilnehmern, sondern unmittelbar der Einrichtung in Rechnung. Umstritten ist, ob die persönliche Unterrichtserteilung als Privatlehrerin auch dann begünstigt ist, wenn die Abrechnung institutionell und nicht gegenüber den Schülern erfolgt."
395,1,,1906733d42f2cb35,"""Herr Schmidt betreibt eine Werbeagentur in Wien. Eine IT-Firma aus Salzburg installiert neue Software für sein Unternehmen. Wo gilt die Leistung steuerlich als ausgeführt: Wien oder Salzburg?"""
395,2,,1906733d42f2cb35,"""Herr Schmidt betreibt eine Werbeagentur in Wien. Eine IT-Firma aus Salzburg installiert neue Software für sein Unternehmen. Wo gilt die Leistung steuerlich als ausgeführt: Wien oder Salzburg?"""
395,3,,1906733d42f2cb35,"""Herr Schmidt betreibt eine Werbeagentur in Wien. Eine IT-Firma aus Salzburg installiert neue Software für sein Unternehmen. Wo gilt die Leistung steuerlich als ausgeführt: Wien oder Salzburg?"""
396,1,,b9b5737edaccadca,"Ein Autoliebhaber vermietet seine zwei privaten Oldtimer gelegentlich für Hochzeiten oder Filmaufnahmen. Die Einnahmen decken jedoch bei weitem nicht die hohen laufenden Kosten für Wartung, Versicherung und Garagenmiete. Da er die Fahrzeuge primär für sein eigenes Hobby besitzt und die Vermietung nur zur minimalen Kostensenkung nutzt, ist eine Gewinnerzielung objektiv nicht möglich. Liegt hier ein Gewerbebetrieb gemäß § 23 EStG vor?"
396,2,,b9b5737edaccadca,"Ein Autoliebhaber vermietet seine zwei privaten Oldtimer gelegentlich für Hochzeiten oder Filmaufnahmen. Die Einnahmen decken jedoch bei weitem nicht die hohen laufenden Kosten für Wartung, Versicherung und Garagenmiete. Da er die Fahrzeuge primär für sein eigenes Hobby besitzt und die Vermietung nur zur minimalen Kostensenkung nutzt, ist eine Gewinnerzielung objektiv nicht möglich. Liegt hier ein Gewerbebetrieb gemäß § 23 EStG vor?"
396,3,,b9b5737edaccadca,"Ein Autoliebhaber vermietet seine zwei privaten Oldtimer gelegentlich für Hochzeiten oder Filmaufnahmen. Die Einnahmen decken jedoch bei weitem nicht die hohen laufenden Kosten für Wartung, Versicherung und Garagenmiete. Da er die Fahrzeuge primär für sein eigenes Hobby besitzt und die Vermietung nur zur minimalen Kostensenkung nutzt, ist eine Gewinnerzielung objektiv nicht möglich. Liegt hier ein Gewerbebetrieb gemäß § 23 EStG vor?"
397,1,,be67d56656b1e062,Sind Trinkgelder für Arbeitnehmer steuerpflichtig?
397,2,,be67d56656b1e062,Sind Trinkgelder für Arbeitnehmer steuerpflichtig?
397,3,,be67d56656b1e062,Sind Trinkgelder für Arbeitnehmer steuerpflichtig?
398,1,,1a8699b343c98648,"Welche voraussetzungen bezüglich Alter oder Gesundheit muss ein Übergeber erfüllen, damit die Freibetragsregelung (bis zu 900.000 Euro) bei der unentgeltlichen Übergabe eines Betriebes unter Lebenden zur Anwendung kommt?"
398,2,,1a8699b343c98648,"Welche voraussetzungen bezüglich Alter oder Gesundheit muss ein Übergeber erfüllen, damit die Freibetragsregelung (bis zu 900.000 Euro) bei der unentgeltlichen Übergabe eines Betriebes unter Lebenden zur Anwendung kommt?"
398,3,,1a8699b343c98648,"Welche voraussetzungen bezüglich Alter oder Gesundheit muss ein Übergeber erfüllen, damit die Freibetragsregelung (bis zu 900.000 Euro) bei der unentgeltlichen Übergabe eines Betriebes unter Lebenden zur Anwendung kommt?"
399,1,,a6a8f8fc274ffabd,Darf Österreich bei der Befreiungsmethode die nach dem DBA steuerfreien Auslandseinkünfte für die Ermittlung des Steuersatzes auf die Inlandseinkünfte berücksichtigen?
399,2,,a6a8f8fc274ffabd,Darf Österreich bei der Befreiungsmethode die nach dem DBA steuerfreien Auslandseinkünfte für die Ermittlung des Steuersatzes auf die Inlandseinkünfte berücksichtigen?
399,3,,a6a8f8fc274ffabd,Darf Österreich bei der Befreiungsmethode die nach dem DBA steuerfreien Auslandseinkünfte für die Ermittlung des Steuersatzes auf die Inlandseinkünfte berücksichtigen?
400,1,,c1d63d3511ec1b13,"""Ein Influencer macht Werbung für ein neues Smartphone-Modell auf Instagram. Als Entgelt darf er das Smartphone behalten. Welcher Umsatztyp liegt hier vor?“"
400,2,,c1d63d3511ec1b13,"""Ein Influencer macht Werbung für ein neues Smartphone-Modell auf Instagram. Als Entgelt darf er das Smartphone behalten. Welcher Umsatztyp liegt hier vor?“"
400,3,,c1d63d3511ec1b13,"""Ein Influencer macht Werbung für ein neues Smartphone-Modell auf Instagram. Als Entgelt darf er das Smartphone behalten. Welcher Umsatztyp liegt hier vor?“"
401,1,,39890331df3d1671,"Mitarbeiter B bekommt von seinem Arbeitgeber ein E-Bike zur Verfügung gestellt. Manchmal nutzt er dieses Rad für private Ausfahrten. Mitarbeiter B hat dabei keine Bedenken bei der privaten Nutzung, da der Sachbezug des E-Bikes Null beträgt. Sind diese Fahrten steuerlich irrelevant?"
401,2,,39890331df3d1671,"Mitarbeiter B bekommt von seinem Arbeitgeber ein E-Bike zur Verfügung gestellt. Manchmal nutzt er dieses Rad für private Ausfahrten. Mitarbeiter B hat dabei keine Bedenken bei der privaten Nutzung, da der Sachbezug des E-Bikes Null beträgt. Sind diese Fahrten steuerlich irrelevant?"
401,3,,39890331df3d1671,"Mitarbeiter B bekommt von seinem Arbeitgeber ein E-Bike zur Verfügung gestellt. Manchmal nutzt er dieses Rad für private Ausfahrten. Mitarbeiter B hat dabei keine Bedenken bei der privaten Nutzung, da der Sachbezug des E-Bikes Null beträgt. Sind diese Fahrten steuerlich irrelevant?"
402,1,,76b6ac44e405025e,"Ein Unternehmer erhält vom Auftraggeber gebrauchte Messingplatten, entfernt Oxidationsschichten, glättet die Oberfläche und schneidet sie auf passende Maße zu. Nach der Behandlung können die Platten weiterhin nur als Messingplatten derselben Marktgattung verkauft werden; eine neue eigenständige Marktgängigkeit entsteht nicht. Liegt eine Bearbeitung oder Verarbeitung im Sinne des § 3 Abs. 6 vor?"
402,2,,76b6ac44e405025e,"Ein Unternehmer erhält vom Auftraggeber gebrauchte Messingplatten, entfernt Oxidationsschichten, glättet die Oberfläche und schneidet sie auf passende Maße zu. Nach der Behandlung können die Platten weiterhin nur als Messingplatten derselben Marktgattung verkauft werden; eine neue eigenständige Marktgängigkeit entsteht nicht. Liegt eine Bearbeitung oder Verarbeitung im Sinne des § 3 Abs. 6 vor?"
402,3,,76b6ac44e405025e,"Ein Unternehmer erhält vom Auftraggeber gebrauchte Messingplatten, entfernt Oxidationsschichten, glättet die Oberfläche und schneidet sie auf passende Maße zu. Nach der Behandlung können die Platten weiterhin nur als Messingplatten derselben Marktgattung verkauft werden; eine neue eigenständige Marktgängigkeit entsteht nicht. Liegt eine Bearbeitung oder Verarbeitung im Sinne des § 3 Abs. 6 vor?"
403,1,,df18ff813bcef677,Eine Wirtschaftskammer zahlt der Witwe eines Unternehmers eine monatliche Hinterbliebenenpension. Ist das für sie Arbeitslohn?
403,2,,df18ff813bcef677,Eine Wirtschaftskammer zahlt der Witwe eines Unternehmers eine monatliche Hinterbliebenenpension. Ist das für sie Arbeitslohn?
403,3,,df18ff813bcef677,Eine Wirtschaftskammer zahlt der Witwe eines Unternehmers eine monatliche Hinterbliebenenpension. Ist das für sie Arbeitslohn?
404,1,,cd90a3a30e7630da,"Eine Agentur erbringt eine entgeltliche Marketingleistung. Laut Vertrag schuldet der Kunde 50.000 Euro. Zusätzlich verpflichtet sich ein Konzernunternehmen des Kunden, weitere 8.000 Euro direkt an die Agentur zu zahlen, damit die Leistung zu diesen Konditionen erbracht wird. Wie ist dieser Drittbetrag bei der Bemessungsgrundlage einzuordnen?"
404,2,,cd90a3a30e7630da,"Eine Agentur erbringt eine entgeltliche Marketingleistung. Laut Vertrag schuldet der Kunde 50.000 Euro. Zusätzlich verpflichtet sich ein Konzernunternehmen des Kunden, weitere 8.000 Euro direkt an die Agentur zu zahlen, damit die Leistung zu diesen Konditionen erbracht wird. Wie ist dieser Drittbetrag bei der Bemessungsgrundlage einzuordnen?"
404,3,,cd90a3a30e7630da,"Eine Agentur erbringt eine entgeltliche Marketingleistung. Laut Vertrag schuldet der Kunde 50.000 Euro. Zusätzlich verpflichtet sich ein Konzernunternehmen des Kunden, weitere 8.000 Euro direkt an die Agentur zu zahlen, damit die Leistung zu diesen Konditionen erbracht wird. Wie ist dieser Drittbetrag bei der Bemessungsgrundlage einzuordnen?"
405,1,,ec1db23e5900f0c5,Ein Arbeitnehmer erhält nach der Insolvenz seines Arbeitgebers eine Auszahlung aus dem Insolvenz‑Entgelt‑Fonds. Ist das steuerpflichtiger Arbeitslohn?
405,2,,ec1db23e5900f0c5,Ein Arbeitnehmer erhält nach der Insolvenz seines Arbeitgebers eine Auszahlung aus dem Insolvenz‑Entgelt‑Fonds. Ist das steuerpflichtiger Arbeitslohn?
405,3,,ec1db23e5900f0c5,Ein Arbeitnehmer erhält nach der Insolvenz seines Arbeitgebers eine Auszahlung aus dem Insolvenz‑Entgelt‑Fonds. Ist das steuerpflichtiger Arbeitslohn?
406,1,,74019497bd8b290b,Was ist die Hauptleistungspflicht im Umsatzsteuergesetz 1994?
406,2,,74019497bd8b290b,Was ist die Hauptleistungspflicht im Umsatzsteuergesetz 1994?
406,3,,74019497bd8b290b,Was ist die Hauptleistungspflicht im Umsatzsteuergesetz 1994?
407,1,,0d0a9b0faf38d293,Erstreckt sich die beschränkte österreichische Steuerpflicht eines in Polen ansässigen Steuerpflichtigen auf dessen gesamtes Welteinkommen?
407,2,,0d0a9b0faf38d293,Erstreckt sich die beschränkte österreichische Steuerpflicht eines in Polen ansässigen Steuerpflichtigen auf dessen gesamtes Welteinkommen?
407,3,,0d0a9b0faf38d293,Erstreckt sich die beschränkte österreichische Steuerpflicht eines in Polen ansässigen Steuerpflichtigen auf dessen gesamtes Welteinkommen?
408,1,,204182834f091b3c,Was regelt das Körperschaftsteuergesetz (KStG) 1988?
408,2,,204182834f091b3c,Was regelt das Körperschaftsteuergesetz (KStG) 1988?
408,3,,204182834f091b3c,Was regelt das Körperschaftsteuergesetz (KStG) 1988?
409,1,,1ddd353d8a83c82e,"Ein Unternehmer liefert eine elektronische Fachpublikation per Download. Die Datei besteht überwiegend aus Text und Grafiken, enthält aber zusätzlich kurze eingebettete Videoclips; Werbezwecke verfolgt sie nicht. Ist der 10%-Satz anwendbar?"
409,2,,1ddd353d8a83c82e,"Ein Unternehmer liefert eine elektronische Fachpublikation per Download. Die Datei besteht überwiegend aus Text und Grafiken, enthält aber zusätzlich kurze eingebettete Videoclips; Werbezwecke verfolgt sie nicht. Ist der 10%-Satz anwendbar?"
409,3,,1ddd353d8a83c82e,"Ein Unternehmer liefert eine elektronische Fachpublikation per Download. Die Datei besteht überwiegend aus Text und Grafiken, enthält aber zusätzlich kurze eingebettete Videoclips; Werbezwecke verfolgt sie nicht. Ist der 10%-Satz anwendbar?"
410,1,,14661ee78fc707df,"Ein Bauer betreibt zusätzlich zu seiner Landwirtschaft einen kleinen Hofladen, in dem er eigene Produkte verkauft. Er meint, da er Landwirt ist, falle alles unter Land- und Forstwirtschaft und nicht unter § 23. Stimmt das?"
410,2,,14661ee78fc707df,"Ein Bauer betreibt zusätzlich zu seiner Landwirtschaft einen kleinen Hofladen, in dem er eigene Produkte verkauft. Er meint, da er Landwirt ist, falle alles unter Land- und Forstwirtschaft und nicht unter § 23. Stimmt das?"
410,3,,14661ee78fc707df,"Ein Bauer betreibt zusätzlich zu seiner Landwirtschaft einen kleinen Hofladen, in dem er eigene Produkte verkauft. Er meint, da er Landwirt ist, falle alles unter Land- und Forstwirtschaft und nicht unter § 23. Stimmt das?"
411,1,,156300e563c9cf17,"Eine Person besitzt in Österreich nur eine leerstehende, unmöblierte Wohnung, die tatsächlich nicht bewohnbar gehalten wird. Begründet diese leerstehende Wohnung einen Wohnsitz?"
411,2,,156300e563c9cf17,"Eine Person besitzt in Österreich nur eine leerstehende, unmöblierte Wohnung, die tatsächlich nicht bewohnbar gehalten wird. Begründet diese leerstehende Wohnung einen Wohnsitz?"
411,3,,156300e563c9cf17,"Eine Person besitzt in Österreich nur eine leerstehende, unmöblierte Wohnung, die tatsächlich nicht bewohnbar gehalten wird. Begründet diese leerstehende Wohnung einen Wohnsitz?"
412,1,,70d71ceefaa4afaf,"„Liegt ein tauschähnlicher Umsatz vor, wenn eine Leistung nicht in Geld vergütet wird?“"
412,2,,70d71ceefaa4afaf,"„Liegt ein tauschähnlicher Umsatz vor, wenn eine Leistung nicht in Geld vergütet wird?“"
412,3,,70d71ceefaa4afaf,"„Liegt ein tauschähnlicher Umsatz vor, wenn eine Leistung nicht in Geld vergütet wird?“"
413,1,,4e1f0e1ddad8fa7b,"Was versteht man unter der ""Wiederaufnahme des Verfahrens"" nach der BAO?"
413,2,,4e1f0e1ddad8fa7b,"Was versteht man unter der ""Wiederaufnahme des Verfahrens"" nach der BAO?"
413,3,,4e1f0e1ddad8fa7b,"Was versteht man unter der ""Wiederaufnahme des Verfahrens"" nach der BAO?"
414,1,,6b58958f944458e7,Ein digitaler Nomade lebt während seiner Österreich-Aufenthalte ausschließlich in einem mobilen Wohnwagen. Kann dadurch ein inländischer Wohnsitz begründet werden?
414,2,,6b58958f944458e7,Ein digitaler Nomade lebt während seiner Österreich-Aufenthalte ausschließlich in einem mobilen Wohnwagen. Kann dadurch ein inländischer Wohnsitz begründet werden?
414,3,,6b58958f944458e7,Ein digitaler Nomade lebt während seiner Österreich-Aufenthalte ausschließlich in einem mobilen Wohnwagen. Kann dadurch ein inländischer Wohnsitz begründet werden?
415,1,,4986cd2796c58688,Wenn ein angestellter Rechtsanwalt während einer Krankheit Zahlungen aus dem Unterstützungssystem der Rechtsanwaltskammer erhält – zählen diese als Arbeitslohn?
415,2,,4986cd2796c58688,Wenn ein angestellter Rechtsanwalt während einer Krankheit Zahlungen aus dem Unterstützungssystem der Rechtsanwaltskammer erhält – zählen diese als Arbeitslohn?
415,3,,4986cd2796c58688,Wenn ein angestellter Rechtsanwalt während einer Krankheit Zahlungen aus dem Unterstützungssystem der Rechtsanwaltskammer erhält – zählen diese als Arbeitslohn?
416,1,,9a6cbbae07369074,"Mitarbeiter B ist Installateur und fährt täglich mit einem Kastenwagen, mit festverbeuaten Werkzeugregalen und Baustoffen im Ladebereich, von der Arbeit nach Hause. Der Arbeitgeber muss für diese Fahrten keinen Sachbezug ansetzen?"
416,2,,9a6cbbae07369074,"Mitarbeiter B ist Installateur und fährt täglich mit einem Kastenwagen, mit festverbeuaten Werkzeugregalen und Baustoffen im Ladebereich, von der Arbeit nach Hause. Der Arbeitgeber muss für diese Fahrten keinen Sachbezug ansetzen?"
416,3,,9a6cbbae07369074,"Mitarbeiter B ist Installateur und fährt täglich mit einem Kastenwagen, mit festverbeuaten Werkzeugregalen und Baustoffen im Ladebereich, von der Arbeit nach Hause. Der Arbeitgeber muss für diese Fahrten keinen Sachbezug ansetzen?"
417,1,,8908960bcad8868e,"""Ein Tourist aus Deutschland übernachtet in einem Wiener Hotel. Wo ist die Leistung steuerpflichtig?"""
417,2,,8908960bcad8868e,"""Ein Tourist aus Deutschland übernachtet in einem Wiener Hotel. Wo ist die Leistung steuerpflichtig?"""
417,3,,8908960bcad8868e,"""Ein Tourist aus Deutschland übernachtet in einem Wiener Hotel. Wo ist die Leistung steuerpflichtig?"""
418,1,,87675b3e3a8ea616,"Ein Schweizer Unternehmer verkauft eine Maschine an einen österreichischen Kunden. Die Maschine wird in Zürich einem Spediteur übergeben, der sie im Auftrag des Verkäufers nach Graz transportiert. Der österreichische Kunde erlangt die Verfügungsmacht erst nach Ankunft in Graz. Liegt der Ort der Lieferung in Österreich, weil sich die Maschine dort bei Verschaffung der Verfügungsmacht befindet?"
418,2,,87675b3e3a8ea616,"Ein Schweizer Unternehmer verkauft eine Maschine an einen österreichischen Kunden. Die Maschine wird in Zürich einem Spediteur übergeben, der sie im Auftrag des Verkäufers nach Graz transportiert. Der österreichische Kunde erlangt die Verfügungsmacht erst nach Ankunft in Graz. Liegt der Ort der Lieferung in Österreich, weil sich die Maschine dort bei Verschaffung der Verfügungsmacht befindet?"
418,3,,87675b3e3a8ea616,"Ein Schweizer Unternehmer verkauft eine Maschine an einen österreichischen Kunden. Die Maschine wird in Zürich einem Spediteur übergeben, der sie im Auftrag des Verkäufers nach Graz transportiert. Der österreichische Kunde erlangt die Verfügungsmacht erst nach Ankunft in Graz. Liegt der Ort der Lieferung in Österreich, weil sich die Maschine dort bei Verschaffung der Verfügungsmacht befindet?"
419,1,,5e2fbd74dbc73b5d,"Frau Ort erhält als Begünstigte einer Privatstiftung im Bilanzerstellungszeitraum (Februar des Folgejahres, vor Bestätigung durch den Abschlussprüfer) eine Zuwendung von 15.000 Euro, die die Stiftung als Substanzauszahlung behandelt. Der Abschluss des Vorjahres ist noch nicht vom Abschlussprüfer bestätigt. Kann diese Zuwendung tatsächlich als Substanzauszahlung behandelt werden?"
419,2,,5e2fbd74dbc73b5d,"Frau Ort erhält als Begünstigte einer Privatstiftung im Bilanzerstellungszeitraum (Februar des Folgejahres, vor Bestätigung durch den Abschlussprüfer) eine Zuwendung von 15.000 Euro, die die Stiftung als Substanzauszahlung behandelt. Der Abschluss des Vorjahres ist noch nicht vom Abschlussprüfer bestätigt. Kann diese Zuwendung tatsächlich als Substanzauszahlung behandelt werden?"
419,3,,5e2fbd74dbc73b5d,"Frau Ort erhält als Begünstigte einer Privatstiftung im Bilanzerstellungszeitraum (Februar des Folgejahres, vor Bestätigung durch den Abschlussprüfer) eine Zuwendung von 15.000 Euro, die die Stiftung als Substanzauszahlung behandelt. Der Abschluss des Vorjahres ist noch nicht vom Abschlussprüfer bestätigt. Kann diese Zuwendung tatsächlich als Substanzauszahlung behandelt werden?"
420,1,,941440d299b9e237,"Kann bei beschränkt lohnsteuerpflichtigen Arbeitnehmern die Lohnsteuer grundsätzlich nach dem normalen Tarif berechnet werden, allerdings mit Kürzung bestimmter Absetzbeträge?"
420,2,,941440d299b9e237,"Kann bei beschränkt lohnsteuerpflichtigen Arbeitnehmern die Lohnsteuer grundsätzlich nach dem normalen Tarif berechnet werden, allerdings mit Kürzung bestimmter Absetzbeträge?"
420,3,,941440d299b9e237,"Kann bei beschränkt lohnsteuerpflichtigen Arbeitnehmern die Lohnsteuer grundsätzlich nach dem normalen Tarif berechnet werden, allerdings mit Kürzung bestimmter Absetzbeträge?"
421,1,,8a9eb9eed41b687b,"""Ein Tourist aus Deutschland bucht ein Airbnb in Österreich. Wo ist die Leistung steuerpflichtig?"""
421,2,,8a9eb9eed41b687b,"""Ein Tourist aus Deutschland bucht ein Airbnb in Österreich. Wo ist die Leistung steuerpflichtig?"""
421,3,,8a9eb9eed41b687b,"""Ein Tourist aus Deutschland bucht ein Airbnb in Österreich. Wo ist die Leistung steuerpflichtig?"""
422,1,,1b142f9e8eae715b,"""Ein französisches Unternehmen bucht für seine Mitarbeiter Catering, die direkt mit dem Messeeintritt in Wien verbunden ist. Ort der Leistung?"""
422,2,,1b142f9e8eae715b,"""Ein französisches Unternehmen bucht für seine Mitarbeiter Catering, die direkt mit dem Messeeintritt in Wien verbunden ist. Ort der Leistung?"""
422,3,,1b142f9e8eae715b,"""Ein französisches Unternehmen bucht für seine Mitarbeiter Catering, die direkt mit dem Messeeintritt in Wien verbunden ist. Ort der Leistung?"""
423,1,,ecf3ef983cd0b5c5,Welche Einschränkung gilt für den Betriebsausgabenabzug bei nur teilweise steuerpflichtigen Körperschaften?
423,2,,ecf3ef983cd0b5c5,Welche Einschränkung gilt für den Betriebsausgabenabzug bei nur teilweise steuerpflichtigen Körperschaften?
423,3,,ecf3ef983cd0b5c5,Welche Einschränkung gilt für den Betriebsausgabenabzug bei nur teilweise steuerpflichtigen Körperschaften?
424,1,,f384068e27b88eab,"„Ein Mobilfunkanbieter mit Sitz in der Schweiz stellt einer Privatperson Mobilfunkleistungen bereit. Die Person hat keinen gemeldeten Wohnsitz in Österreich, hält sich aber aufgrund eines langfristigen Projekts seit 8 Monaten durchgehend in einer Mietwohnung in Innsbruck auf. Der Kunde nutzt das Handy ausschließlich in Innsbruck. Wo ist der steuerliche Leistungsort für diese Gebühren nach österreichischem Recht, obwohl kein offizieller Wohnsitz vorliegt?“"
424,2,,f384068e27b88eab,"„Ein Mobilfunkanbieter mit Sitz in der Schweiz stellt einer Privatperson Mobilfunkleistungen bereit. Die Person hat keinen gemeldeten Wohnsitz in Österreich, hält sich aber aufgrund eines langfristigen Projekts seit 8 Monaten durchgehend in einer Mietwohnung in Innsbruck auf. Der Kunde nutzt das Handy ausschließlich in Innsbruck. Wo ist der steuerliche Leistungsort für diese Gebühren nach österreichischem Recht, obwohl kein offizieller Wohnsitz vorliegt?“"
424,3,,f384068e27b88eab,"„Ein Mobilfunkanbieter mit Sitz in der Schweiz stellt einer Privatperson Mobilfunkleistungen bereit. Die Person hat keinen gemeldeten Wohnsitz in Österreich, hält sich aber aufgrund eines langfristigen Projekts seit 8 Monaten durchgehend in einer Mietwohnung in Innsbruck auf. Der Kunde nutzt das Handy ausschließlich in Innsbruck. Wo ist der steuerliche Leistungsort für diese Gebühren nach österreichischem Recht, obwohl kein offizieller Wohnsitz vorliegt?“"
425,1,,ac23f4d115662ff7,"Ein in Spanien lebender Berater hat in Österreich weder Wohnsitz noch gewöhnlichen Aufenthalt. Wenn seine inländischen Einkünfte wegfallen, endet dann grundsätzlich auch die beschränkte Steuerpflicht?"
425,2,,ac23f4d115662ff7,"Ein in Spanien lebender Berater hat in Österreich weder Wohnsitz noch gewöhnlichen Aufenthalt. Wenn seine inländischen Einkünfte wegfallen, endet dann grundsätzlich auch die beschränkte Steuerpflicht?"
425,3,,ac23f4d115662ff7,"Ein in Spanien lebender Berater hat in Österreich weder Wohnsitz noch gewöhnlichen Aufenthalt. Wenn seine inländischen Einkünfte wegfallen, endet dann grundsätzlich auch die beschränkte Steuerpflicht?"
426,1,,5a8d772ba442d6cf,Ein österreichischer Steuerinländer gibt seinen inländischen Wohnsitz auf und verlegt den Mittelpunkt seiner Lebensinteressen ins Ausland. Kann die Aufgabe des inländischen Wohnsitzes Wegzugsbesteuerung auslösen?
426,2,,5a8d772ba442d6cf,Ein österreichischer Steuerinländer gibt seinen inländischen Wohnsitz auf und verlegt den Mittelpunkt seiner Lebensinteressen ins Ausland. Kann die Aufgabe des inländischen Wohnsitzes Wegzugsbesteuerung auslösen?
426,3,,5a8d772ba442d6cf,Ein österreichischer Steuerinländer gibt seinen inländischen Wohnsitz auf und verlegt den Mittelpunkt seiner Lebensinteressen ins Ausland. Kann die Aufgabe des inländischen Wohnsitzes Wegzugsbesteuerung auslösen?
427,1,,a9186ae5b6b4ce48,Ab wann treten die geänderten Selbstberechnungsregeln (BGBl. I Nr. 97/2025) in Kraft?
427,2,,a9186ae5b6b4ce48,Ab wann treten die geänderten Selbstberechnungsregeln (BGBl. I Nr. 97/2025) in Kraft?
427,3,,a9186ae5b6b4ce48,Ab wann treten die geänderten Selbstberechnungsregeln (BGBl. I Nr. 97/2025) in Kraft?
428,1,,7c4940a270ff3c17,Sind Trinkgelder für Arbeitnehmer steuerpflichtig?
428,2,,7c4940a270ff3c17,Sind Trinkgelder für Arbeitnehmer steuerpflichtig?
428,3,,7c4940a270ff3c17,Sind Trinkgelder für Arbeitnehmer steuerpflichtig?
429,1,,4cc2ac0ac6888771,"Ein IT-Berater kauft über mehrere Jahre hinweg gezielt originalverpackte und zertifizierte Videospiel-Klassiker aus den 1990er Jahren auf. Er beobachtet die Auktionspreise genau und verkauft regelmäßig jene Spiele weiter, die eine besonders hohe Wertsteigerung erfahren haben, um mit dem Erlös neue, noch seltenere Exemplare zu erwerben. Pro Jahr wickelt er ca. 20 solcher Verkäufe über spezialisierte Plattformen ab. Ist diese Tätigkeit als private Vermögensverwaltung oder als Gewerbebetrieb gemäß § 23 EStG einzustufen?"
429,2,,4cc2ac0ac6888771,"Ein IT-Berater kauft über mehrere Jahre hinweg gezielt originalverpackte und zertifizierte Videospiel-Klassiker aus den 1990er Jahren auf. Er beobachtet die Auktionspreise genau und verkauft regelmäßig jene Spiele weiter, die eine besonders hohe Wertsteigerung erfahren haben, um mit dem Erlös neue, noch seltenere Exemplare zu erwerben. Pro Jahr wickelt er ca. 20 solcher Verkäufe über spezialisierte Plattformen ab. Ist diese Tätigkeit als private Vermögensverwaltung oder als Gewerbebetrieb gemäß § 23 EStG einzustufen?"
429,3,,4cc2ac0ac6888771,"Ein IT-Berater kauft über mehrere Jahre hinweg gezielt originalverpackte und zertifizierte Videospiel-Klassiker aus den 1990er Jahren auf. Er beobachtet die Auktionspreise genau und verkauft regelmäßig jene Spiele weiter, die eine besonders hohe Wertsteigerung erfahren haben, um mit dem Erlös neue, noch seltenere Exemplare zu erwerben. Pro Jahr wickelt er ca. 20 solcher Verkäufe über spezialisierte Plattformen ab. Ist diese Tätigkeit als private Vermögensverwaltung oder als Gewerbebetrieb gemäß § 23 EStG einzustufen?"
430,1,,3122f1b86ee27b7d,Ein Unternehmen stellt einer Mitarbeiterin ein Elektrofahrrad (CO2-Emissionswert 0) auch zur privaten Nutzung zur Verfügung. Muss die Mitarbeiterin für diesen Vorteil einen Sachbezug versteuern?
430,2,,3122f1b86ee27b7d,Ein Unternehmen stellt einer Mitarbeiterin ein Elektrofahrrad (CO2-Emissionswert 0) auch zur privaten Nutzung zur Verfügung. Muss die Mitarbeiterin für diesen Vorteil einen Sachbezug versteuern?
430,3,,3122f1b86ee27b7d,Ein Unternehmen stellt einer Mitarbeiterin ein Elektrofahrrad (CO2-Emissionswert 0) auch zur privaten Nutzung zur Verfügung. Muss die Mitarbeiterin für diesen Vorteil einen Sachbezug versteuern?
431,1,,02fc565fe60c983e,"Eine österreichische Vermittlerin vermittelt für eine Privatperson aus Italien den Kauf einer Maschine, die sich zum Zeitpunkt der Verschaffung der Verfügungsmacht in Belgien befindet und nicht befördert oder versendet wird. Wo liegt der Ort der Vermittlungsleistung?"
431,2,,02fc565fe60c983e,"Eine österreichische Vermittlerin vermittelt für eine Privatperson aus Italien den Kauf einer Maschine, die sich zum Zeitpunkt der Verschaffung der Verfügungsmacht in Belgien befindet und nicht befördert oder versendet wird. Wo liegt der Ort der Vermittlungsleistung?"
431,3,,02fc565fe60c983e,"Eine österreichische Vermittlerin vermittelt für eine Privatperson aus Italien den Kauf einer Maschine, die sich zum Zeitpunkt der Verschaffung der Verfügungsmacht in Belgien befindet und nicht befördert oder versendet wird. Wo liegt der Ort der Vermittlungsleistung?"
432,1,,4c719d5be2dc4417,"Eine Agentur erbringt eine entgeltliche Marketingleistung. Laut Vertrag schuldet der Kunde 50.000 Euro. Zusätzlich verpflichtet sich ein Konzernunternehmen des Kunden, weitere 8.000 Euro direkt an die Agentur zu zahlen, damit die Leistung zu diesen Konditionen erbracht wird. Wie ist dieser Drittbetrag bei der Bemessungsgrundlage einzuordnen?"
432,2,,4c719d5be2dc4417,"Eine Agentur erbringt eine entgeltliche Marketingleistung. Laut Vertrag schuldet der Kunde 50.000 Euro. Zusätzlich verpflichtet sich ein Konzernunternehmen des Kunden, weitere 8.000 Euro direkt an die Agentur zu zahlen, damit die Leistung zu diesen Konditionen erbracht wird. Wie ist dieser Drittbetrag bei der Bemessungsgrundlage einzuordnen?"
432,3,,4c719d5be2dc4417,"Eine Agentur erbringt eine entgeltliche Marketingleistung. Laut Vertrag schuldet der Kunde 50.000 Euro. Zusätzlich verpflichtet sich ein Konzernunternehmen des Kunden, weitere 8.000 Euro direkt an die Agentur zu zahlen, damit die Leistung zu diesen Konditionen erbracht wird. Wie ist dieser Drittbetrag bei der Bemessungsgrundlage einzuordnen?"
433,1,,eecb5229f3d0196f,"Unterliegen bei beschränkt Steuerpflichtigen Einkünfte, die nach § 98 EStG 1988 nicht steuerpflichtig sind, einem österreichischen Progressionsvorbehalt?"
433,2,,eecb5229f3d0196f,"Unterliegen bei beschränkt Steuerpflichtigen Einkünfte, die nach § 98 EStG 1988 nicht steuerpflichtig sind, einem österreichischen Progressionsvorbehalt?"
433,3,,eecb5229f3d0196f,"Unterliegen bei beschränkt Steuerpflichtigen Einkünfte, die nach § 98 EStG 1988 nicht steuerpflichtig sind, einem österreichischen Progressionsvorbehalt?"
434,1,,6323d7224bef5678,"""Frau Meier erlaubt einem Unternehmer, ihr Firmengrundstück für ein Event zu nutzen, gegen Zahlung eines Entgelts. Ist dies eine sonstige Leistung im Zusammenhang mit einem Grundstück, und wo gilt die Leistung als erbracht?"""
434,2,,6323d7224bef5678,"""Frau Meier erlaubt einem Unternehmer, ihr Firmengrundstück für ein Event zu nutzen, gegen Zahlung eines Entgelts. Ist dies eine sonstige Leistung im Zusammenhang mit einem Grundstück, und wo gilt die Leistung als erbracht?"""
434,3,,6323d7224bef5678,"""Frau Meier erlaubt einem Unternehmer, ihr Firmengrundstück für ein Event zu nutzen, gegen Zahlung eines Entgelts. Ist dies eine sonstige Leistung im Zusammenhang mit einem Grundstück, und wo gilt die Leistung als erbracht?"""
435,1,,619e6d225b7d4310,"Ein Produzent übergibt Waren an einen Kommissionär, der sie im eigenen Namen, aber für Rechnung des Produzenten verkaufen soll. Die Waren befinden sich bereits im Lager des Kommissionärs, wurden aber noch nicht an den Endkunden verkauft. Gilt die Lieferung des Produzenten an den Kommissionär bereits als ausgeführt?"
435,2,,619e6d225b7d4310,"Ein Produzent übergibt Waren an einen Kommissionär, der sie im eigenen Namen, aber für Rechnung des Produzenten verkaufen soll. Die Waren befinden sich bereits im Lager des Kommissionärs, wurden aber noch nicht an den Endkunden verkauft. Gilt die Lieferung des Produzenten an den Kommissionär bereits als ausgeführt?"
435,3,,619e6d225b7d4310,"Ein Produzent übergibt Waren an einen Kommissionär, der sie im eigenen Namen, aber für Rechnung des Produzenten verkaufen soll. Die Waren befinden sich bereits im Lager des Kommissionärs, wurden aber noch nicht an den Endkunden verkauft. Gilt die Lieferung des Produzenten an den Kommissionär bereits als ausgeführt?"
436,1,,18ca1e92198781db,"Ein Maschinenhändler verkauft eine CNC-Anlage an einen Kunden. Zivilrechtlich soll das Eigentum erst nach vollständiger Kaufpreiszahlung übergehen. Der Händler übergibt die Anlage aber sofort, der Kunde darf sie bereits uneingeschränkt in seinem Betrieb einsetzen, weitervermieten und im eigenen Namen darüber verfügen. Liegt bereits eine Lieferung vor, obwohl das Eigentum noch nicht übergegangen ist?"
436,2,,18ca1e92198781db,"Ein Maschinenhändler verkauft eine CNC-Anlage an einen Kunden. Zivilrechtlich soll das Eigentum erst nach vollständiger Kaufpreiszahlung übergehen. Der Händler übergibt die Anlage aber sofort, der Kunde darf sie bereits uneingeschränkt in seinem Betrieb einsetzen, weitervermieten und im eigenen Namen darüber verfügen. Liegt bereits eine Lieferung vor, obwohl das Eigentum noch nicht übergegangen ist?"
436,3,,18ca1e92198781db,"Ein Maschinenhändler verkauft eine CNC-Anlage an einen Kunden. Zivilrechtlich soll das Eigentum erst nach vollständiger Kaufpreiszahlung übergehen. Der Händler übergibt die Anlage aber sofort, der Kunde darf sie bereits uneingeschränkt in seinem Betrieb einsetzen, weitervermieten und im eigenen Namen darüber verfügen. Liegt bereits eine Lieferung vor, obwohl das Eigentum noch nicht übergegangen ist?"
437,1,,bc26f68024d04885,Jemand erbringt Leistungen ausschließlich innerhalb der Familie ohne jedes Auftreten nach außen. Fehlt damit die Beteiligung am allgemeinen wirtschaftlichen Verkehr?
437,2,,bc26f68024d04885,Jemand erbringt Leistungen ausschließlich innerhalb der Familie ohne jedes Auftreten nach außen. Fehlt damit die Beteiligung am allgemeinen wirtschaftlichen Verkehr?
437,3,,bc26f68024d04885,Jemand erbringt Leistungen ausschließlich innerhalb der Familie ohne jedes Auftreten nach außen. Fehlt damit die Beteiligung am allgemeinen wirtschaftlichen Verkehr?
438,1,,08dee9b19a9ae5c4,Kann jemand nach österreichischem Steuerrecht mehr als einen Wohnsitz haben?
438,2,,08dee9b19a9ae5c4,Kann jemand nach österreichischem Steuerrecht mehr als einen Wohnsitz haben?
438,3,,08dee9b19a9ae5c4,Kann jemand nach österreichischem Steuerrecht mehr als einen Wohnsitz haben?
439,1,,8af014a8e461d529,Wie hoch war der KöSt-Satz nach der Steuerreform 2005?
439,2,,8af014a8e461d529,Wie hoch war der KöSt-Satz nach der Steuerreform 2005?
439,3,,8af014a8e461d529,Wie hoch war der KöSt-Satz nach der Steuerreform 2005?
440,1,,0d252fb06202e21d,"Eine luxemburgische Gesellschaft bestellt in Österreich Waren zur Ausrüstung eines Segelboots, das der Geschäftsführer privat nutzt; das Boot wird danach in die Schweiz verbracht. Greift die Ausfuhrlieferung nach § 7?"
440,2,,0d252fb06202e21d,"Eine luxemburgische Gesellschaft bestellt in Österreich Waren zur Ausrüstung eines Segelboots, das der Geschäftsführer privat nutzt; das Boot wird danach in die Schweiz verbracht. Greift die Ausfuhrlieferung nach § 7?"
440,3,,0d252fb06202e21d,"Eine luxemburgische Gesellschaft bestellt in Österreich Waren zur Ausrüstung eines Segelboots, das der Geschäftsführer privat nutzt; das Boot wird danach in die Schweiz verbracht. Greift die Ausfuhrlieferung nach § 7?"
441,1,,2b627398e65181af,"""Was ist eine Werkleistung?"""
441,2,,2b627398e65181af,"""Was ist eine Werkleistung?"""
441,3,,2b627398e65181af,"""Was ist eine Werkleistung?"""
442,1,,e6e4841312d7fd0e,"Müssen Auslandseinkünfte an österreichische Einkommensermittlungsvorschriften angepasst werden, wenn das ausländische Steuerrecht andere Befreiungen oder Abschreibungen vorsieht?"
442,2,,e6e4841312d7fd0e,"Müssen Auslandseinkünfte an österreichische Einkommensermittlungsvorschriften angepasst werden, wenn das ausländische Steuerrecht andere Befreiungen oder Abschreibungen vorsieht?"
442,3,,e6e4841312d7fd0e,"Müssen Auslandseinkünfte an österreichische Einkommensermittlungsvorschriften angepasst werden, wenn das ausländische Steuerrecht andere Befreiungen oder Abschreibungen vorsieht?"
443,1,,e117295c2ab95f53,Steht der Verlustabzug beschränkt Steuerpflichtigen nur für bestimmte inländische Verluste zu?
443,2,,e117295c2ab95f53,Steht der Verlustabzug beschränkt Steuerpflichtigen nur für bestimmte inländische Verluste zu?
443,3,,e117295c2ab95f53,Steht der Verlustabzug beschränkt Steuerpflichtigen nur für bestimmte inländische Verluste zu?
444,1,,a502bd5687e251e7,Kann jemand nach österreichischem Steuerrecht mehr als einen Wohnsitz haben?
444,2,,a502bd5687e251e7,Kann jemand nach österreichischem Steuerrecht mehr als einen Wohnsitz haben?
444,3,,a502bd5687e251e7,Kann jemand nach österreichischem Steuerrecht mehr als einen Wohnsitz haben?
445,1,,fd0770c4da0cf37b,Erstreckt sich die beschränkte österreichische Steuerpflicht eines in Polen ansässigen Steuerpflichtigen auf dessen gesamtes Welteinkommen?
445,2,,fd0770c4da0cf37b,Erstreckt sich die beschränkte österreichische Steuerpflicht eines in Polen ansässigen Steuerpflichtigen auf dessen gesamtes Welteinkommen?
445,3,,fd0770c4da0cf37b,Erstreckt sich die beschränkte österreichische Steuerpflicht eines in Polen ansässigen Steuerpflichtigen auf dessen gesamtes Welteinkommen?
446,1,,e53832e2b0d90549,"Frau Eder hält 100 Token des Projekts ‚SynthX' auf einer DeFi-Plattform. Im Februar 2026 führt das Projekt eine ‚Token-Migration' durch: Alle SynthX-Token werden im Verhältnis 1:1 gegen neue ‚SynthX-v2'-Token getauscht. Die Migration erfolgt automatisch durch einen Smart Contract; Frau Eder muss lediglich eine Transaktion bestätigen. Die wirtschaftliche Funktion und die Governance-Rechte bleiben identisch, lediglich der Smart-Contract-Code wird aktualisiert. Der Marktwert beträgt zum Migrationszeitpunkt EUR 50 pro Token. Die ursprünglichen Anschaffungskosten von Frau Eders SynthX-Token betrugen EUR 10 pro Token. Liegt ein steuerpflichtiger Tausch vor?"
446,2,,e53832e2b0d90549,"Frau Eder hält 100 Token des Projekts ‚SynthX' auf einer DeFi-Plattform. Im Februar 2026 führt das Projekt eine ‚Token-Migration' durch: Alle SynthX-Token werden im Verhältnis 1:1 gegen neue ‚SynthX-v2'-Token getauscht. Die Migration erfolgt automatisch durch einen Smart Contract; Frau Eder muss lediglich eine Transaktion bestätigen. Die wirtschaftliche Funktion und die Governance-Rechte bleiben identisch, lediglich der Smart-Contract-Code wird aktualisiert. Der Marktwert beträgt zum Migrationszeitpunkt EUR 50 pro Token. Die ursprünglichen Anschaffungskosten von Frau Eders SynthX-Token betrugen EUR 10 pro Token. Liegt ein steuerpflichtiger Tausch vor?"
446,3,,e53832e2b0d90549,"Frau Eder hält 100 Token des Projekts ‚SynthX' auf einer DeFi-Plattform. Im Februar 2026 führt das Projekt eine ‚Token-Migration' durch: Alle SynthX-Token werden im Verhältnis 1:1 gegen neue ‚SynthX-v2'-Token getauscht. Die Migration erfolgt automatisch durch einen Smart Contract; Frau Eder muss lediglich eine Transaktion bestätigen. Die wirtschaftliche Funktion und die Governance-Rechte bleiben identisch, lediglich der Smart-Contract-Code wird aktualisiert. Der Marktwert beträgt zum Migrationszeitpunkt EUR 50 pro Token. Die ursprünglichen Anschaffungskosten von Frau Eders SynthX-Token betrugen EUR 10 pro Token. Liegt ein steuerpflichtiger Tausch vor?"
447,1,,89094c8601fb8722,"""Frau Meier betreibt eine Malerfirma in Wien. Sie streicht das Wohnzimmer von Herrn Bauer (Privatperson) in Graz. Wo gilt die Leistung steuerlich als ausgeführt: in Wien oder in Graz?"""
447,2,,89094c8601fb8722,"""Frau Meier betreibt eine Malerfirma in Wien. Sie streicht das Wohnzimmer von Herrn Bauer (Privatperson) in Graz. Wo gilt die Leistung steuerlich als ausgeführt: in Wien oder in Graz?"""
447,3,,89094c8601fb8722,"""Frau Meier betreibt eine Malerfirma in Wien. Sie streicht das Wohnzimmer von Herrn Bauer (Privatperson) in Graz. Wo gilt die Leistung steuerlich als ausgeführt: in Wien oder in Graz?"""
448,1,,35c126896edd8774,„Kann eine sonstige Leistung auch ohne aktives Tun des Unternehmers vorliegen?“
448,2,,35c126896edd8774,„Kann eine sonstige Leistung auch ohne aktives Tun des Unternehmers vorliegen?“
448,3,,35c126896edd8774,„Kann eine sonstige Leistung auch ohne aktives Tun des Unternehmers vorliegen?“
449,1,,8a2a7f84d6e991f4,Binnen welcher Frist muss ein steuerpflichtiger Erwerbsvorgang dem Finanzamt angezeigt werden?
449,2,,8a2a7f84d6e991f4,Binnen welcher Frist muss ein steuerpflichtiger Erwerbsvorgang dem Finanzamt angezeigt werden?
449,3,,8a2a7f84d6e991f4,Binnen welcher Frist muss ein steuerpflichtiger Erwerbsvorgang dem Finanzamt angezeigt werden?
450,1,,b9753b4f84ff3aef,"Ein Investor kauft drei separate Grundstücke, die jeweils im Grundbuch auf drei verschiedene Einlagezahlen eingetragen sind. Die drei Grundstücke liegen direkt nebeneinander und bilden zusammen ein geschlossenes Hotelgelände. Das Hotel wird als Einheit betrieben. Der Verkäufer verlangt, dass für jedes Grundstück ein separater Kaufvertrag zu unterschiedlichen Zeitpunkten abgeschlossen wird, um die Grunderwerbsteuer auf drei verschiedene Erwerbsvorgänge aufzuteilen. Ist diese Aufteilung steuerlich zulässig?"
450,2,,b9753b4f84ff3aef,"Ein Investor kauft drei separate Grundstücke, die jeweils im Grundbuch auf drei verschiedene Einlagezahlen eingetragen sind. Die drei Grundstücke liegen direkt nebeneinander und bilden zusammen ein geschlossenes Hotelgelände. Das Hotel wird als Einheit betrieben. Der Verkäufer verlangt, dass für jedes Grundstück ein separater Kaufvertrag zu unterschiedlichen Zeitpunkten abgeschlossen wird, um die Grunderwerbsteuer auf drei verschiedene Erwerbsvorgänge aufzuteilen. Ist diese Aufteilung steuerlich zulässig?"
450,3,,b9753b4f84ff3aef,"Ein Investor kauft drei separate Grundstücke, die jeweils im Grundbuch auf drei verschiedene Einlagezahlen eingetragen sind. Die drei Grundstücke liegen direkt nebeneinander und bilden zusammen ein geschlossenes Hotelgelände. Das Hotel wird als Einheit betrieben. Der Verkäufer verlangt, dass für jedes Grundstück ein separater Kaufvertrag zu unterschiedlichen Zeitpunkten abgeschlossen wird, um die Grunderwerbsteuer auf drei verschiedene Erwerbsvorgänge aufzuteilen. Ist diese Aufteilung steuerlich zulässig?"
451,1,,a8438f4737f31cd8,Ein in Bayern ansässiger Landwirt bewirtschaftet zusätzlich Ackerflächen in Österreich. Sind die daraus erzielten Einkünfte in Österreich beschränkt steuerpflichtig?
451,2,,a8438f4737f31cd8,Ein in Bayern ansässiger Landwirt bewirtschaftet zusätzlich Ackerflächen in Österreich. Sind die daraus erzielten Einkünfte in Österreich beschränkt steuerpflichtig?
451,3,,a8438f4737f31cd8,Ein in Bayern ansässiger Landwirt bewirtschaftet zusätzlich Ackerflächen in Österreich. Sind die daraus erzielten Einkünfte in Österreich beschränkt steuerpflichtig?
452,1,,d76e440824c5c516,Sind von Gerichten oder Verwaltungsbehörden verhängte Strafen steuerlich abzugsfähig?
452,2,,d76e440824c5c516,Sind von Gerichten oder Verwaltungsbehörden verhängte Strafen steuerlich abzugsfähig?
452,3,,d76e440824c5c516,Sind von Gerichten oder Verwaltungsbehörden verhängte Strafen steuerlich abzugsfähig?
453,1,,719cde07bf2f2f98,"Eine Person besitzt in Österreich nur eine leerstehende, unmöblierte Wohnung, die tatsächlich nicht bewohnbar gehalten wird. Begründet diese leerstehende Wohnung einen Wohnsitz?"
453,2,,719cde07bf2f2f98,"Eine Person besitzt in Österreich nur eine leerstehende, unmöblierte Wohnung, die tatsächlich nicht bewohnbar gehalten wird. Begründet diese leerstehende Wohnung einen Wohnsitz?"
453,3,,719cde07bf2f2f98,"Eine Person besitzt in Österreich nur eine leerstehende, unmöblierte Wohnung, die tatsächlich nicht bewohnbar gehalten wird. Begründet diese leerstehende Wohnung einen Wohnsitz?"
454,1,,e39ba0f75506c61b,Arbeitgeber A schafft für seinen Mitarbeiter B eine Ladestation im Wert von 2.500 € an und lässt sie beim Arbeitnehmer zuhause installieren. Die Nutzung ist vertraglich auf das Firmenfahrzeug beschränkt. Wie hoch ist der steuerpflichtige Sachbezug?
454,2,,e39ba0f75506c61b,Arbeitgeber A schafft für seinen Mitarbeiter B eine Ladestation im Wert von 2.500 € an und lässt sie beim Arbeitnehmer zuhause installieren. Die Nutzung ist vertraglich auf das Firmenfahrzeug beschränkt. Wie hoch ist der steuerpflichtige Sachbezug?
454,3,,e39ba0f75506c61b,Arbeitgeber A schafft für seinen Mitarbeiter B eine Ladestation im Wert von 2.500 € an und lässt sie beim Arbeitnehmer zuhause installieren. Die Nutzung ist vertraglich auf das Firmenfahrzeug beschränkt. Wie hoch ist der steuerpflichtige Sachbezug?
455,1,,fd6a35f6a53d19ad,Herr Baum hält Aktien der A-AG im Privatvermögen. Die A-AG beschließt eine Kapitalherabsetzung und zahlt dabei 4.000 Euro an Herrn Baum zurück. Die A-AG hat ausreichend Gewinnrücklagen. Handelt es sich bei der Rückzahlung um Einkünfte aus Kapitalvermögen nach § 27 EStG 1988?
455,2,,fd6a35f6a53d19ad,Herr Baum hält Aktien der A-AG im Privatvermögen. Die A-AG beschließt eine Kapitalherabsetzung und zahlt dabei 4.000 Euro an Herrn Baum zurück. Die A-AG hat ausreichend Gewinnrücklagen. Handelt es sich bei der Rückzahlung um Einkünfte aus Kapitalvermögen nach § 27 EStG 1988?
455,3,,fd6a35f6a53d19ad,Herr Baum hält Aktien der A-AG im Privatvermögen. Die A-AG beschließt eine Kapitalherabsetzung und zahlt dabei 4.000 Euro an Herrn Baum zurück. Die A-AG hat ausreichend Gewinnrücklagen. Handelt es sich bei der Rückzahlung um Einkünfte aus Kapitalvermögen nach § 27 EStG 1988?
456,1,,0b5a902c828bc913,Eine erfolgreiche Rockband (freiberuflich tätig als Künstler) verkauft bei ihren Konzerten in großem Stil T-Shirts und Kappen mit ihrem Logo. Der Umsatz aus diesem Merchandise-Verkauf macht mittlerweile 50 % ihrer Gesamteinnahmen aus. Ist der Verkauf der T-Shirts steuerlich als Gewerbebetrieb zu werten?
456,2,,0b5a902c828bc913,Eine erfolgreiche Rockband (freiberuflich tätig als Künstler) verkauft bei ihren Konzerten in großem Stil T-Shirts und Kappen mit ihrem Logo. Der Umsatz aus diesem Merchandise-Verkauf macht mittlerweile 50 % ihrer Gesamteinnahmen aus. Ist der Verkauf der T-Shirts steuerlich als Gewerbebetrieb zu werten?
456,3,,0b5a902c828bc913,Eine erfolgreiche Rockband (freiberuflich tätig als Künstler) verkauft bei ihren Konzerten in großem Stil T-Shirts und Kappen mit ihrem Logo. Der Umsatz aus diesem Merchandise-Verkauf macht mittlerweile 50 % ihrer Gesamteinnahmen aus. Ist der Verkauf der T-Shirts steuerlich als Gewerbebetrieb zu werten?
457,1,,f4e89d71c8c9106e,Sind Fremdfinanzierungszinsen für den Erwerb einer steuerbefreiten Beteiligung als Betriebsausgabe abzugsfähig?
457,2,,f4e89d71c8c9106e,Sind Fremdfinanzierungszinsen für den Erwerb einer steuerbefreiten Beteiligung als Betriebsausgabe abzugsfähig?
457,3,,f4e89d71c8c9106e,Sind Fremdfinanzierungszinsen für den Erwerb einer steuerbefreiten Beteiligung als Betriebsausgabe abzugsfähig?
458,1,,c364d5d3609f8c0f,Was ist die sachliche Steuerpflicht nach § 2 EStG?
458,2,,c364d5d3609f8c0f,Was ist die sachliche Steuerpflicht nach § 2 EStG?
458,3,,c364d5d3609f8c0f,Was ist die sachliche Steuerpflicht nach § 2 EStG?
459,1,,0afa607909d5d859,Wie wird der Gewinn nach § 4 Abs. 1 EStG ermittelt?
459,2,,0afa607909d5d859,Wie wird der Gewinn nach § 4 Abs. 1 EStG ermittelt?
459,3,,0afa607909d5d859,Wie wird der Gewinn nach § 4 Abs. 1 EStG ermittelt?
460,1,,6df4350181059db0,Sind außergewöhnliche Belastungen nach § 34 EStG 1988 und § 35 EStG 1988 bei beschränkter Steuerpflicht anwendbar?
460,2,,6df4350181059db0,Sind außergewöhnliche Belastungen nach § 34 EStG 1988 und § 35 EStG 1988 bei beschränkter Steuerpflicht anwendbar?
460,3,,6df4350181059db0,Sind außergewöhnliche Belastungen nach § 34 EStG 1988 und § 35 EStG 1988 bei beschränkter Steuerpflicht anwendbar?
461,1,,7ff0bb47814115f2,Ein französischer Consultant hält sich ohne feste Wohnung sieben Monate durchgehend in Österreich auf. Entsteht dadurch eine unbeschränkte Steuerpflicht?
461,2,,7ff0bb47814115f2,Ein französischer Consultant hält sich ohne feste Wohnung sieben Monate durchgehend in Österreich auf. Entsteht dadurch eine unbeschränkte Steuerpflicht?
461,3,,7ff0bb47814115f2,Ein französischer Consultant hält sich ohne feste Wohnung sieben Monate durchgehend in Österreich auf. Entsteht dadurch eine unbeschränkte Steuerpflicht?
462,1,,cb2542fdf26069e0,Eine österreichische GmbH & Co KG (Mitunternehmerschaft) hält im Betriebsvermögen Aktien. Die Aktien werden mit Gewinn veräußert. Ein Kommanditist hält seinen Anteil an der KG im Privatvermögen. Sind die Gewinne aus der Aktienveräußerung für den Kommanditisten Einkünfte aus Kapitalvermögen nach § 27 EStG 1988?
462,2,,cb2542fdf26069e0,Eine österreichische GmbH & Co KG (Mitunternehmerschaft) hält im Betriebsvermögen Aktien. Die Aktien werden mit Gewinn veräußert. Ein Kommanditist hält seinen Anteil an der KG im Privatvermögen. Sind die Gewinne aus der Aktienveräußerung für den Kommanditisten Einkünfte aus Kapitalvermögen nach § 27 EStG 1988?
462,3,,cb2542fdf26069e0,Eine österreichische GmbH & Co KG (Mitunternehmerschaft) hält im Betriebsvermögen Aktien. Die Aktien werden mit Gewinn veräußert. Ein Kommanditist hält seinen Anteil an der KG im Privatvermögen. Sind die Gewinne aus der Aktienveräußerung für den Kommanditisten Einkünfte aus Kapitalvermögen nach § 27 EStG 1988?
463,1,,357aaaf191856f21,"Ein österreichischer Unternehmer verkauft eine Maschine an eine österreichische AG und befördert sie mit eigenem Lkw direkt in die Schweiz. Ist die Lieferung nach § 7 UStG steuerfrei, obwohl der Abnehmer nicht ausländisch ist?"
463,2,,357aaaf191856f21,"Ein österreichischer Unternehmer verkauft eine Maschine an eine österreichische AG und befördert sie mit eigenem Lkw direkt in die Schweiz. Ist die Lieferung nach § 7 UStG steuerfrei, obwohl der Abnehmer nicht ausländisch ist?"
463,3,,357aaaf191856f21,"Ein österreichischer Unternehmer verkauft eine Maschine an eine österreichische AG und befördert sie mit eigenem Lkw direkt in die Schweiz. Ist die Lieferung nach § 7 UStG steuerfrei, obwohl der Abnehmer nicht ausländisch ist?"
464,1,,4c17f125b723e48b,Bis zu welchem Prozentsatz einer Gegenleistung im Verhältnis zum Grundstückswert gilt ein Erwerbsvorgang im Sinne des GrEStG als unentgeltlich?
464,2,,4c17f125b723e48b,Bis zu welchem Prozentsatz einer Gegenleistung im Verhältnis zum Grundstückswert gilt ein Erwerbsvorgang im Sinne des GrEStG als unentgeltlich?
464,3,,4c17f125b723e48b,Bis zu welchem Prozentsatz einer Gegenleistung im Verhältnis zum Grundstückswert gilt ein Erwerbsvorgang im Sinne des GrEStG als unentgeltlich?
465,1,,68defc32c84b86ae,"Herr Frank hält im Privatvermögen Unternehmensanleihen bei einer österreichischen Bank. Er überträgt diese im Rahmen einer Umgründung (Einbringung seines Einzelunternehmens in eine GmbH gemäß UmgrStG) in das Betriebsvermögen der neu gegründeten GmbH. Er beauftragt die depotführende Stelle, dem Finanzamt innerhalb eines Monats die Daten zu melden. Gilt die Übertragung als Veräußerung?"
465,2,,68defc32c84b86ae,"Herr Frank hält im Privatvermögen Unternehmensanleihen bei einer österreichischen Bank. Er überträgt diese im Rahmen einer Umgründung (Einbringung seines Einzelunternehmens in eine GmbH gemäß UmgrStG) in das Betriebsvermögen der neu gegründeten GmbH. Er beauftragt die depotführende Stelle, dem Finanzamt innerhalb eines Monats die Daten zu melden. Gilt die Übertragung als Veräußerung?"
465,3,,68defc32c84b86ae,"Herr Frank hält im Privatvermögen Unternehmensanleihen bei einer österreichischen Bank. Er überträgt diese im Rahmen einer Umgründung (Einbringung seines Einzelunternehmens in eine GmbH gemäß UmgrStG) in das Betriebsvermögen der neu gegründeten GmbH. Er beauftragt die depotführende Stelle, dem Finanzamt innerhalb eines Monats die Daten zu melden. Gilt die Übertragung als Veräußerung?"
466,1,,f6a08d84e821ed63,"""Frau Meier betreibt eine Malerfirma in Wien und hat zusätzlich eine Filiale in Graz. Sie führt die Renovierung des Wohnzimmers bei einer Privatperson in Graz durch, organisiert von der Filiale aus. Wo gilt die Leistung steuerlich als ausgeführt: in Wien oder in Graz?"""
466,2,,f6a08d84e821ed63,"""Frau Meier betreibt eine Malerfirma in Wien und hat zusätzlich eine Filiale in Graz. Sie führt die Renovierung des Wohnzimmers bei einer Privatperson in Graz durch, organisiert von der Filiale aus. Wo gilt die Leistung steuerlich als ausgeführt: in Wien oder in Graz?"""
466,3,,f6a08d84e821ed63,"""Frau Meier betreibt eine Malerfirma in Wien und hat zusätzlich eine Filiale in Graz. Sie führt die Renovierung des Wohnzimmers bei einer Privatperson in Graz durch, organisiert von der Filiale aus. Wo gilt die Leistung steuerlich als ausgeführt: in Wien oder in Graz?"""
467,1,,10d7c8f5fc1416bb,"Eine Mutter möchte ihrem Sohn ein unbebautes Grundstück in Niederösterreich schenken. Der offiziell berechnete Grundstückswert für diese Liegenschaft beträgt 350.000 Euro. Da es sich um eine reine Schenkung innerhalb der Familie handelt, fließt keine Gegenleistung (kein Kaufpreis). Wie hoch ist die Grunderwerbsteuer, die für diesen Erwerbsvorgang an das Finanzamt abgeführt werden muss?"
467,2,,10d7c8f5fc1416bb,"Eine Mutter möchte ihrem Sohn ein unbebautes Grundstück in Niederösterreich schenken. Der offiziell berechnete Grundstückswert für diese Liegenschaft beträgt 350.000 Euro. Da es sich um eine reine Schenkung innerhalb der Familie handelt, fließt keine Gegenleistung (kein Kaufpreis). Wie hoch ist die Grunderwerbsteuer, die für diesen Erwerbsvorgang an das Finanzamt abgeführt werden muss?"
467,3,,10d7c8f5fc1416bb,"Eine Mutter möchte ihrem Sohn ein unbebautes Grundstück in Niederösterreich schenken. Der offiziell berechnete Grundstückswert für diese Liegenschaft beträgt 350.000 Euro. Da es sich um eine reine Schenkung innerhalb der Familie handelt, fließt keine Gegenleistung (kein Kaufpreis). Wie hoch ist die Grunderwerbsteuer, die für diesen Erwerbsvorgang an das Finanzamt abgeführt werden muss?"
468,1,,9a068e45f9eaf76d,"Welche steuerlichen Konsequenzen hat es, wenn eine Körperschaft ein zinsloses Darlehen an ihren Gesellschafter vergibt?"
468,2,,9a068e45f9eaf76d,"Welche steuerlichen Konsequenzen hat es, wenn eine Körperschaft ein zinsloses Darlehen an ihren Gesellschafter vergibt?"
468,3,,9a068e45f9eaf76d,"Welche steuerlichen Konsequenzen hat es, wenn eine Körperschaft ein zinsloses Darlehen an ihren Gesellschafter vergibt?"
469,1,,d015da4c0d858c7b,"Ein Arbeitnehmer verdient seinen Bonus noch vor dem Umzug nach Österreich, der Bonus wird aber erst nach Begründung des inländischen Wohnsitzes ausbezahlt. Ist der spätere Zufluss für die österreichische Erfassung grundsätzlich relevant?"
469,2,,d015da4c0d858c7b,"Ein Arbeitnehmer verdient seinen Bonus noch vor dem Umzug nach Österreich, der Bonus wird aber erst nach Begründung des inländischen Wohnsitzes ausbezahlt. Ist der spätere Zufluss für die österreichische Erfassung grundsätzlich relevant?"
469,3,,d015da4c0d858c7b,"Ein Arbeitnehmer verdient seinen Bonus noch vor dem Umzug nach Österreich, der Bonus wird aber erst nach Begründung des inländischen Wohnsitzes ausbezahlt. Ist der spätere Zufluss für die österreichische Erfassung grundsätzlich relevant?"
470,1,,06c161413b426051,"Was ist die ""Investitionsprämie"" im Zuge der COVID-Gesetze?"
470,2,,06c161413b426051,"Was ist die ""Investitionsprämie"" im Zuge der COVID-Gesetze?"
470,3,,06c161413b426051,"Was ist die ""Investitionsprämie"" im Zuge der COVID-Gesetze?"
471,1,,186e8d560363062b,"Die Holding-GmbH erwirbt 90% der Anteile an einer operativen GmbH. Diese operative GmbH hält wiederum 85% der Anteile an einer Tochter-GmbH, in deren Eigentum sich eine Liegenschaft in Graz befindet. Löst dieser Erwerb Grunderwerbsteuer für das Grundstück der Tochter-GmbH aus?"
471,2,,186e8d560363062b,"Die Holding-GmbH erwirbt 90% der Anteile an einer operativen GmbH. Diese operative GmbH hält wiederum 85% der Anteile an einer Tochter-GmbH, in deren Eigentum sich eine Liegenschaft in Graz befindet. Löst dieser Erwerb Grunderwerbsteuer für das Grundstück der Tochter-GmbH aus?"
471,3,,186e8d560363062b,"Die Holding-GmbH erwirbt 90% der Anteile an einer operativen GmbH. Diese operative GmbH hält wiederum 85% der Anteile an einer Tochter-GmbH, in deren Eigentum sich eine Liegenschaft in Graz befindet. Löst dieser Erwerb Grunderwerbsteuer für das Grundstück der Tochter-GmbH aus?"
472,1,,885d9f3fe2faf792,"Begründet ein DBA für sich allein eine österreichische Steuerpflicht, wenn das innerstaatliche Recht keine Steuerpflicht vorsieht?"
472,2,,885d9f3fe2faf792,"Begründet ein DBA für sich allein eine österreichische Steuerpflicht, wenn das innerstaatliche Recht keine Steuerpflicht vorsieht?"
472,3,,885d9f3fe2faf792,"Begründet ein DBA für sich allein eine österreichische Steuerpflicht, wenn das innerstaatliche Recht keine Steuerpflicht vorsieht?"
473,1,,71615224509378c7,"""Herr Stolz hat sein eigenes Baunternehmen. Außerdem ist er mit seinem Angestellen Markus gut befreundet. Da Markus schon lange über die Hausrenovierung beschwert, hat Herr Stolz die für ihn durchgefuhrt, weil sie gure Freunde sind. Ist das eine sonsitge Leistung?"""
473,2,,71615224509378c7,"""Herr Stolz hat sein eigenes Baunternehmen. Außerdem ist er mit seinem Angestellen Markus gut befreundet. Da Markus schon lange über die Hausrenovierung beschwert, hat Herr Stolz die für ihn durchgefuhrt, weil sie gure Freunde sind. Ist das eine sonsitge Leistung?"""
473,3,,71615224509378c7,"""Herr Stolz hat sein eigenes Baunternehmen. Außerdem ist er mit seinem Angestellen Markus gut befreundet. Da Markus schon lange über die Hausrenovierung beschwert, hat Herr Stolz die für ihn durchgefuhrt, weil sie gure Freunde sind. Ist das eine sonsitge Leistung?"""
474,1,,c0a7502c2ebc2719,Eine privatrechtliche Stiftung erwirbt ein Grundstück unentgeltlich. Es fällt keine Stiftungseingangssteuer an. Gibt es in diesem Fall einen Zuschlag zur Grunderwerbsteuer?
474,2,,c0a7502c2ebc2719,Eine privatrechtliche Stiftung erwirbt ein Grundstück unentgeltlich. Es fällt keine Stiftungseingangssteuer an. Gibt es in diesem Fall einen Zuschlag zur Grunderwerbsteuer?
474,3,,c0a7502c2ebc2719,Eine privatrechtliche Stiftung erwirbt ein Grundstück unentgeltlich. Es fällt keine Stiftungseingangssteuer an. Gibt es in diesem Fall einen Zuschlag zur Grunderwerbsteuer?
475,1,,d8dc8dbb281fdb62,"Wie wird eine Dividende einer ausländischen EU-Tochtergesellschaft steuerlich behandelt, wenn die Beteiligung 15 % beträgt und seit 2 Jahren gehalten wird?"
475,2,,d8dc8dbb281fdb62,"Wie wird eine Dividende einer ausländischen EU-Tochtergesellschaft steuerlich behandelt, wenn die Beteiligung 15 % beträgt und seit 2 Jahren gehalten wird?"
475,3,,d8dc8dbb281fdb62,"Wie wird eine Dividende einer ausländischen EU-Tochtergesellschaft steuerlich behandelt, wenn die Beteiligung 15 % beträgt und seit 2 Jahren gehalten wird?"
476,1,,9e07b57c797ce396,"Unterliegen Kapitalerträge eines beschränkt Steuerpflichtigen auch dann der beschränkten Steuerpflicht, wenn für sie eine KESt-Befreiung nach § 94 EStG 1988 besteht?"
476,2,,9e07b57c797ce396,"Unterliegen Kapitalerträge eines beschränkt Steuerpflichtigen auch dann der beschränkten Steuerpflicht, wenn für sie eine KESt-Befreiung nach § 94 EStG 1988 besteht?"
476,3,,9e07b57c797ce396,"Unterliegen Kapitalerträge eines beschränkt Steuerpflichtigen auch dann der beschränkten Steuerpflicht, wenn für sie eine KESt-Befreiung nach § 94 EStG 1988 besteht?"
477,1,,9e4d7867fa8c32ad,"In der Firma XY will der Chef seinen Mitarbeitern einen wöchentlichen Yogakurs mit einer zertifizierten Yogalehrerin im Büro organisieren. Er hat aber Bedenken, dass Yoga eine alternativmedizinische Methode ist und keine steuerfreie Gesundheitsförderung vorliegt. Was kann er machen?"
477,2,,9e4d7867fa8c32ad,"In der Firma XY will der Chef seinen Mitarbeitern einen wöchentlichen Yogakurs mit einer zertifizierten Yogalehrerin im Büro organisieren. Er hat aber Bedenken, dass Yoga eine alternativmedizinische Methode ist und keine steuerfreie Gesundheitsförderung vorliegt. Was kann er machen?"
477,3,,9e4d7867fa8c32ad,"In der Firma XY will der Chef seinen Mitarbeitern einen wöchentlichen Yogakurs mit einer zertifizierten Yogalehrerin im Büro organisieren. Er hat aber Bedenken, dass Yoga eine alternativmedizinische Methode ist und keine steuerfreie Gesundheitsförderung vorliegt. Was kann er machen?"
478,1,,dadea27ef62c7322,Wann genau entsteht die Steuerschuld bei einem gewöhnlichen Kaufvertrag über eine Immobilie?
478,2,,dadea27ef62c7322,Wann genau entsteht die Steuerschuld bei einem gewöhnlichen Kaufvertrag über eine Immobilie?
478,3,,dadea27ef62c7322,Wann genau entsteht die Steuerschuld bei einem gewöhnlichen Kaufvertrag über eine Immobilie?
479,1,,b773f2e6109a51ed,"""Ein Reisebüro besorgt eine Stadtführung für eine Reisegruppe. Welcher Steuersatz gilt für die Weiterverrechnung?"""
479,2,,b773f2e6109a51ed,"""Ein Reisebüro besorgt eine Stadtführung für eine Reisegruppe. Welcher Steuersatz gilt für die Weiterverrechnung?"""
479,3,,b773f2e6109a51ed,"""Ein Reisebüro besorgt eine Stadtführung für eine Reisegruppe. Welcher Steuersatz gilt für die Weiterverrechnung?"""
480,1,,e4508716201b1a2a,"Ein Superädifikat, also ein Gebäude auf fremdem Boden, wird an einen neuen Erwerber übertragen. Gilt ein solches Gebäude nach dem GrEStG als Grundstück?"
480,2,,e4508716201b1a2a,"Ein Superädifikat, also ein Gebäude auf fremdem Boden, wird an einen neuen Erwerber übertragen. Gilt ein solches Gebäude nach dem GrEStG als Grundstück?"
480,3,,e4508716201b1a2a,"Ein Superädifikat, also ein Gebäude auf fremdem Boden, wird an einen neuen Erwerber übertragen. Gilt ein solches Gebäude nach dem GrEStG als Grundstück?"
481,1,,1dfb1b6f0745e66d,Was regelt das Körperschaftsteuergesetz (KStG) 1988?
481,2,,1dfb1b6f0745e66d,Was regelt das Körperschaftsteuergesetz (KStG) 1988?
481,3,,1dfb1b6f0745e66d,Was regelt das Körperschaftsteuergesetz (KStG) 1988?
482,1,,c5275774d85d27c2,Ein Vater schenkt seiner Tochter ein Grundstück mit einem Grundstückswert von 450.000 Euro. Wie hoch ist der Steuersatz für diesen Erwerb im Familienverband?
482,2,,c5275774d85d27c2,Ein Vater schenkt seiner Tochter ein Grundstück mit einem Grundstückswert von 450.000 Euro. Wie hoch ist der Steuersatz für diesen Erwerb im Familienverband?
482,3,,c5275774d85d27c2,Ein Vater schenkt seiner Tochter ein Grundstück mit einem Grundstückswert von 450.000 Euro. Wie hoch ist der Steuersatz für diesen Erwerb im Familienverband?
483,1,,992d19bf898d0db7,Ein in einem Dienstverhältnis zu einer Krankenanstalt stehender Arzt verrechnet Sonderklassepatienten für persönlich erbrachte Behandlungen gesonderte Honorare. Diese Entgelte qualifizieren einkommensteuerlich als Einkünfte aus selbständiger Arbeit gemäß § 22 Z 1 lit. b EStG 1988. Wie ist der Arzt für diese Honorare umsatzsteuerlich einzuordnen?
483,2,,992d19bf898d0db7,Ein in einem Dienstverhältnis zu einer Krankenanstalt stehender Arzt verrechnet Sonderklassepatienten für persönlich erbrachte Behandlungen gesonderte Honorare. Diese Entgelte qualifizieren einkommensteuerlich als Einkünfte aus selbständiger Arbeit gemäß § 22 Z 1 lit. b EStG 1988. Wie ist der Arzt für diese Honorare umsatzsteuerlich einzuordnen?
483,3,,992d19bf898d0db7,Ein in einem Dienstverhältnis zu einer Krankenanstalt stehender Arzt verrechnet Sonderklassepatienten für persönlich erbrachte Behandlungen gesonderte Honorare. Diese Entgelte qualifizieren einkommensteuerlich als Einkünfte aus selbständiger Arbeit gemäß § 22 Z 1 lit. b EStG 1988. Wie ist der Arzt für diese Honorare umsatzsteuerlich einzuordnen?
484,1,,1b5af38bcd3d7411,"""Wann gilt die Verwendung eines dem Unternehmen zugeordneten Gegenstandes für private Zwecke oder für den Bedarf des Personals als sonstige Leistung?"""
484,2,,1b5af38bcd3d7411,"""Wann gilt die Verwendung eines dem Unternehmen zugeordneten Gegenstandes für private Zwecke oder für den Bedarf des Personals als sonstige Leistung?"""
484,3,,1b5af38bcd3d7411,"""Wann gilt die Verwendung eines dem Unternehmen zugeordneten Gegenstandes für private Zwecke oder für den Bedarf des Personals als sonstige Leistung?"""
485,1,,9190c4ef9e54d509,Binnen welcher Frist muss ein steuerpflichtiger Erwerbsvorgang dem Finanzamt angezeigt werden?
485,2,,9190c4ef9e54d509,Binnen welcher Frist muss ein steuerpflichtiger Erwerbsvorgang dem Finanzamt angezeigt werden?
485,3,,9190c4ef9e54d509,Binnen welcher Frist muss ein steuerpflichtiger Erwerbsvorgang dem Finanzamt angezeigt werden?
486,1,,cd2c27691301c3d9,"Ein deutscher Staatsangehöriger lebt in Deutschland, hat keinen Wohnsitz in Österreich, erzielt aber 95% seiner Jahreseinkünfte aus Österreich. Kann er auf Antrag wie ein unbeschränkt Steuerpflichtiger behandelt werden?"
486,2,,cd2c27691301c3d9,"Ein deutscher Staatsangehöriger lebt in Deutschland, hat keinen Wohnsitz in Österreich, erzielt aber 95% seiner Jahreseinkünfte aus Österreich. Kann er auf Antrag wie ein unbeschränkt Steuerpflichtiger behandelt werden?"
486,3,,cd2c27691301c3d9,"Ein deutscher Staatsangehöriger lebt in Deutschland, hat keinen Wohnsitz in Österreich, erzielt aber 95% seiner Jahreseinkünfte aus Österreich. Kann er auf Antrag wie ein unbeschränkt Steuerpflichtiger behandelt werden?"
487,1,,5ad41bb8b284f360,"Eine Tätigkeit ist selbständig, nachhaltig, gewinnorientiert und am Markt angeboten. Ist die Tätigkeit dadurch automatisch ein Gewerbebetrieb nach § 23 Z 1?"
487,2,,5ad41bb8b284f360,"Eine Tätigkeit ist selbständig, nachhaltig, gewinnorientiert und am Markt angeboten. Ist die Tätigkeit dadurch automatisch ein Gewerbebetrieb nach § 23 Z 1?"
487,3,,5ad41bb8b284f360,"Eine Tätigkeit ist selbständig, nachhaltig, gewinnorientiert und am Markt angeboten. Ist die Tätigkeit dadurch automatisch ein Gewerbebetrieb nach § 23 Z 1?"
488,1,,e08b6bf1b522fc31,Ein Grundstück wird im Rahmen einer Zwangsversteigerung erworben. Was bildet hier die Bemessungsgrundlage für die Grunderwerbsteuer?
488,2,,e08b6bf1b522fc31,Ein Grundstück wird im Rahmen einer Zwangsversteigerung erworben. Was bildet hier die Bemessungsgrundlage für die Grunderwerbsteuer?
488,3,,e08b6bf1b522fc31,Ein Grundstück wird im Rahmen einer Zwangsversteigerung erworben. Was bildet hier die Bemessungsgrundlage für die Grunderwerbsteuer?
489,1,,621d57de5f1c1879,"Ein Träger der Sozialversicherung verrechnet Leistungen an Versicherte, an mitversicherte Angehörige, an zum Ersatz von Fürsorgekosten Verpflichtete und an externe Unternehmen, die für eigene Projekte Gesundheitschecks einkaufen. Der Träger vertritt die Ansicht, seine öffentlich rechtliche Stellung erfasse alle diese Umsätze. Zu prüfen ist, welche Leistungsempfänger von der Befreiung gedeckt sind."
489,2,,621d57de5f1c1879,"Ein Träger der Sozialversicherung verrechnet Leistungen an Versicherte, an mitversicherte Angehörige, an zum Ersatz von Fürsorgekosten Verpflichtete und an externe Unternehmen, die für eigene Projekte Gesundheitschecks einkaufen. Der Träger vertritt die Ansicht, seine öffentlich rechtliche Stellung erfasse alle diese Umsätze. Zu prüfen ist, welche Leistungsempfänger von der Befreiung gedeckt sind."
489,3,,621d57de5f1c1879,"Ein Träger der Sozialversicherung verrechnet Leistungen an Versicherte, an mitversicherte Angehörige, an zum Ersatz von Fürsorgekosten Verpflichtete und an externe Unternehmen, die für eigene Projekte Gesundheitschecks einkaufen. Der Träger vertritt die Ansicht, seine öffentlich rechtliche Stellung erfasse alle diese Umsätze. Zu prüfen ist, welche Leistungsempfänger von der Befreiung gedeckt sind."
490,1,,65373f992e6dba58,Ein Bankangestellter vermittelt in seiner Freizeit seinem Arbeitgeber einen neuen Großkunden und erhält dafür eine einmalige Vermittlungsprovision. Fällt diese unter die Einkünfte aus nichtselbständiger Arbeit?
490,2,,65373f992e6dba58,Ein Bankangestellter vermittelt in seiner Freizeit seinem Arbeitgeber einen neuen Großkunden und erhält dafür eine einmalige Vermittlungsprovision. Fällt diese unter die Einkünfte aus nichtselbständiger Arbeit?
490,3,,65373f992e6dba58,Ein Bankangestellter vermittelt in seiner Freizeit seinem Arbeitgeber einen neuen Großkunden und erhält dafür eine einmalige Vermittlungsprovision. Fällt diese unter die Einkünfte aus nichtselbständiger Arbeit?
491,1,,8a88f8944c27f295,"Ein Außendienstmitarbeiter erhält für eine Dienstreise Taggelder in Höhe von 26,40 € pro Tag. Er fragt sich, ob er diesen Betrag in seiner Steuererklärung als Einkommen versteuern muss."
491,2,,8a88f8944c27f295,"Ein Außendienstmitarbeiter erhält für eine Dienstreise Taggelder in Höhe von 26,40 € pro Tag. Er fragt sich, ob er diesen Betrag in seiner Steuererklärung als Einkommen versteuern muss."
491,3,,8a88f8944c27f295,"Ein Außendienstmitarbeiter erhält für eine Dienstreise Taggelder in Höhe von 26,40 € pro Tag. Er fragt sich, ob er diesen Betrag in seiner Steuererklärung als Einkommen versteuern muss."
492,1,,47450c24888b7b29,"Ein Grundstück wird teilweise enteignet. Der Eigentümer erhält eine Entschädigung für die abgetretene Fläche und eine zusätzliche Entschädigung, weil der verbleibende Rest des Grundstücks an Wert verliert. Zählt die Entschädigung für die Wertminderung zur Bemessungsgrundlage?"
492,2,,47450c24888b7b29,"Ein Grundstück wird teilweise enteignet. Der Eigentümer erhält eine Entschädigung für die abgetretene Fläche und eine zusätzliche Entschädigung, weil der verbleibende Rest des Grundstücks an Wert verliert. Zählt die Entschädigung für die Wertminderung zur Bemessungsgrundlage?"
492,3,,47450c24888b7b29,"Ein Grundstück wird teilweise enteignet. Der Eigentümer erhält eine Entschädigung für die abgetretene Fläche und eine zusätzliche Entschädigung, weil der verbleibende Rest des Grundstücks an Wert verliert. Zählt die Entschädigung für die Wertminderung zur Bemessungsgrundlage?"
493,1,,be7e0fb57d17e3cf,Ein Käufer übernimmt beim Kauf eines Hauses eine darauf lastende Hypothek des Verkäufers. Gehört diese Hypothek zur Bemessungsgrundlage der Steuer?
493,2,,be7e0fb57d17e3cf,Ein Käufer übernimmt beim Kauf eines Hauses eine darauf lastende Hypothek des Verkäufers. Gehört diese Hypothek zur Bemessungsgrundlage der Steuer?
493,3,,be7e0fb57d17e3cf,Ein Käufer übernimmt beim Kauf eines Hauses eine darauf lastende Hypothek des Verkäufers. Gehört diese Hypothek zur Bemessungsgrundlage der Steuer?
494,1,,a3c2e7caae7bbc76,"Herr Falk ist stiller Gesellschafter an der X-OG. Laut Gesellschaftsvertrag ist seine Verlustbeteiligung auf die Höhe seiner Einlage beschränkt. Im laufenden Jahr erleidet er einen Verlustanteil von 12.000 Euro, der seine Einlage von 10.000 Euro übersteigt. Wie ist der Verlust in Höhe von 12.000 Euro nach § 27 EStG 1988 zu behandeln?"
494,2,,a3c2e7caae7bbc76,"Herr Falk ist stiller Gesellschafter an der X-OG. Laut Gesellschaftsvertrag ist seine Verlustbeteiligung auf die Höhe seiner Einlage beschränkt. Im laufenden Jahr erleidet er einen Verlustanteil von 12.000 Euro, der seine Einlage von 10.000 Euro übersteigt. Wie ist der Verlust in Höhe von 12.000 Euro nach § 27 EStG 1988 zu behandeln?"
494,3,,a3c2e7caae7bbc76,"Herr Falk ist stiller Gesellschafter an der X-OG. Laut Gesellschaftsvertrag ist seine Verlustbeteiligung auf die Höhe seiner Einlage beschränkt. Im laufenden Jahr erleidet er einen Verlustanteil von 12.000 Euro, der seine Einlage von 10.000 Euro übersteigt. Wie ist der Verlust in Höhe von 12.000 Euro nach § 27 EStG 1988 zu behandeln?"
495,1,,4a03d3bf2bca049a,"Ein Kommanditist einer Steuerberatungs-GmbH & Co KG ist verärgert über die Geschäftsführung und verkauft seinen gesamten Kommanditanteil mit erheblichem Gewinn an einen Dritten. Da er nur Kapitalgeber war, möchte er den Erlös als privates Veräußerungsgeschäft versteuern. Ist das rechtens?"
495,2,,4a03d3bf2bca049a,"Ein Kommanditist einer Steuerberatungs-GmbH & Co KG ist verärgert über die Geschäftsführung und verkauft seinen gesamten Kommanditanteil mit erheblichem Gewinn an einen Dritten. Da er nur Kapitalgeber war, möchte er den Erlös als privates Veräußerungsgeschäft versteuern. Ist das rechtens?"
495,3,,4a03d3bf2bca049a,"Ein Kommanditist einer Steuerberatungs-GmbH & Co KG ist verärgert über die Geschäftsführung und verkauft seinen gesamten Kommanditanteil mit erheblichem Gewinn an einen Dritten. Da er nur Kapitalgeber war, möchte er den Erlös als privates Veräußerungsgeschäft versteuern. Ist das rechtens?"
496,1,,56aa0860505b50b2,„Welche Ziele verfolgt der Bundesminister für Finanzen mit der Anwendung des § 3a Abs. 16 UStG?“
496,2,,56aa0860505b50b2,„Welche Ziele verfolgt der Bundesminister für Finanzen mit der Anwendung des § 3a Abs. 16 UStG?“
496,3,,56aa0860505b50b2,„Welche Ziele verfolgt der Bundesminister für Finanzen mit der Anwendung des § 3a Abs. 16 UStG?“
497,1,,f2fe4f79f829fdb0,Mit einem Betriebsgrundstück wird auch eine große fest installierte Produktionsmaschine mitübertragen. Gehört diese Maschine für Zwecke des GrEStG automatisch zum Grundstück?
497,2,,f2fe4f79f829fdb0,Mit einem Betriebsgrundstück wird auch eine große fest installierte Produktionsmaschine mitübertragen. Gehört diese Maschine für Zwecke des GrEStG automatisch zum Grundstück?
497,3,,f2fe4f79f829fdb0,Mit einem Betriebsgrundstück wird auch eine große fest installierte Produktionsmaschine mitübertragen. Gehört diese Maschine für Zwecke des GrEStG automatisch zum Grundstück?
498,1,,dbcc3fe6ba3f0d2e,"Ein Kaufvertrag über ein inländisches Grundstück wird ordnungsgemäß abgeschlossen und die Grunderwerbsteuer entsteht. Zwei Jahre später heben Verkäufer und Käufer den Vertrag einvernehmlich vollständig auf, sodass der Erwerbsvorgang rückgängig gemacht wird. Kann die Steuer auf Antrag nicht festgesetzt werden?"
498,2,,dbcc3fe6ba3f0d2e,"Ein Kaufvertrag über ein inländisches Grundstück wird ordnungsgemäß abgeschlossen und die Grunderwerbsteuer entsteht. Zwei Jahre später heben Verkäufer und Käufer den Vertrag einvernehmlich vollständig auf, sodass der Erwerbsvorgang rückgängig gemacht wird. Kann die Steuer auf Antrag nicht festgesetzt werden?"
498,3,,dbcc3fe6ba3f0d2e,"Ein Kaufvertrag über ein inländisches Grundstück wird ordnungsgemäß abgeschlossen und die Grunderwerbsteuer entsteht. Zwei Jahre später heben Verkäufer und Käufer den Vertrag einvernehmlich vollständig auf, sodass der Erwerbsvorgang rückgängig gemacht wird. Kann die Steuer auf Antrag nicht festgesetzt werden?"
499,1,,4d3c3de749710ff6,In welchem Veranlagungsjahr wird der Gewinn eines abweichenden Wirtschaftsjahres erfasst?
499,2,,4d3c3de749710ff6,In welchem Veranlagungsjahr wird der Gewinn eines abweichenden Wirtschaftsjahres erfasst?
499,3,,4d3c3de749710ff6,In welchem Veranlagungsjahr wird der Gewinn eines abweichenden Wirtschaftsjahres erfasst?
500,1,,065a7fa136a73d82,"Herr Adler ist Begünstigter einer Privatstiftung. Im laufenden Geschäftsjahr beträgt der Bilanzgewinn der Stiftung zu Jahresbeginn 50.000 Euro, die Gewinnrücklagen betragen 30.000 Euro, und das Evidenzkonto weist einen Stand von 200.000 Euro aus. Die Stiftung schüttet 90.000 Euro an Herrn Adler aus. In welchem Ausmaß handelt es sich um steuerpflichtige Einkünfte aus Kapitalvermögen?"
500,2,,065a7fa136a73d82,"Herr Adler ist Begünstigter einer Privatstiftung. Im laufenden Geschäftsjahr beträgt der Bilanzgewinn der Stiftung zu Jahresbeginn 50.000 Euro, die Gewinnrücklagen betragen 30.000 Euro, und das Evidenzkonto weist einen Stand von 200.000 Euro aus. Die Stiftung schüttet 90.000 Euro an Herrn Adler aus. In welchem Ausmaß handelt es sich um steuerpflichtige Einkünfte aus Kapitalvermögen?"
500,3,,065a7fa136a73d82,"Herr Adler ist Begünstigter einer Privatstiftung. Im laufenden Geschäftsjahr beträgt der Bilanzgewinn der Stiftung zu Jahresbeginn 50.000 Euro, die Gewinnrücklagen betragen 30.000 Euro, und das Evidenzkonto weist einen Stand von 200.000 Euro aus. Die Stiftung schüttet 90.000 Euro an Herrn Adler aus. In welchem Ausmaß handelt es sich um steuerpflichtige Einkünfte aus Kapitalvermögen?"
501,1,,05f3fe0571c40f47,Sind Steuerumlagen zwischen Gruppenträgern und Gruppenmitgliedern steuerpflichtig?
501,2,,05f3fe0571c40f47,Sind Steuerumlagen zwischen Gruppenträgern und Gruppenmitgliedern steuerpflichtig?
501,3,,05f3fe0571c40f47,Sind Steuerumlagen zwischen Gruppenträgern und Gruppenmitgliedern steuerpflichtig?
502,1,,689f28129f3be04f,Ein Käufer hat bereits einen Anspruch auf Übereignung eines Grundstücks in Graz. Noch vor der Durchführung überträgt er diesen Anspruch vertraglich an seine Schwester. Ist schon diese Abtretung grunderwerbsteuerpflichtig?
502,2,,689f28129f3be04f,Ein Käufer hat bereits einen Anspruch auf Übereignung eines Grundstücks in Graz. Noch vor der Durchführung überträgt er diesen Anspruch vertraglich an seine Schwester. Ist schon diese Abtretung grunderwerbsteuerpflichtig?
502,3,,689f28129f3be04f,Ein Käufer hat bereits einen Anspruch auf Übereignung eines Grundstücks in Graz. Noch vor der Durchführung überträgt er diesen Anspruch vertraglich an seine Schwester. Ist schon diese Abtretung grunderwerbsteuerpflichtig?
503,1,,58f751bce316aa87,Ein IT-Techniker erhält von seinem Arbeitgeber ein hochwertiges Notebook. Er darf dieses ausdrücklich auch privat für Spiele und Streaming nutzen. Muss er für diesen privaten Nutzungsvorteil einen Sachbezug nach § 25 versteuern?
503,2,,58f751bce316aa87,Ein IT-Techniker erhält von seinem Arbeitgeber ein hochwertiges Notebook. Er darf dieses ausdrücklich auch privat für Spiele und Streaming nutzen. Muss er für diesen privaten Nutzungsvorteil einen Sachbezug nach § 25 versteuern?
503,3,,58f751bce316aa87,Ein IT-Techniker erhält von seinem Arbeitgeber ein hochwertiges Notebook. Er darf dieses ausdrücklich auch privat für Spiele und Streaming nutzen. Muss er für diesen privaten Nutzungsvorteil einen Sachbezug nach § 25 versteuern?
504,1,,c4519a6a40b6463e,"""Frau Meier betreibt eine Malerfirma in Wien. Sie streicht das Wohnzimmer von Herrn Bauer (Privatperson) in Graz. Wo gilt die Leistung steuerlich als ausgeführt: in Wien oder in Graz?"""
504,2,,c4519a6a40b6463e,"""Frau Meier betreibt eine Malerfirma in Wien. Sie streicht das Wohnzimmer von Herrn Bauer (Privatperson) in Graz. Wo gilt die Leistung steuerlich als ausgeführt: in Wien oder in Graz?"""
504,3,,c4519a6a40b6463e,"""Frau Meier betreibt eine Malerfirma in Wien. Sie streicht das Wohnzimmer von Herrn Bauer (Privatperson) in Graz. Wo gilt die Leistung steuerlich als ausgeführt: in Wien oder in Graz?"""
505,1,,1831d540c08b3afc,"Ein Produzent übergibt Waren an einen Kommissionär, der sie im eigenen Namen, aber für Rechnung des Produzenten verkaufen soll. Die Waren befinden sich bereits im Lager des Kommissionärs, wurden aber noch nicht an den Endkunden verkauft. Gilt die Lieferung des Produzenten an den Kommissionär bereits als ausgeführt?"
505,2,,1831d540c08b3afc,"Ein Produzent übergibt Waren an einen Kommissionär, der sie im eigenen Namen, aber für Rechnung des Produzenten verkaufen soll. Die Waren befinden sich bereits im Lager des Kommissionärs, wurden aber noch nicht an den Endkunden verkauft. Gilt die Lieferung des Produzenten an den Kommissionär bereits als ausgeführt?"
505,3,,1831d540c08b3afc,"Ein Produzent übergibt Waren an einen Kommissionär, der sie im eigenen Namen, aber für Rechnung des Produzenten verkaufen soll. Die Waren befinden sich bereits im Lager des Kommissionärs, wurden aber noch nicht an den Endkunden verkauft. Gilt die Lieferung des Produzenten an den Kommissionär bereits als ausgeführt?"
506,1,,67a263adee49e6f0,"Wie lange müssen Rechtsanwälte und Notare die im Rahmen der Selbstberechnung erstellten Unterlagen aufbewahren, und unter welchen Umständen entfällt diese Aufbewahrungspflicht?"
506,2,,67a263adee49e6f0,"Wie lange müssen Rechtsanwälte und Notare die im Rahmen der Selbstberechnung erstellten Unterlagen aufbewahren, und unter welchen Umständen entfällt diese Aufbewahrungspflicht?"
506,3,,67a263adee49e6f0,"Wie lange müssen Rechtsanwälte und Notare die im Rahmen der Selbstberechnung erstellten Unterlagen aufbewahren, und unter welchen Umständen entfällt diese Aufbewahrungspflicht?"
507,1,,5233d480cedd041d,Eine Privatperson verkauft ihr in Wien gelegenes Einfamilienhaus mittels schriftlichem Kaufvertrag an einen fremden Dritten. Der Vertrag begründet unmittelbar den Anspruch des Käufers auf Übereignung. Unterliegt dieser Vorgang der Grunderwerbsteuer und wer ist Steuerschuldner?
507,2,,5233d480cedd041d,Eine Privatperson verkauft ihr in Wien gelegenes Einfamilienhaus mittels schriftlichem Kaufvertrag an einen fremden Dritten. Der Vertrag begründet unmittelbar den Anspruch des Käufers auf Übereignung. Unterliegt dieser Vorgang der Grunderwerbsteuer und wer ist Steuerschuldner?
507,3,,5233d480cedd041d,Eine Privatperson verkauft ihr in Wien gelegenes Einfamilienhaus mittels schriftlichem Kaufvertrag an einen fremden Dritten. Der Vertrag begründet unmittelbar den Anspruch des Käufers auf Übereignung. Unterliegt dieser Vorgang der Grunderwerbsteuer und wer ist Steuerschuldner?
508,1,,9ded9b3023d43e9e,"""Ein Landwirt bringt Getreide zur Mühle und erhält sofort die gleiche Menge Mehl aus dem Bestand des Müllers gegen eine Mahlgebühr. Wie ist dieser Vorgang umsatzsteuerlich einzustufen?"""
508,2,,9ded9b3023d43e9e,"""Ein Landwirt bringt Getreide zur Mühle und erhält sofort die gleiche Menge Mehl aus dem Bestand des Müllers gegen eine Mahlgebühr. Wie ist dieser Vorgang umsatzsteuerlich einzustufen?"""
508,3,,9ded9b3023d43e9e,"""Ein Landwirt bringt Getreide zur Mühle und erhält sofort die gleiche Menge Mehl aus dem Bestand des Müllers gegen eine Mahlgebühr. Wie ist dieser Vorgang umsatzsteuerlich einzustufen?"""
509,1,,6569a0bb5d66cb92,"""Ein Würstelstand aus Österreich verkauft Frankfurter Würstchen an Touristen aus Frankreich. Wo ist die Leistung steuerpflichtig?"""
509,2,,6569a0bb5d66cb92,"""Ein Würstelstand aus Österreich verkauft Frankfurter Würstchen an Touristen aus Frankreich. Wo ist die Leistung steuerpflichtig?"""
509,3,,6569a0bb5d66cb92,"""Ein Würstelstand aus Österreich verkauft Frankfurter Würstchen an Touristen aus Frankreich. Wo ist die Leistung steuerpflichtig?"""
510,1,,b77825df87b28f25,Welchen steuerlichen Vorteil bietet die Unternehmensgruppe gegenüber der isolierten Besteuerung?
510,2,,b77825df87b28f25,Welchen steuerlichen Vorteil bietet die Unternehmensgruppe gegenüber der isolierten Besteuerung?
510,3,,b77825df87b28f25,Welchen steuerlichen Vorteil bietet die Unternehmensgruppe gegenüber der isolierten Besteuerung?
511,1,,c9af600af1230fc1,"""Welche Regel gilt für Lagerungs- oder Umschlagsleistungen, die üblicherweise mit Transport verbunden sind, wenn der Empfänger ein Nichtunternehmer ist?"""
511,2,,c9af600af1230fc1,"""Welche Regel gilt für Lagerungs- oder Umschlagsleistungen, die üblicherweise mit Transport verbunden sind, wenn der Empfänger ein Nichtunternehmer ist?"""
511,3,,c9af600af1230fc1,"""Welche Regel gilt für Lagerungs- oder Umschlagsleistungen, die üblicherweise mit Transport verbunden sind, wenn der Empfänger ein Nichtunternehmer ist?"""
512,1,,40a9459bc0662752,"""Ein US-Unternehmen stellt einer österreichischen GmbH Speicherplatz in der Cloud zur Verfügung. Gilt hier das Prinzip des Wohnsitzes des Empfängers gemäß den Regeln für elektronische Dienstleistungen an Nichtunternehmer?"""
512,2,,40a9459bc0662752,"""Ein US-Unternehmen stellt einer österreichischen GmbH Speicherplatz in der Cloud zur Verfügung. Gilt hier das Prinzip des Wohnsitzes des Empfängers gemäß den Regeln für elektronische Dienstleistungen an Nichtunternehmer?"""
512,3,,40a9459bc0662752,"""Ein US-Unternehmen stellt einer österreichischen GmbH Speicherplatz in der Cloud zur Verfügung. Gilt hier das Prinzip des Wohnsitzes des Empfängers gemäß den Regeln für elektronische Dienstleistungen an Nichtunternehmer?"""
513,1,,253a3abf20511863,„Ein Unternehmer beauftragt im eigenen Namen eine IT-Dienstleistung bei einem Dritten und stellt sie seinem Kunden weiter in Rechnung. Wie wird diese Leistung behandelt?“
513,2,,253a3abf20511863,„Ein Unternehmer beauftragt im eigenen Namen eine IT-Dienstleistung bei einem Dritten und stellt sie seinem Kunden weiter in Rechnung. Wie wird diese Leistung behandelt?“
513,3,,253a3abf20511863,„Ein Unternehmer beauftragt im eigenen Namen eine IT-Dienstleistung bei einem Dritten und stellt sie seinem Kunden weiter in Rechnung. Wie wird diese Leistung behandelt?“
514,1,,18f708ba4b017506,Eine Gemeinde setzt Maßnahmen zur besseren Gestaltung von Bauland und überträgt in diesem Rahmen ein Grundstück an einen Privaten. Ist dieser Erwerb steuerfrei?
514,2,,18f708ba4b017506,Eine Gemeinde setzt Maßnahmen zur besseren Gestaltung von Bauland und überträgt in diesem Rahmen ein Grundstück an einen Privaten. Ist dieser Erwerb steuerfrei?
514,3,,18f708ba4b017506,Eine Gemeinde setzt Maßnahmen zur besseren Gestaltung von Bauland und überträgt in diesem Rahmen ein Grundstück an einen Privaten. Ist dieser Erwerb steuerfrei?
515,1,,b42d68bc17e98858,"Ein Sammler kauft systematisch originalverpackte Lego-Sets auf, von denen bekannt ist, dass sie bald vom Markt genommen werden (End of Life). Er lagert diese über mehrere Jahre in einem trockenen Keller und verkauft sie nach und nach mit einem Aufschlag von 150 % über Online-Marktplätze, um mit dem Erlös neue Investitionen zu tätigen. Er führt jährlich etwa 25 solcher Verkäufe durch. Ist diese Tätigkeit als private Vermögensverwaltung oder als Gewerbebetrieb gemäß § 23 EStG einzustufen?"
515,2,,b42d68bc17e98858,"Ein Sammler kauft systematisch originalverpackte Lego-Sets auf, von denen bekannt ist, dass sie bald vom Markt genommen werden (End of Life). Er lagert diese über mehrere Jahre in einem trockenen Keller und verkauft sie nach und nach mit einem Aufschlag von 150 % über Online-Marktplätze, um mit dem Erlös neue Investitionen zu tätigen. Er führt jährlich etwa 25 solcher Verkäufe durch. Ist diese Tätigkeit als private Vermögensverwaltung oder als Gewerbebetrieb gemäß § 23 EStG einzustufen?"
515,3,,b42d68bc17e98858,"Ein Sammler kauft systematisch originalverpackte Lego-Sets auf, von denen bekannt ist, dass sie bald vom Markt genommen werden (End of Life). Er lagert diese über mehrere Jahre in einem trockenen Keller und verkauft sie nach und nach mit einem Aufschlag von 150 % über Online-Marktplätze, um mit dem Erlös neue Investitionen zu tätigen. Er führt jährlich etwa 25 solcher Verkäufe durch. Ist diese Tätigkeit als private Vermögensverwaltung oder als Gewerbebetrieb gemäß § 23 EStG einzustufen?"
516,1,,1c7c33e2e8597f86,"Welche voraussetzungen bezüglich Alter oder Gesundheit muss ein Übergeber erfüllen, damit die Freibetragsregelung (bis zu 900.000 Euro) bei der unentgeltlichen Übergabe eines Betriebes unter Lebenden zur Anwendung kommt?"
516,2,,1c7c33e2e8597f86,"Welche voraussetzungen bezüglich Alter oder Gesundheit muss ein Übergeber erfüllen, damit die Freibetragsregelung (bis zu 900.000 Euro) bei der unentgeltlichen Übergabe eines Betriebes unter Lebenden zur Anwendung kommt?"
516,3,,1c7c33e2e8597f86,"Welche voraussetzungen bezüglich Alter oder Gesundheit muss ein Übergeber erfüllen, damit die Freibetragsregelung (bis zu 900.000 Euro) bei der unentgeltlichen Übergabe eines Betriebes unter Lebenden zur Anwendung kommt?"
517,1,,0f423cdc0f4f312a,"Welche Normen sind einschlägig, wenn eine Körperschaft eine internationale Schachtelbeteiligung veräußert und gleichzeitig Vorjahresverluste bestehen?"
517,2,,0f423cdc0f4f312a,"Welche Normen sind einschlägig, wenn eine Körperschaft eine internationale Schachtelbeteiligung veräußert und gleichzeitig Vorjahresverluste bestehen?"
517,3,,0f423cdc0f4f312a,"Welche Normen sind einschlägig, wenn eine Körperschaft eine internationale Schachtelbeteiligung veräußert und gleichzeitig Vorjahresverluste bestehen?"
518,1,,800be1cad3c16f80,"Eine Modeexpertin kauft gezielt limitierte Designertaschen renommierter Luxusmarken auf, von denen bekannt ist, dass sie im Wert steigen. Sie bewahrt die Taschen unbenutzt in ihrem klimatisierten Lager auf und verkauft sie nach einer Haltefrist von 18 bis 24 Monaten mit erheblichem Aufschlag über spezialisierte Auktionshäuser weiter. Sie führt jährlich ca. 12 solcher Transaktionen durch und nutzt den Gewinn zur Finanzierung neuer Ankäufe. Liegt hier ein Gewerbebetrieb gemäß § 23 EStG vor?"
518,2,,800be1cad3c16f80,"Eine Modeexpertin kauft gezielt limitierte Designertaschen renommierter Luxusmarken auf, von denen bekannt ist, dass sie im Wert steigen. Sie bewahrt die Taschen unbenutzt in ihrem klimatisierten Lager auf und verkauft sie nach einer Haltefrist von 18 bis 24 Monaten mit erheblichem Aufschlag über spezialisierte Auktionshäuser weiter. Sie führt jährlich ca. 12 solcher Transaktionen durch und nutzt den Gewinn zur Finanzierung neuer Ankäufe. Liegt hier ein Gewerbebetrieb gemäß § 23 EStG vor?"
518,3,,800be1cad3c16f80,"Eine Modeexpertin kauft gezielt limitierte Designertaschen renommierter Luxusmarken auf, von denen bekannt ist, dass sie im Wert steigen. Sie bewahrt die Taschen unbenutzt in ihrem klimatisierten Lager auf und verkauft sie nach einer Haltefrist von 18 bis 24 Monaten mit erheblichem Aufschlag über spezialisierte Auktionshäuser weiter. Sie führt jährlich ca. 12 solcher Transaktionen durch und nutzt den Gewinn zur Finanzierung neuer Ankäufe. Liegt hier ein Gewerbebetrieb gemäß § 23 EStG vor?"
519,1,,69eadb5d15969c36,"Herr Brandstätter ist österreichischer Steuerresident und besitzt Aktien der US-amerikanischen Y-Corp. Im August 2026 führt Y-Corp einen ‚Reverse Stock Split' 1:10 durch (10 alte Aktien werden zu 1 neuen zusammengelegt). Herr Brandstätter hielt 1.000 Aktien (Anschaffungskosten EUR 5/Stück = EUR 5.000) und hält nach dem Reverse Split 100 Aktien. Für seine 5 ‚überschüssigen' Aktien (da er 1.005 Aktien hatte, wovon 5 nicht glatt teilbar sind) erhält er eine Barabfindung von EUR 250. Herr Brandstätter ist der Ansicht, dass der gesamte Reverse Split kein steuerlich relevanter Vorgang ist. Stimmt das?"
519,2,,69eadb5d15969c36,"Herr Brandstätter ist österreichischer Steuerresident und besitzt Aktien der US-amerikanischen Y-Corp. Im August 2026 führt Y-Corp einen ‚Reverse Stock Split' 1:10 durch (10 alte Aktien werden zu 1 neuen zusammengelegt). Herr Brandstätter hielt 1.000 Aktien (Anschaffungskosten EUR 5/Stück = EUR 5.000) und hält nach dem Reverse Split 100 Aktien. Für seine 5 ‚überschüssigen' Aktien (da er 1.005 Aktien hatte, wovon 5 nicht glatt teilbar sind) erhält er eine Barabfindung von EUR 250. Herr Brandstätter ist der Ansicht, dass der gesamte Reverse Split kein steuerlich relevanter Vorgang ist. Stimmt das?"
519,3,,69eadb5d15969c36,"Herr Brandstätter ist österreichischer Steuerresident und besitzt Aktien der US-amerikanischen Y-Corp. Im August 2026 führt Y-Corp einen ‚Reverse Stock Split' 1:10 durch (10 alte Aktien werden zu 1 neuen zusammengelegt). Herr Brandstätter hielt 1.000 Aktien (Anschaffungskosten EUR 5/Stück = EUR 5.000) und hält nach dem Reverse Split 100 Aktien. Für seine 5 ‚überschüssigen' Aktien (da er 1.005 Aktien hatte, wovon 5 nicht glatt teilbar sind) erhält er eine Barabfindung von EUR 250. Herr Brandstätter ist der Ansicht, dass der gesamte Reverse Split kein steuerlich relevanter Vorgang ist. Stimmt das?"
520,1,,55f091e0f1f5117c,"Begründet ein DBA für sich allein eine österreichische Steuerpflicht, wenn das innerstaatliche Recht keine Steuerpflicht vorsieht?"
520,2,,55f091e0f1f5117c,"Begründet ein DBA für sich allein eine österreichische Steuerpflicht, wenn das innerstaatliche Recht keine Steuerpflicht vorsieht?"
520,3,,55f091e0f1f5117c,"Begründet ein DBA für sich allein eine österreichische Steuerpflicht, wenn das innerstaatliche Recht keine Steuerpflicht vorsieht?"
521,1,,57b38f3d83a4fbb3,Was bedeutet bei Auslandseinkünften eines in Österreich ansässigen Steuerpflichtigen die Anrechnungsmethode?
521,2,,57b38f3d83a4fbb3,Was bedeutet bei Auslandseinkünften eines in Österreich ansässigen Steuerpflichtigen die Anrechnungsmethode?
521,3,,57b38f3d83a4fbb3,Was bedeutet bei Auslandseinkünften eines in Österreich ansässigen Steuerpflichtigen die Anrechnungsmethode?
522,1,,240f99a123ef08f4,"Eine Person dokumentiert nur 65 Tage in ihrer Wiener Zweitwohnung, mietet aber zusätzlich für zwei Monate ein Appartement und hält sich wegen weiterer Hotelaufenthalte insgesamt rund sechs Monate beruflich in Österreich auf. Kann trotz 70-Tage-Grenze unbeschränkte Steuerpflicht entstehen?"
522,2,,240f99a123ef08f4,"Eine Person dokumentiert nur 65 Tage in ihrer Wiener Zweitwohnung, mietet aber zusätzlich für zwei Monate ein Appartement und hält sich wegen weiterer Hotelaufenthalte insgesamt rund sechs Monate beruflich in Österreich auf. Kann trotz 70-Tage-Grenze unbeschränkte Steuerpflicht entstehen?"
522,3,,240f99a123ef08f4,"Eine Person dokumentiert nur 65 Tage in ihrer Wiener Zweitwohnung, mietet aber zusätzlich für zwei Monate ein Appartement und hält sich wegen weiterer Hotelaufenthalte insgesamt rund sechs Monate beruflich in Österreich auf. Kann trotz 70-Tage-Grenze unbeschränkte Steuerpflicht entstehen?"
523,1,,ca29d2da0b019f42,"Herr Berg verleiht Wertpapiere an eine Bank (Wertpapierleihe). Während der Leihperiode schüttet die Aktiengesellschaft eine Dividende aus. Die Bank zahlt Herrn Berg eine Ausgleichszahlung in Höhe der Dividende. Herr Berg erhält außerdem eine Leihgebühr. In der Zwischenzeit ist der Kurs der Aktien gesunken. Nach Rückgabe der Aktien veräußert er diese mit einem Verlust von 2.000 Euro. Wie sind Ausgleichszahlung, Leihgebühr und Veräußerungsverlust steuerlich zu behandeln, und ist ein Verlustausgleich möglich?"
523,2,,ca29d2da0b019f42,"Herr Berg verleiht Wertpapiere an eine Bank (Wertpapierleihe). Während der Leihperiode schüttet die Aktiengesellschaft eine Dividende aus. Die Bank zahlt Herrn Berg eine Ausgleichszahlung in Höhe der Dividende. Herr Berg erhält außerdem eine Leihgebühr. In der Zwischenzeit ist der Kurs der Aktien gesunken. Nach Rückgabe der Aktien veräußert er diese mit einem Verlust von 2.000 Euro. Wie sind Ausgleichszahlung, Leihgebühr und Veräußerungsverlust steuerlich zu behandeln, und ist ein Verlustausgleich möglich?"
523,3,,ca29d2da0b019f42,"Herr Berg verleiht Wertpapiere an eine Bank (Wertpapierleihe). Während der Leihperiode schüttet die Aktiengesellschaft eine Dividende aus. Die Bank zahlt Herrn Berg eine Ausgleichszahlung in Höhe der Dividende. Herr Berg erhält außerdem eine Leihgebühr. In der Zwischenzeit ist der Kurs der Aktien gesunken. Nach Rückgabe der Aktien veräußert er diese mit einem Verlust von 2.000 Euro. Wie sind Ausgleichszahlung, Leihgebühr und Veräußerungsverlust steuerlich zu behandeln, und ist ein Verlustausgleich möglich?"
524,1,,2b06ad1120cddb94,"Die Holding-GmbH erwirbt 90% der Anteile an einer operativen GmbH. Diese operative GmbH hält wiederum 85% der Anteile an einer Tochter-GmbH, in deren Eigentum sich eine Liegenschaft in Graz befindet. Löst dieser Erwerb Grunderwerbsteuer für das Grundstück der Tochter-GmbH aus?"
524,2,,2b06ad1120cddb94,"Die Holding-GmbH erwirbt 90% der Anteile an einer operativen GmbH. Diese operative GmbH hält wiederum 85% der Anteile an einer Tochter-GmbH, in deren Eigentum sich eine Liegenschaft in Graz befindet. Löst dieser Erwerb Grunderwerbsteuer für das Grundstück der Tochter-GmbH aus?"
524,3,,2b06ad1120cddb94,"Die Holding-GmbH erwirbt 90% der Anteile an einer operativen GmbH. Diese operative GmbH hält wiederum 85% der Anteile an einer Tochter-GmbH, in deren Eigentum sich eine Liegenschaft in Graz befindet. Löst dieser Erwerb Grunderwerbsteuer für das Grundstück der Tochter-GmbH aus?"
525,1,,8d0e45b3fd422120,Was ist die Steuerreform 2024 hinsichtlich der Kleinunternehmer?
525,2,,8d0e45b3fd422120,Was ist die Steuerreform 2024 hinsichtlich der Kleinunternehmer?
525,3,,8d0e45b3fd422120,Was ist die Steuerreform 2024 hinsichtlich der Kleinunternehmer?
526,1,,f34622bbf956d050,Ein in Bayern ansässiger Landwirt bewirtschaftet zusätzlich Ackerflächen in Österreich. Sind die daraus erzielten Einkünfte in Österreich beschränkt steuerpflichtig?
526,2,,f34622bbf956d050,Ein in Bayern ansässiger Landwirt bewirtschaftet zusätzlich Ackerflächen in Österreich. Sind die daraus erzielten Einkünfte in Österreich beschränkt steuerpflichtig?
526,3,,f34622bbf956d050,Ein in Bayern ansässiger Landwirt bewirtschaftet zusätzlich Ackerflächen in Österreich. Sind die daraus erzielten Einkünfte in Österreich beschränkt steuerpflichtig?
527,1,,550150ae87f27c3f,Ein in Deutschland ansässiger beschränkt steuerpflichtiger Arbeitnehmer erzielt Bezüge aus einer Tätigkeit im Sinne des § 99 Abs. 1 Z 1 EStG 1988 und teilt dem Arbeitgeber unmittelbar zusammenhängende Werbungskosten vor Auszahlung mit. Kann der Arbeitgeber diese Werbungskosten bereits beim Lohnsteuerabzug abziehen?
527,2,,550150ae87f27c3f,Ein in Deutschland ansässiger beschränkt steuerpflichtiger Arbeitnehmer erzielt Bezüge aus einer Tätigkeit im Sinne des § 99 Abs. 1 Z 1 EStG 1988 und teilt dem Arbeitgeber unmittelbar zusammenhängende Werbungskosten vor Auszahlung mit. Kann der Arbeitgeber diese Werbungskosten bereits beim Lohnsteuerabzug abziehen?
527,3,,550150ae87f27c3f,Ein in Deutschland ansässiger beschränkt steuerpflichtiger Arbeitnehmer erzielt Bezüge aus einer Tätigkeit im Sinne des § 99 Abs. 1 Z 1 EStG 1988 und teilt dem Arbeitgeber unmittelbar zusammenhängende Werbungskosten vor Auszahlung mit. Kann der Arbeitgeber diese Werbungskosten bereits beim Lohnsteuerabzug abziehen?
528,1,,8a4b08b0807f6ed3,Eine anerkannte Organisation erhält ein Grundstück geschenkt. Ist dieser Vorgang grunderwerbsteuerpflichtig?
528,2,,8a4b08b0807f6ed3,Eine anerkannte Organisation erhält ein Grundstück geschenkt. Ist dieser Vorgang grunderwerbsteuerpflichtig?
528,3,,8a4b08b0807f6ed3,Eine anerkannte Organisation erhält ein Grundstück geschenkt. Ist dieser Vorgang grunderwerbsteuerpflichtig?
529,1,,9e03c8236a8f4a59,"Dient ein DBA aus österreichischer Sicht dazu, eine mehrfache Besteuerung derselben Einkünfte zu vermeiden?"
529,2,,9e03c8236a8f4a59,"Dient ein DBA aus österreichischer Sicht dazu, eine mehrfache Besteuerung derselben Einkünfte zu vermeiden?"
529,3,,9e03c8236a8f4a59,"Dient ein DBA aus österreichischer Sicht dazu, eine mehrfache Besteuerung derselben Einkünfte zu vermeiden?"
530,1,,37cfdd6f13d81495,"Welche steuerlichen Konsequenzen hat es, wenn eine Körperschaft ein zinsloses Darlehen an ihren Gesellschafter vergibt?"
530,2,,37cfdd6f13d81495,"Welche steuerlichen Konsequenzen hat es, wenn eine Körperschaft ein zinsloses Darlehen an ihren Gesellschafter vergibt?"
530,3,,37cfdd6f13d81495,"Welche steuerlichen Konsequenzen hat es, wenn eine Körperschaft ein zinsloses Darlehen an ihren Gesellschafter vergibt?"
531,1,,3c56220a646e3d8e,"Dient ein DBA aus österreichischer Sicht dazu, eine mehrfache Besteuerung derselben Einkünfte zu vermeiden?"
531,2,,3c56220a646e3d8e,"Dient ein DBA aus österreichischer Sicht dazu, eine mehrfache Besteuerung derselben Einkünfte zu vermeiden?"
531,3,,3c56220a646e3d8e,"Dient ein DBA aus österreichischer Sicht dazu, eine mehrfache Besteuerung derselben Einkünfte zu vermeiden?"
532,1,,a529708caa4dd691,Zählt Krankengeld auch als Arbeitslohn?
532,2,,a529708caa4dd691,Zählt Krankengeld auch als Arbeitslohn?
532,3,,a529708caa4dd691,Zählt Krankengeld auch als Arbeitslohn?
533,1,,4c08097b2dd3db12,Ist die Progressionsermäßigung für die Verwertung von Patentrechten bei beschränkter Steuerpflicht ausgeschlossen?
533,2,,4c08097b2dd3db12,Ist die Progressionsermäßigung für die Verwertung von Patentrechten bei beschränkter Steuerpflicht ausgeschlossen?
533,3,,4c08097b2dd3db12,Ist die Progressionsermäßigung für die Verwertung von Patentrechten bei beschränkter Steuerpflicht ausgeschlossen?
534,1,,b564564d823b0297,Kann ein DBA nach österreichischer Methodik eine nach innerstaatlichem Recht bestehende Steuerpflicht einschränken?
534,2,,b564564d823b0297,Kann ein DBA nach österreichischer Methodik eine nach innerstaatlichem Recht bestehende Steuerpflicht einschränken?
534,3,,b564564d823b0297,Kann ein DBA nach österreichischer Methodik eine nach innerstaatlichem Recht bestehende Steuerpflicht einschränken?
535,1,,81b1d33d7c108edf,"Herr Berg verleiht Wertpapiere an eine Bank (Wertpapierleihe). Während der Leihperiode schüttet die Aktiengesellschaft eine Dividende aus. Die Bank zahlt Herrn Berg eine Ausgleichszahlung in Höhe der Dividende. Herr Berg erhält außerdem eine Leihgebühr. In der Zwischenzeit ist der Kurs der Aktien gesunken. Nach Rückgabe der Aktien veräußert er diese mit einem Verlust von 2.000 Euro. Wie sind Ausgleichszahlung, Leihgebühr und Veräußerungsverlust steuerlich zu behandeln, und ist ein Verlustausgleich möglich?"
535,2,,81b1d33d7c108edf,"Herr Berg verleiht Wertpapiere an eine Bank (Wertpapierleihe). Während der Leihperiode schüttet die Aktiengesellschaft eine Dividende aus. Die Bank zahlt Herrn Berg eine Ausgleichszahlung in Höhe der Dividende. Herr Berg erhält außerdem eine Leihgebühr. In der Zwischenzeit ist der Kurs der Aktien gesunken. Nach Rückgabe der Aktien veräußert er diese mit einem Verlust von 2.000 Euro. Wie sind Ausgleichszahlung, Leihgebühr und Veräußerungsverlust steuerlich zu behandeln, und ist ein Verlustausgleich möglich?"
535,3,,81b1d33d7c108edf,"Herr Berg verleiht Wertpapiere an eine Bank (Wertpapierleihe). Während der Leihperiode schüttet die Aktiengesellschaft eine Dividende aus. Die Bank zahlt Herrn Berg eine Ausgleichszahlung in Höhe der Dividende. Herr Berg erhält außerdem eine Leihgebühr. In der Zwischenzeit ist der Kurs der Aktien gesunken. Nach Rückgabe der Aktien veräußert er diese mit einem Verlust von 2.000 Euro. Wie sind Ausgleichszahlung, Leihgebühr und Veräußerungsverlust steuerlich zu behandeln, und ist ein Verlustausgleich möglich?"
536,1,,91a3471ca85df5d1,"Eine Bank bietet ihren Kunden ein Paket an, das Depotführung, Verwahrung der Wertpapiere, laufende administrative Verwaltung und die Durchführung von Kauf und Verkauf derselben Wertpapiere umfasst. Die Bank macht geltend, es handle sich um einen einheitlichen Finanzumsatz im Zusammenhang mit Wertpapieren. Zu untersuchen ist, welche Bestandteile von der Befreiung erfasst werden und welche nicht."
536,2,,91a3471ca85df5d1,"Eine Bank bietet ihren Kunden ein Paket an, das Depotführung, Verwahrung der Wertpapiere, laufende administrative Verwaltung und die Durchführung von Kauf und Verkauf derselben Wertpapiere umfasst. Die Bank macht geltend, es handle sich um einen einheitlichen Finanzumsatz im Zusammenhang mit Wertpapieren. Zu untersuchen ist, welche Bestandteile von der Befreiung erfasst werden und welche nicht."
536,3,,91a3471ca85df5d1,"Eine Bank bietet ihren Kunden ein Paket an, das Depotführung, Verwahrung der Wertpapiere, laufende administrative Verwaltung und die Durchführung von Kauf und Verkauf derselben Wertpapiere umfasst. Die Bank macht geltend, es handle sich um einen einheitlichen Finanzumsatz im Zusammenhang mit Wertpapieren. Zu untersuchen ist, welche Bestandteile von der Befreiung erfasst werden und welche nicht."
537,1,,39f3d9f4000b60cd,"""Herr Meier mietet ein Motorboot für 2 Wochen in Hamburg. Wo gilt die Vermietung steuerlich als ausgeführt?"""
537,2,,39f3d9f4000b60cd,"""Herr Meier mietet ein Motorboot für 2 Wochen in Hamburg. Wo gilt die Vermietung steuerlich als ausgeführt?"""
537,3,,39f3d9f4000b60cd,"""Herr Meier mietet ein Motorboot für 2 Wochen in Hamburg. Wo gilt die Vermietung steuerlich als ausgeführt?"""
538,1,,11ca20595e4112d8,"Herr Lau hat im Privatvermögen Bitcoin im Februar 2022 um 30.000 Euro gekauft und im Jänner 2023 gegen Ethereum getauscht, als der Wert der Bitcoin 25.000 Euro betrug. Im Dezember 2023 veräußert er die Ethereum um 28.000 Euro. Welche steuerlichen Konsequenzen ergeben sich nach § 27 EStG 1988 bei Tausch und Veräußerung?"
538,2,,11ca20595e4112d8,"Herr Lau hat im Privatvermögen Bitcoin im Februar 2022 um 30.000 Euro gekauft und im Jänner 2023 gegen Ethereum getauscht, als der Wert der Bitcoin 25.000 Euro betrug. Im Dezember 2023 veräußert er die Ethereum um 28.000 Euro. Welche steuerlichen Konsequenzen ergeben sich nach § 27 EStG 1988 bei Tausch und Veräußerung?"
538,3,,11ca20595e4112d8,"Herr Lau hat im Privatvermögen Bitcoin im Februar 2022 um 30.000 Euro gekauft und im Jänner 2023 gegen Ethereum getauscht, als der Wert der Bitcoin 25.000 Euro betrug. Im Dezember 2023 veräußert er die Ethereum um 28.000 Euro. Welche steuerlichen Konsequenzen ergeben sich nach § 27 EStG 1988 bei Tausch und Veräußerung?"
539,1,,f1e0674863f2e063,Gibt es im Jahr 2024 eine Änderung beim Körperschaftsteuersatz?
539,2,,f1e0674863f2e063,Gibt es im Jahr 2024 eine Änderung beim Körperschaftsteuersatz?
539,3,,f1e0674863f2e063,Gibt es im Jahr 2024 eine Änderung beim Körperschaftsteuersatz?
540,1,,600b35d5e1994397,Ein Gesellschafter einer Bau-Offenen-Gesellschaft (OG) arbeitet zusätzlich stundenweise als Bauleiter auf den Baustellen der OG und erhält dafür einen tariflichen Stundenlohn ausbezahlt. Kann er diese Einkünfte als Einkünfte aus nichtselbstständiger Arbeit (Lohnsteuer) geltend machen?
540,2,,600b35d5e1994397,Ein Gesellschafter einer Bau-Offenen-Gesellschaft (OG) arbeitet zusätzlich stundenweise als Bauleiter auf den Baustellen der OG und erhält dafür einen tariflichen Stundenlohn ausbezahlt. Kann er diese Einkünfte als Einkünfte aus nichtselbstständiger Arbeit (Lohnsteuer) geltend machen?
540,3,,600b35d5e1994397,Ein Gesellschafter einer Bau-Offenen-Gesellschaft (OG) arbeitet zusätzlich stundenweise als Bauleiter auf den Baustellen der OG und erhält dafür einen tariflichen Stundenlohn ausbezahlt. Kann er diese Einkünfte als Einkünfte aus nichtselbstständiger Arbeit (Lohnsteuer) geltend machen?
541,1,,30cc0f0914c2047e,"Eine Körperschaft öffentlichen Rechts veranstaltet wissenschaftliche Fachvorträge, berufsbegleitende Abendkurse und zusätzlich eine populäre Abendgala mit Showcharakter. Die Einnahmen aus Vorträgen und Kursen dienen überwiegend der Kostendeckung; die Gala soll einen Überschuss für spätere Projekte erwirtschaften. Zu entscheiden ist, ob die gesamte Veranstaltungsreihe einheitlich oder getrennt nach ihrem Charakter zu behandeln ist."
541,2,,30cc0f0914c2047e,"Eine Körperschaft öffentlichen Rechts veranstaltet wissenschaftliche Fachvorträge, berufsbegleitende Abendkurse und zusätzlich eine populäre Abendgala mit Showcharakter. Die Einnahmen aus Vorträgen und Kursen dienen überwiegend der Kostendeckung; die Gala soll einen Überschuss für spätere Projekte erwirtschaften. Zu entscheiden ist, ob die gesamte Veranstaltungsreihe einheitlich oder getrennt nach ihrem Charakter zu behandeln ist."
541,3,,30cc0f0914c2047e,"Eine Körperschaft öffentlichen Rechts veranstaltet wissenschaftliche Fachvorträge, berufsbegleitende Abendkurse und zusätzlich eine populäre Abendgala mit Showcharakter. Die Einnahmen aus Vorträgen und Kursen dienen überwiegend der Kostendeckung; die Gala soll einen Überschuss für spätere Projekte erwirtschaften. Zu entscheiden ist, ob die gesamte Veranstaltungsreihe einheitlich oder getrennt nach ihrem Charakter zu behandeln ist."
542,1,,d74b330db09d9492,Welchen steuerlichen Vorteil bietet die Unternehmensgruppe gegenüber der isolierten Besteuerung?
542,2,,d74b330db09d9492,Welchen steuerlichen Vorteil bietet die Unternehmensgruppe gegenüber der isolierten Besteuerung?
542,3,,d74b330db09d9492,Welchen steuerlichen Vorteil bietet die Unternehmensgruppe gegenüber der isolierten Besteuerung?
543,1,,bb34758d1218db92,"Ein Angestellter baut in seiner Freizeit leidenschaftlich gerne detailgetreue Modellflugzeuge. Gelegentlich verkauft er eines an Bekannte, allerdings decken die Verkaufserlöse bei Weitem nicht die teuren Materialkosten. Er macht das rein aus Freude am Basteln. Liegt ein Gewerbebetrieb nach § 23 EStG vor?"
543,2,,bb34758d1218db92,"Ein Angestellter baut in seiner Freizeit leidenschaftlich gerne detailgetreue Modellflugzeuge. Gelegentlich verkauft er eines an Bekannte, allerdings decken die Verkaufserlöse bei Weitem nicht die teuren Materialkosten. Er macht das rein aus Freude am Basteln. Liegt ein Gewerbebetrieb nach § 23 EStG vor?"
543,3,,bb34758d1218db92,"Ein Angestellter baut in seiner Freizeit leidenschaftlich gerne detailgetreue Modellflugzeuge. Gelegentlich verkauft er eines an Bekannte, allerdings decken die Verkaufserlöse bei Weitem nicht die teuren Materialkosten. Er macht das rein aus Freude am Basteln. Liegt ein Gewerbebetrieb nach § 23 EStG vor?"
544,1,,ddc8d24d6d91ef7a,Nein. Das kostenlose Aufladen eines privatem E-Autos beim Arbeitgeber ist gemäß § 4c SachbezugsVO ausdrücklich mit einem Sachbezugswert von Null anzusetzen und daher steuerfrei.
544,2,,ddc8d24d6d91ef7a,Nein. Das kostenlose Aufladen eines privatem E-Autos beim Arbeitgeber ist gemäß § 4c SachbezugsVO ausdrücklich mit einem Sachbezugswert von Null anzusetzen und daher steuerfrei.
544,3,,ddc8d24d6d91ef7a,Nein. Das kostenlose Aufladen eines privatem E-Autos beim Arbeitgeber ist gemäß § 4c SachbezugsVO ausdrücklich mit einem Sachbezugswert von Null anzusetzen und daher steuerfrei.
545,1,,7b2baf8ffd935554,"Eine Arbeitnehmerin erhält Pensionszahlungen, die teils aus ihren eigenen Beiträgen, teils aus Arbeitgeberbeiträgen stammen. Sind beide Teile steuerpflichtig?"
545,2,,7b2baf8ffd935554,"Eine Arbeitnehmerin erhält Pensionszahlungen, die teils aus ihren eigenen Beiträgen, teils aus Arbeitgeberbeiträgen stammen. Sind beide Teile steuerpflichtig?"
545,3,,7b2baf8ffd935554,"Eine Arbeitnehmerin erhält Pensionszahlungen, die teils aus ihren eigenen Beiträgen, teils aus Arbeitgeberbeiträgen stammen. Sind beide Teile steuerpflichtig?"
546,1,,4a99ac4a19648709,"""Wann gilt die unentgeltliche Erbringung anderer sonstiger Leistungen für private Zwecke oder den Bedarf des Personals als steuerbare Leistung?"""
546,2,,4a99ac4a19648709,"""Wann gilt die unentgeltliche Erbringung anderer sonstiger Leistungen für private Zwecke oder den Bedarf des Personals als steuerbare Leistung?"""
546,3,,4a99ac4a19648709,"""Wann gilt die unentgeltliche Erbringung anderer sonstiger Leistungen für private Zwecke oder den Bedarf des Personals als steuerbare Leistung?"""
547,1,,a9573985380031c1,Wird die vom Käufer zu zahlende Grunderwerbsteuer selbst auch noch Teil der Bemessungsgrundlage (Gegenleistung)?
547,2,,a9573985380031c1,Wird die vom Käufer zu zahlende Grunderwerbsteuer selbst auch noch Teil der Bemessungsgrundlage (Gegenleistung)?
547,3,,a9573985380031c1,Wird die vom Käufer zu zahlende Grunderwerbsteuer selbst auch noch Teil der Bemessungsgrundlage (Gegenleistung)?
548,1,,167a9259f5e79bd6,"„Ein Kunde übergibt einem Schneider Stoff zur Anfertigung eines Anzugs. Der Schneider gibt ihm jedoch einen bereits fertigen, gleichartigen Anzug aus seinem Bestand und verrechnet einen festen Werklohn. Wie ist die Leistung zu beurteilen?“"
548,2,,167a9259f5e79bd6,"„Ein Kunde übergibt einem Schneider Stoff zur Anfertigung eines Anzugs. Der Schneider gibt ihm jedoch einen bereits fertigen, gleichartigen Anzug aus seinem Bestand und verrechnet einen festen Werklohn. Wie ist die Leistung zu beurteilen?“"
548,3,,167a9259f5e79bd6,"„Ein Kunde übergibt einem Schneider Stoff zur Anfertigung eines Anzugs. Der Schneider gibt ihm jedoch einen bereits fertigen, gleichartigen Anzug aus seinem Bestand und verrechnet einen festen Werklohn. Wie ist die Leistung zu beurteilen?“"
549,1,,e21dd0bb195396bf,Welche Bezüge sind nach § 3 EStG von der Einkommensteuer befreit?
549,2,,e21dd0bb195396bf,Welche Bezüge sind nach § 3 EStG von der Einkommensteuer befreit?
549,3,,e21dd0bb195396bf,Welche Bezüge sind nach § 3 EStG von der Einkommensteuer befreit?
550,1,,ad0f5c97c14b44ed,"Ein in Tschechien ansässiger Architekt wird persönlich für ein Projekt in Wien tätig, ohne dort eine Betriebsstätte zu haben. Unterliegen die Honorare in Österreich der beschränkten Steuerpflicht?"
550,2,,ad0f5c97c14b44ed,"Ein in Tschechien ansässiger Architekt wird persönlich für ein Projekt in Wien tätig, ohne dort eine Betriebsstätte zu haben. Unterliegen die Honorare in Österreich der beschränkten Steuerpflicht?"
550,3,,ad0f5c97c14b44ed,"Ein in Tschechien ansässiger Architekt wird persönlich für ein Projekt in Wien tätig, ohne dort eine Betriebsstätte zu haben. Unterliegen die Honorare in Österreich der beschränkten Steuerpflicht?"
551,1,,1734920b17602b68,"Ein begeisterter Briefmarkensammler verkauft über einen Zeitraum von drei Jahren regelmäßig Teile seiner Sammlung über eine Online-Plattform an verschiedene Käufer weltweit, um seinen Lebensunterhalt zu finanzieren. Liegt hier eine private Vermögensverwaltung oder bereits ein Gewerbebetrieb vor?"
551,2,,1734920b17602b68,"Ein begeisterter Briefmarkensammler verkauft über einen Zeitraum von drei Jahren regelmäßig Teile seiner Sammlung über eine Online-Plattform an verschiedene Käufer weltweit, um seinen Lebensunterhalt zu finanzieren. Liegt hier eine private Vermögensverwaltung oder bereits ein Gewerbebetrieb vor?"
551,3,,1734920b17602b68,"Ein begeisterter Briefmarkensammler verkauft über einen Zeitraum von drei Jahren regelmäßig Teile seiner Sammlung über eine Online-Plattform an verschiedene Käufer weltweit, um seinen Lebensunterhalt zu finanzieren. Liegt hier eine private Vermögensverwaltung oder bereits ein Gewerbebetrieb vor?"
552,1,,b9c3d07292d2eb8c,"Ein in Italien wohnender Investor hat in Österreich weder Wohnsitz noch gewöhnlichen Aufenthalt, erzielt aber Mieteinkünfte aus einer Wohnung in Salzburg. Ist er in Österreich nur beschränkt steuerpflichtig?"
552,2,,b9c3d07292d2eb8c,"Ein in Italien wohnender Investor hat in Österreich weder Wohnsitz noch gewöhnlichen Aufenthalt, erzielt aber Mieteinkünfte aus einer Wohnung in Salzburg. Ist er in Österreich nur beschränkt steuerpflichtig?"
552,3,,b9c3d07292d2eb8c,"Ein in Italien wohnender Investor hat in Österreich weder Wohnsitz noch gewöhnlichen Aufenthalt, erzielt aber Mieteinkünfte aus einer Wohnung in Salzburg. Ist er in Österreich nur beschränkt steuerpflichtig?"
553,1,,9989619dd0243161,"Eine Kommanditistin einer florierenden Logistik-KG kauft privat eine leere Lagerhalle und vermietet diese dauerhaft an die KG, an der sie beteiligt ist. Sie erhält dafür eine marktübliche monatliche Miete. Sind das Einkünfte aus Vermietung und Verpachtung?"
553,2,,9989619dd0243161,"Eine Kommanditistin einer florierenden Logistik-KG kauft privat eine leere Lagerhalle und vermietet diese dauerhaft an die KG, an der sie beteiligt ist. Sie erhält dafür eine marktübliche monatliche Miete. Sind das Einkünfte aus Vermietung und Verpachtung?"
553,3,,9989619dd0243161,"Eine Kommanditistin einer florierenden Logistik-KG kauft privat eine leere Lagerhalle und vermietet diese dauerhaft an die KG, an der sie beteiligt ist. Sie erhält dafür eine marktübliche monatliche Miete. Sind das Einkünfte aus Vermietung und Verpachtung?"
554,1,,347e0ce330aad049,"Frau Hofer hat im August 2025 über eine ausländische Plattform 10.000 USDT (Tether, ein Stablecoin) zu je EUR 0,92 erworben. Im Februar 2026 tauscht sie 5.000 USDT direkt gegen 5.000 USDC (USD Coin) auf einer dezentralen Börse, als der Marktwert beider Stablecoins jeweils EUR 0,95 beträgt. Im Mai 2026 tauscht sie die restlichen 5.000 USDT gegen EUR auf einer österreichischen Börse zu EUR 0,97 pro USDT. Frau Hofer ist der Ansicht, dass Stablecoin-zu-Stablecoin-Tausche nicht steuerbar sind, da kein ‚echter' Kursgewinn vorliegt und beide Token denselben Basiswert (USD) abbilden. Ist diese Ansicht korrekt?"
554,2,,347e0ce330aad049,"Frau Hofer hat im August 2025 über eine ausländische Plattform 10.000 USDT (Tether, ein Stablecoin) zu je EUR 0,92 erworben. Im Februar 2026 tauscht sie 5.000 USDT direkt gegen 5.000 USDC (USD Coin) auf einer dezentralen Börse, als der Marktwert beider Stablecoins jeweils EUR 0,95 beträgt. Im Mai 2026 tauscht sie die restlichen 5.000 USDT gegen EUR auf einer österreichischen Börse zu EUR 0,97 pro USDT. Frau Hofer ist der Ansicht, dass Stablecoin-zu-Stablecoin-Tausche nicht steuerbar sind, da kein ‚echter' Kursgewinn vorliegt und beide Token denselben Basiswert (USD) abbilden. Ist diese Ansicht korrekt?"
554,3,,347e0ce330aad049,"Frau Hofer hat im August 2025 über eine ausländische Plattform 10.000 USDT (Tether, ein Stablecoin) zu je EUR 0,92 erworben. Im Februar 2026 tauscht sie 5.000 USDT direkt gegen 5.000 USDC (USD Coin) auf einer dezentralen Börse, als der Marktwert beider Stablecoins jeweils EUR 0,95 beträgt. Im Mai 2026 tauscht sie die restlichen 5.000 USDT gegen EUR auf einer österreichischen Börse zu EUR 0,97 pro USDT. Frau Hofer ist der Ansicht, dass Stablecoin-zu-Stablecoin-Tausche nicht steuerbar sind, da kein ‚echter' Kursgewinn vorliegt und beide Token denselben Basiswert (USD) abbilden. Ist diese Ansicht korrekt?"
555,1,,13b71b66e67e77a0,Was regelt die Sachbezugswerteverordnung?
555,2,,13b71b66e67e77a0,Was regelt die Sachbezugswerteverordnung?
555,3,,13b71b66e67e77a0,Was regelt die Sachbezugswerteverordnung?
556,1,,b3ad670865123e1a,Wann ist eine Sicherheitseinrichtung für Registrierkassen verpflichtend?
556,2,,b3ad670865123e1a,Wann ist eine Sicherheitseinrichtung für Registrierkassen verpflichtend?
556,3,,b3ad670865123e1a,Wann ist eine Sicherheitseinrichtung für Registrierkassen verpflichtend?
557,1,,9ae31c6f3fe4fec0,Eine in Frankreich wohnende Person vermietet eine in Innsbruck gelegene Eigentumswohnung. Sind diese Einkünfte in Österreich beschränkt steuerpflichtig?
557,2,,9ae31c6f3fe4fec0,Eine in Frankreich wohnende Person vermietet eine in Innsbruck gelegene Eigentumswohnung. Sind diese Einkünfte in Österreich beschränkt steuerpflichtig?
557,3,,9ae31c6f3fe4fec0,Eine in Frankreich wohnende Person vermietet eine in Innsbruck gelegene Eigentumswohnung. Sind diese Einkünfte in Österreich beschränkt steuerpflichtig?
558,1,,50d778995226920c,Ein Kommanditist gibt seiner KG ein Darlehen und erhält dafür Zinsen. Handelt es sich dabei um Zinseinkünfte?
558,2,,50d778995226920c,Ein Kommanditist gibt seiner KG ein Darlehen und erhält dafür Zinsen. Handelt es sich dabei um Zinseinkünfte?
558,3,,50d778995226920c,Ein Kommanditist gibt seiner KG ein Darlehen und erhält dafür Zinsen. Handelt es sich dabei um Zinseinkünfte?
559,1,,c0e9f3bf28a7fc15,"Ein in Schweden ansässiger Berater erbringt seine Leistung physisch im Ausland, der wirtschaftliche Erfolg soll aber unmittelbar der österreichischen Volkswirtschaft dienen. Kann die Tätigkeit in Österreich als verwertet gelten?"
559,2,,c0e9f3bf28a7fc15,"Ein in Schweden ansässiger Berater erbringt seine Leistung physisch im Ausland, der wirtschaftliche Erfolg soll aber unmittelbar der österreichischen Volkswirtschaft dienen. Kann die Tätigkeit in Österreich als verwertet gelten?"
559,3,,c0e9f3bf28a7fc15,"Ein in Schweden ansässiger Berater erbringt seine Leistung physisch im Ausland, der wirtschaftliche Erfolg soll aber unmittelbar der österreichischen Volkswirtschaft dienen. Kann die Tätigkeit in Österreich als verwertet gelten?"
560,1,,e4f27ebc01c3001f,Ein Kaufvertrag wird zwei Jahre nach Abschluss einvernehmlich rückgängig gemacht. Kann die bereits bezahlte Grunderwerbsteuer zurückgefordert werden?
560,2,,e4f27ebc01c3001f,Ein Kaufvertrag wird zwei Jahre nach Abschluss einvernehmlich rückgängig gemacht. Kann die bereits bezahlte Grunderwerbsteuer zurückgefordert werden?
560,3,,e4f27ebc01c3001f,Ein Kaufvertrag wird zwei Jahre nach Abschluss einvernehmlich rückgängig gemacht. Kann die bereits bezahlte Grunderwerbsteuer zurückgefordert werden?
561,1,,25f1677096c2c963,"Ein IT-Enthusiast betreibt in seinem Keller mehrere spezialisierte Hochleistungsrechner (Mining-Rigs), um die Kryptowährung Bitcoin zu schürfen. Er hat dafür einen eigenen Stromliefervertrag abgeschlossen, wartet die Geräte täglich und verkauft die geschürften Coins regelmäßig auf Börsen, um die laufenden Kosten zu decken und einen Überschuss zu erzielen. Ist diese Tätigkeit als Gewerbebetrieb nach § 23 EStG einzustufen?"
561,2,,25f1677096c2c963,"Ein IT-Enthusiast betreibt in seinem Keller mehrere spezialisierte Hochleistungsrechner (Mining-Rigs), um die Kryptowährung Bitcoin zu schürfen. Er hat dafür einen eigenen Stromliefervertrag abgeschlossen, wartet die Geräte täglich und verkauft die geschürften Coins regelmäßig auf Börsen, um die laufenden Kosten zu decken und einen Überschuss zu erzielen. Ist diese Tätigkeit als Gewerbebetrieb nach § 23 EStG einzustufen?"
561,3,,25f1677096c2c963,"Ein IT-Enthusiast betreibt in seinem Keller mehrere spezialisierte Hochleistungsrechner (Mining-Rigs), um die Kryptowährung Bitcoin zu schürfen. Er hat dafür einen eigenen Stromliefervertrag abgeschlossen, wartet die Geräte täglich und verkauft die geschürften Coins regelmäßig auf Börsen, um die laufenden Kosten zu decken und einen Überschuss zu erzielen. Ist diese Tätigkeit als Gewerbebetrieb nach § 23 EStG einzustufen?"
562,1,,2f468918472468ca,Wie werden Veräußerungsgewinne aus internationalen Schachtelbeteiligungen grundsätzlich behandelt?
562,2,,2f468918472468ca,Wie werden Veräußerungsgewinne aus internationalen Schachtelbeteiligungen grundsätzlich behandelt?
562,3,,2f468918472468ca,Wie werden Veräußerungsgewinne aus internationalen Schachtelbeteiligungen grundsätzlich behandelt?
563,1,,c784a5a518d08355,„Ein österreichisches Unternehmen vermietet Spezialwerkzeug an eine Privatperson in Brasilien. Wo gilt diese Leistung als ausgeführt?“
563,2,,c784a5a518d08355,„Ein österreichisches Unternehmen vermietet Spezialwerkzeug an eine Privatperson in Brasilien. Wo gilt diese Leistung als ausgeführt?“
563,3,,c784a5a518d08355,„Ein österreichisches Unternehmen vermietet Spezialwerkzeug an eine Privatperson in Brasilien. Wo gilt diese Leistung als ausgeführt?“
564,1,,152a73e53a6cb708,"Frau Berger erhält im April 2026 einen Airdrop von 10.000 Token des Projekts ‚AlphaDAO'. Bedingung für den Airdrop war, dass sie in der Vergangenheit das AlphaDAO-Protokoll genutzt hatte. Sie hat keinerlei Gegenleistung erbracht und keinen Token-Kauf getätigt. Der Token hat zum Zeitpunkt der Gutschrift auf ihrer Wallet einen Marktwert von EUR 2 pro Token. Frau Berger hält die Token sechs Monate und verkauft sie dann zu EUR 5 pro Token. Wie ist der Airdrop steuerlich einzuordnen, und wie berechnet sich der Veräußerungsgewinn?"
564,2,,152a73e53a6cb708,"Frau Berger erhält im April 2026 einen Airdrop von 10.000 Token des Projekts ‚AlphaDAO'. Bedingung für den Airdrop war, dass sie in der Vergangenheit das AlphaDAO-Protokoll genutzt hatte. Sie hat keinerlei Gegenleistung erbracht und keinen Token-Kauf getätigt. Der Token hat zum Zeitpunkt der Gutschrift auf ihrer Wallet einen Marktwert von EUR 2 pro Token. Frau Berger hält die Token sechs Monate und verkauft sie dann zu EUR 5 pro Token. Wie ist der Airdrop steuerlich einzuordnen, und wie berechnet sich der Veräußerungsgewinn?"
564,3,,152a73e53a6cb708,"Frau Berger erhält im April 2026 einen Airdrop von 10.000 Token des Projekts ‚AlphaDAO'. Bedingung für den Airdrop war, dass sie in der Vergangenheit das AlphaDAO-Protokoll genutzt hatte. Sie hat keinerlei Gegenleistung erbracht und keinen Token-Kauf getätigt. Der Token hat zum Zeitpunkt der Gutschrift auf ihrer Wallet einen Marktwert von EUR 2 pro Token. Frau Berger hält die Token sechs Monate und verkauft sie dann zu EUR 5 pro Token. Wie ist der Airdrop steuerlich einzuordnen, und wie berechnet sich der Veräußerungsgewinn?"
565,1,,17a28a55f694651d,Eine Person bezieht sowohl eine gesetzliche österreichische Pension als auch zusätzliche Unterstützungsleistungen aus einer Kammer‑Versorgungseinrichtung. Werden beide gleich versteuert?
565,2,,17a28a55f694651d,Eine Person bezieht sowohl eine gesetzliche österreichische Pension als auch zusätzliche Unterstützungsleistungen aus einer Kammer‑Versorgungseinrichtung. Werden beide gleich versteuert?
565,3,,17a28a55f694651d,Eine Person bezieht sowohl eine gesetzliche österreichische Pension als auch zusätzliche Unterstützungsleistungen aus einer Kammer‑Versorgungseinrichtung. Werden beide gleich versteuert?
566,1,,087229a1179eb4c0,"Herr Kohl hat im Privatvermögen Aktien der C-AG, die insolvent wird und liquidiert wird. Im Zuge der Liquidation erhält er als Aktionär eine Liquidationsquote von 2.000 Euro (Anschaffungskosten der Aktien: 9.000 Euro). Welche steuerlichen Konsequenzen ergeben sich nach § 27 EStG 1988?"
566,2,,087229a1179eb4c0,"Herr Kohl hat im Privatvermögen Aktien der C-AG, die insolvent wird und liquidiert wird. Im Zuge der Liquidation erhält er als Aktionär eine Liquidationsquote von 2.000 Euro (Anschaffungskosten der Aktien: 9.000 Euro). Welche steuerlichen Konsequenzen ergeben sich nach § 27 EStG 1988?"
566,3,,087229a1179eb4c0,"Herr Kohl hat im Privatvermögen Aktien der C-AG, die insolvent wird und liquidiert wird. Im Zuge der Liquidation erhält er als Aktionär eine Liquidationsquote von 2.000 Euro (Anschaffungskosten der Aktien: 9.000 Euro). Welche steuerlichen Konsequenzen ergeben sich nach § 27 EStG 1988?"
567,1,,b3d14c21fae88689,"Eine Unternehmensstiftung zahlt ehemaligen Mitarbeitern, die über 30 Jahre beschäftigt waren, jährlich einen „Treuebonus“. Ist das steuerpflichtig?"
567,2,,b3d14c21fae88689,"Eine Unternehmensstiftung zahlt ehemaligen Mitarbeitern, die über 30 Jahre beschäftigt waren, jährlich einen „Treuebonus“. Ist das steuerpflichtig?"
567,3,,b3d14c21fae88689,"Eine Unternehmensstiftung zahlt ehemaligen Mitarbeitern, die über 30 Jahre beschäftigt waren, jährlich einen „Treuebonus“. Ist das steuerpflichtig?"
568,1,,a5a74c79e513b96b,"Frau Berger erhält im April 2026 einen Airdrop von 10.000 Token des Projekts ‚AlphaDAO'. Bedingung für den Airdrop war, dass sie in der Vergangenheit das AlphaDAO-Protokoll genutzt hatte. Sie hat keinerlei Gegenleistung erbracht und keinen Token-Kauf getätigt. Der Token hat zum Zeitpunkt der Gutschrift auf ihrer Wallet einen Marktwert von EUR 2 pro Token. Frau Berger hält die Token sechs Monate und verkauft sie dann zu EUR 5 pro Token. Wie ist der Airdrop steuerlich einzuordnen, und wie berechnet sich der Veräußerungsgewinn?"
568,2,,a5a74c79e513b96b,"Frau Berger erhält im April 2026 einen Airdrop von 10.000 Token des Projekts ‚AlphaDAO'. Bedingung für den Airdrop war, dass sie in der Vergangenheit das AlphaDAO-Protokoll genutzt hatte. Sie hat keinerlei Gegenleistung erbracht und keinen Token-Kauf getätigt. Der Token hat zum Zeitpunkt der Gutschrift auf ihrer Wallet einen Marktwert von EUR 2 pro Token. Frau Berger hält die Token sechs Monate und verkauft sie dann zu EUR 5 pro Token. Wie ist der Airdrop steuerlich einzuordnen, und wie berechnet sich der Veräußerungsgewinn?"
568,3,,a5a74c79e513b96b,"Frau Berger erhält im April 2026 einen Airdrop von 10.000 Token des Projekts ‚AlphaDAO'. Bedingung für den Airdrop war, dass sie in der Vergangenheit das AlphaDAO-Protokoll genutzt hatte. Sie hat keinerlei Gegenleistung erbracht und keinen Token-Kauf getätigt. Der Token hat zum Zeitpunkt der Gutschrift auf ihrer Wallet einen Marktwert von EUR 2 pro Token. Frau Berger hält die Token sechs Monate und verkauft sie dann zu EUR 5 pro Token. Wie ist der Airdrop steuerlich einzuordnen, und wie berechnet sich der Veräußerungsgewinn?"
569,1,,6009dcd9fbc1eb5d,"Herr Frank hält im Privatvermögen Unternehmensanleihen bei einer österreichischen Bank. Er überträgt diese im Rahmen einer Umgründung (Einbringung seines Einzelunternehmens in eine GmbH gemäß UmgrStG) in das Betriebsvermögen der neu gegründeten GmbH. Er beauftragt die depotführende Stelle, dem Finanzamt innerhalb eines Monats die Daten zu melden. Gilt die Übertragung als Veräußerung?"
569,2,,6009dcd9fbc1eb5d,"Herr Frank hält im Privatvermögen Unternehmensanleihen bei einer österreichischen Bank. Er überträgt diese im Rahmen einer Umgründung (Einbringung seines Einzelunternehmens in eine GmbH gemäß UmgrStG) in das Betriebsvermögen der neu gegründeten GmbH. Er beauftragt die depotführende Stelle, dem Finanzamt innerhalb eines Monats die Daten zu melden. Gilt die Übertragung als Veräußerung?"
569,3,,6009dcd9fbc1eb5d,"Herr Frank hält im Privatvermögen Unternehmensanleihen bei einer österreichischen Bank. Er überträgt diese im Rahmen einer Umgründung (Einbringung seines Einzelunternehmens in eine GmbH gemäß UmgrStG) in das Betriebsvermögen der neu gegründeten GmbH. Er beauftragt die depotführende Stelle, dem Finanzamt innerhalb eines Monats die Daten zu melden. Gilt die Übertragung als Veräußerung?"
570,1,,8cb24b2d65a6eede,"Ein Arbeitgeber zahlt einem Mitarbeiter eine einmalige Entschädigungssumme aus, weil eine zugesagte Beförderung aufgrund eines Formfehlers nicht stattfand. Handelt es sich hierbei um steuerpflichtiges Arbeitseinkommen?"
570,2,,8cb24b2d65a6eede,"Ein Arbeitgeber zahlt einem Mitarbeiter eine einmalige Entschädigungssumme aus, weil eine zugesagte Beförderung aufgrund eines Formfehlers nicht stattfand. Handelt es sich hierbei um steuerpflichtiges Arbeitseinkommen?"
570,3,,8cb24b2d65a6eede,"Ein Arbeitgeber zahlt einem Mitarbeiter eine einmalige Entschädigungssumme aus, weil eine zugesagte Beförderung aufgrund eines Formfehlers nicht stattfand. Handelt es sich hierbei um steuerpflichtiges Arbeitseinkommen?"
571,1,,a15c2cc3fcf347c1,Was ist der Inhalt des Progressionsabgeltungsgesetzes 2025?
571,2,,a15c2cc3fcf347c1,Was ist der Inhalt des Progressionsabgeltungsgesetzes 2025?
571,3,,a15c2cc3fcf347c1,Was ist der Inhalt des Progressionsabgeltungsgesetzes 2025?
572,1,,c1d9fd0fbbc79814,Ein deutscher Energieversorger liefert Elektrizität an eine österreichische Papierfabrik in Linz. Die österreichische Abnehmerin ist kein Wiederverkäufer; sie verbraucht den Strom selbst in der Produktion. Liegt der Ort der Lieferung am Sitz des deutschen Lieferers?
572,2,,c1d9fd0fbbc79814,Ein deutscher Energieversorger liefert Elektrizität an eine österreichische Papierfabrik in Linz. Die österreichische Abnehmerin ist kein Wiederverkäufer; sie verbraucht den Strom selbst in der Produktion. Liegt der Ort der Lieferung am Sitz des deutschen Lieferers?
572,3,,c1d9fd0fbbc79814,Ein deutscher Energieversorger liefert Elektrizität an eine österreichische Papierfabrik in Linz. Die österreichische Abnehmerin ist kein Wiederverkäufer; sie verbraucht den Strom selbst in der Produktion. Liegt der Ort der Lieferung am Sitz des deutschen Lieferers?
573,1,,aaa92d6cf12e90be,"Was ist die ""Investitionsprämie"" im Zuge der COVID-Gesetze?"
573,2,,aaa92d6cf12e90be,"Was ist die ""Investitionsprämie"" im Zuge der COVID-Gesetze?"
573,3,,aaa92d6cf12e90be,"Was ist die ""Investitionsprämie"" im Zuge der COVID-Gesetze?"
574,1,,53a21c12e2771043,"Eine Kommanditistin einer florierenden Logistik-KG kauft privat eine leere Lagerhalle und vermietet diese dauerhaft an die KG, an der sie beteiligt ist. Sie erhält dafür eine marktübliche monatliche Miete. Sind das Einkünfte aus Vermietung und Verpachtung?"
574,2,,53a21c12e2771043,"Eine Kommanditistin einer florierenden Logistik-KG kauft privat eine leere Lagerhalle und vermietet diese dauerhaft an die KG, an der sie beteiligt ist. Sie erhält dafür eine marktübliche monatliche Miete. Sind das Einkünfte aus Vermietung und Verpachtung?"
574,3,,53a21c12e2771043,"Eine Kommanditistin einer florierenden Logistik-KG kauft privat eine leere Lagerhalle und vermietet diese dauerhaft an die KG, an der sie beteiligt ist. Sie erhält dafür eine marktübliche monatliche Miete. Sind das Einkünfte aus Vermietung und Verpachtung?"
575,1,,fee934353d1139de,"""Ein US-Unternehmen stellt einer österreichischen GmbH Speicherplatz in der Cloud zur Verfügung. Gilt hier das Prinzip des Wohnsitzes des Empfängers gemäß den Regeln für elektronische Dienstleistungen an Nichtunternehmer?"""
575,2,,fee934353d1139de,"""Ein US-Unternehmen stellt einer österreichischen GmbH Speicherplatz in der Cloud zur Verfügung. Gilt hier das Prinzip des Wohnsitzes des Empfängers gemäß den Regeln für elektronische Dienstleistungen an Nichtunternehmer?"""
575,3,,fee934353d1139de,"""Ein US-Unternehmen stellt einer österreichischen GmbH Speicherplatz in der Cloud zur Verfügung. Gilt hier das Prinzip des Wohnsitzes des Empfängers gemäß den Regeln für elektronische Dienstleistungen an Nichtunternehmer?"""
576,1,,cb4eeeb21291e03d,"""Ein Tourist aus Deutschland übernachtet in einem Wiener Hotel. Wo ist die Leistung steuerpflichtig?"""
576,2,,cb4eeeb21291e03d,"""Ein Tourist aus Deutschland übernachtet in einem Wiener Hotel. Wo ist die Leistung steuerpflichtig?"""
576,3,,cb4eeeb21291e03d,"""Ein Tourist aus Deutschland übernachtet in einem Wiener Hotel. Wo ist die Leistung steuerpflichtig?"""
577,1,,a8d8f631479ee331,Was sind Einnahmen nach § 15 EStG?
577,2,,a8d8f631479ee331,Was sind Einnahmen nach § 15 EStG?
577,3,,a8d8f631479ee331,Was sind Einnahmen nach § 15 EStG?
578,1,,0666b45d3f4a93dd,Eine in Frankreich wohnende Person vermietet eine in Innsbruck gelegene Eigentumswohnung. Sind diese Einkünfte in Österreich beschränkt steuerpflichtig?
578,2,,0666b45d3f4a93dd,Eine in Frankreich wohnende Person vermietet eine in Innsbruck gelegene Eigentumswohnung. Sind diese Einkünfte in Österreich beschränkt steuerpflichtig?
578,3,,0666b45d3f4a93dd,Eine in Frankreich wohnende Person vermietet eine in Innsbruck gelegene Eigentumswohnung. Sind diese Einkünfte in Österreich beschränkt steuerpflichtig?
579,1,,95842080b2ba87f6,"Ein Produzent übergibt Waren an einen Kommissionär, der sie im eigenen Namen, aber für Rechnung des Produzenten verkaufen soll. Die Waren befinden sich bereits im Lager des Kommissionärs, wurden aber noch nicht an den Endkunden verkauft. Gilt die Lieferung des Produzenten an den Kommissionär bereits als ausgeführt?"
579,2,,95842080b2ba87f6,"Ein Produzent übergibt Waren an einen Kommissionär, der sie im eigenen Namen, aber für Rechnung des Produzenten verkaufen soll. Die Waren befinden sich bereits im Lager des Kommissionärs, wurden aber noch nicht an den Endkunden verkauft. Gilt die Lieferung des Produzenten an den Kommissionär bereits als ausgeführt?"
579,3,,95842080b2ba87f6,"Ein Produzent übergibt Waren an einen Kommissionär, der sie im eigenen Namen, aber für Rechnung des Produzenten verkaufen soll. Die Waren befinden sich bereits im Lager des Kommissionärs, wurden aber noch nicht an den Endkunden verkauft. Gilt die Lieferung des Produzenten an den Kommissionär bereits als ausgeführt?"
580,1,,5d907d9776eca4f7,"""Was kann als ""sonstigen Leistung"" gelten, die nicht in einer Lieferung besteht?"""
580,2,,5d907d9776eca4f7,"""Was kann als ""sonstigen Leistung"" gelten, die nicht in einer Lieferung besteht?"""
580,3,,5d907d9776eca4f7,"""Was kann als ""sonstigen Leistung"" gelten, die nicht in einer Lieferung besteht?"""
581,1,,d3a0254cef0f548c,Welche Gemeinsamkeiten und Unterschiede bestehen zwischen einem Mantelkauf (§ 8 KStG) und dem Verlust von Verlustvorträgen bei Ausscheiden aus einer Gruppe (§ 9 KStG)?
581,2,,d3a0254cef0f548c,Welche Gemeinsamkeiten und Unterschiede bestehen zwischen einem Mantelkauf (§ 8 KStG) und dem Verlust von Verlustvorträgen bei Ausscheiden aus einer Gruppe (§ 9 KStG)?
581,3,,d3a0254cef0f548c,Welche Gemeinsamkeiten und Unterschiede bestehen zwischen einem Mantelkauf (§ 8 KStG) und dem Verlust von Verlustvorträgen bei Ausscheiden aus einer Gruppe (§ 9 KStG)?
582,1,,3f4d249e66716d00,"""Ein französischer Streaming-Anbieter verkauft ein Monatsabo für Filme an eine Privatperson, die in Wien lebt. Wo ist der Ort der Leistung für die Umsatzsteuer und warum?"""
582,2,,3f4d249e66716d00,"""Ein französischer Streaming-Anbieter verkauft ein Monatsabo für Filme an eine Privatperson, die in Wien lebt. Wo ist der Ort der Leistung für die Umsatzsteuer und warum?"""
582,3,,3f4d249e66716d00,"""Ein französischer Streaming-Anbieter verkauft ein Monatsabo für Filme an eine Privatperson, die in Wien lebt. Wo ist der Ort der Leistung für die Umsatzsteuer und warum?"""
583,1,,8e846004e3043ba1,Ein Vater schenkt seiner Tochter ein Grundstück mit einem Grundstückswert von 450.000 Euro. Wie hoch ist der Steuersatz für diesen Erwerb im Familienverband?
583,2,,8e846004e3043ba1,Ein Vater schenkt seiner Tochter ein Grundstück mit einem Grundstückswert von 450.000 Euro. Wie hoch ist der Steuersatz für diesen Erwerb im Familienverband?
583,3,,8e846004e3043ba1,Ein Vater schenkt seiner Tochter ein Grundstück mit einem Grundstückswert von 450.000 Euro. Wie hoch ist der Steuersatz für diesen Erwerb im Familienverband?
584,1,,324cdfe70b24129f,"""Ein Tourist aus Deutschland mietet ein Tiny House auf einem österreichischen Bauernhof für 3 Nächte. Wo ist die Leistung steuerpflichtig?"""
584,2,,324cdfe70b24129f,"""Ein Tourist aus Deutschland mietet ein Tiny House auf einem österreichischen Bauernhof für 3 Nächte. Wo ist die Leistung steuerpflichtig?"""
584,3,,324cdfe70b24129f,"""Ein Tourist aus Deutschland mietet ein Tiny House auf einem österreichischen Bauernhof für 3 Nächte. Wo ist die Leistung steuerpflichtig?"""
585,1,,71faf08a28dcea38,"Welche steuerliche Behandlung erfahren Zinsen für die Fremdfinanzierung einer Beteiligung, (a) wenn der Verkäufer konzernfremd ist und (b) wenn der Verkäufer die Muttergesellschaft ist?"
585,2,,71faf08a28dcea38,"Welche steuerliche Behandlung erfahren Zinsen für die Fremdfinanzierung einer Beteiligung, (a) wenn der Verkäufer konzernfremd ist und (b) wenn der Verkäufer die Muttergesellschaft ist?"
585,3,,71faf08a28dcea38,"Welche steuerliche Behandlung erfahren Zinsen für die Fremdfinanzierung einer Beteiligung, (a) wenn der Verkäufer konzernfremd ist und (b) wenn der Verkäufer die Muttergesellschaft ist?"
586,1,,85ebe14000533260,"Ein pensionierter Bäcker verkauft seine komplett eingerichtete Bäckerei samt Kundenstock an einen Nachfolger. Der Kaufpreis von 300.000 Euro wird vereinbarungsgemäß in monatlichen Raten über 10 Jahre abbezahlt. Stellen diese Zahlungen Einkünfte aus Gewerbebetrieb dar, obwohl der Bäcker nicht mehr arbeitet?"
586,2,,85ebe14000533260,"Ein pensionierter Bäcker verkauft seine komplett eingerichtete Bäckerei samt Kundenstock an einen Nachfolger. Der Kaufpreis von 300.000 Euro wird vereinbarungsgemäß in monatlichen Raten über 10 Jahre abbezahlt. Stellen diese Zahlungen Einkünfte aus Gewerbebetrieb dar, obwohl der Bäcker nicht mehr arbeitet?"
586,3,,85ebe14000533260,"Ein pensionierter Bäcker verkauft seine komplett eingerichtete Bäckerei samt Kundenstock an einen Nachfolger. Der Kaufpreis von 300.000 Euro wird vereinbarungsgemäß in monatlichen Raten über 10 Jahre abbezahlt. Stellen diese Zahlungen Einkünfte aus Gewerbebetrieb dar, obwohl der Bäcker nicht mehr arbeitet?"
587,1,,0b71aef88990659b,"Nach dem Tod eines Mannes erbt seine eingetragene Partnerin dessen Anteil an der gemeinsamen Eigentumswohnung (120 m² Wohnnutzfläche), in der beide bis zuletzt gelebt haben. Fällt für diesen Erwerb von Todes wegen Grunderwerbsteuer an?"
587,2,,0b71aef88990659b,"Nach dem Tod eines Mannes erbt seine eingetragene Partnerin dessen Anteil an der gemeinsamen Eigentumswohnung (120 m² Wohnnutzfläche), in der beide bis zuletzt gelebt haben. Fällt für diesen Erwerb von Todes wegen Grunderwerbsteuer an?"
587,3,,0b71aef88990659b,"Nach dem Tod eines Mannes erbt seine eingetragene Partnerin dessen Anteil an der gemeinsamen Eigentumswohnung (120 m² Wohnnutzfläche), in der beide bis zuletzt gelebt haben. Fällt für diesen Erwerb von Todes wegen Grunderwerbsteuer an?"
588,1,,1dec881d404a2aa9,"Eine Kommanditistin einer florierenden Logistik-KG kauft privat eine leere Lagerhalle und vermietet diese dauerhaft an die KG, an der sie beteiligt ist. Sie erhält dafür eine marktübliche monatliche Miete. Sind das Einkünfte aus Vermietung und Verpachtung?"
588,2,,1dec881d404a2aa9,"Eine Kommanditistin einer florierenden Logistik-KG kauft privat eine leere Lagerhalle und vermietet diese dauerhaft an die KG, an der sie beteiligt ist. Sie erhält dafür eine marktübliche monatliche Miete. Sind das Einkünfte aus Vermietung und Verpachtung?"
588,3,,1dec881d404a2aa9,"Eine Kommanditistin einer florierenden Logistik-KG kauft privat eine leere Lagerhalle und vermietet diese dauerhaft an die KG, an der sie beteiligt ist. Sie erhält dafür eine marktübliche monatliche Miete. Sind das Einkünfte aus Vermietung und Verpachtung?"
589,1,,a5492775960ef1a7,Die Ehefrau eines Gesellschafters einer offenen Gesellschaft (OG) gewährt der OG aus ihrem privaten Ersparten ein Darlehen und erhält dafür Zinsen. Die Ehefrau selbst ist nicht an der OG beteiligt. Handelt es sich bei den Zinsen um Einkünfte aus Gewerbebetrieb nach § 23 Z 2 EStG?
589,2,,a5492775960ef1a7,Die Ehefrau eines Gesellschafters einer offenen Gesellschaft (OG) gewährt der OG aus ihrem privaten Ersparten ein Darlehen und erhält dafür Zinsen. Die Ehefrau selbst ist nicht an der OG beteiligt. Handelt es sich bei den Zinsen um Einkünfte aus Gewerbebetrieb nach § 23 Z 2 EStG?
589,3,,a5492775960ef1a7,Die Ehefrau eines Gesellschafters einer offenen Gesellschaft (OG) gewährt der OG aus ihrem privaten Ersparten ein Darlehen und erhält dafür Zinsen. Die Ehefrau selbst ist nicht an der OG beteiligt. Handelt es sich bei den Zinsen um Einkünfte aus Gewerbebetrieb nach § 23 Z 2 EStG?
590,1,,e6788b94e7d6c45f,"Ein ehemaliger Mitarbeiter erhält regelmäßige Zahlungen aus einer betrieblichen Privatstiftung, die von seinem ehemaligen Arbeitgeber gegründet wurde. Sind diese Zahlungen steuerpflichtig?"
590,2,,e6788b94e7d6c45f,"Ein ehemaliger Mitarbeiter erhält regelmäßige Zahlungen aus einer betrieblichen Privatstiftung, die von seinem ehemaligen Arbeitgeber gegründet wurde. Sind diese Zahlungen steuerpflichtig?"
590,3,,e6788b94e7d6c45f,"Ein ehemaliger Mitarbeiter erhält regelmäßige Zahlungen aus einer betrieblichen Privatstiftung, die von seinem ehemaligen Arbeitgeber gegründet wurde. Sind diese Zahlungen steuerpflichtig?"
591,1,,177c6f32706eb4db,"Herr und Frau Maier betreiben seit 2024 gemeinsam Krypto-Staking. Sie haben ein gemeinsames Wallet, in dem 100 ETH gehalten werden. Die ETH wurden jeweils zur Hälfte von beiden angeschafft (Herr Maier: 50 ETH zu EUR 2.000/Stück, Frau Maier: 50 ETH zu EUR 3.500/Stück). Im Jahr 2026 werden 8 ETH als Staking-Rewards gutgeschrieben (Marktwert bei Zufluss: EUR 3.200/ETH). Kurz darauf verkauft Herr Maier 30 ETH aus dem gemeinsamen Wallet zu EUR 3.300/ETH. Die Eheleute haben keine schriftliche Vereinbarung über die interne Zuordnung der Rewards oder über die Reihenfolge der Veräußerung. Wem sind die Staking-Rewards zuzurechnen, und wie bestimmen sich die Anschaffungskosten der veräußerten 30 ETH?"
591,2,,177c6f32706eb4db,"Herr und Frau Maier betreiben seit 2024 gemeinsam Krypto-Staking. Sie haben ein gemeinsames Wallet, in dem 100 ETH gehalten werden. Die ETH wurden jeweils zur Hälfte von beiden angeschafft (Herr Maier: 50 ETH zu EUR 2.000/Stück, Frau Maier: 50 ETH zu EUR 3.500/Stück). Im Jahr 2026 werden 8 ETH als Staking-Rewards gutgeschrieben (Marktwert bei Zufluss: EUR 3.200/ETH). Kurz darauf verkauft Herr Maier 30 ETH aus dem gemeinsamen Wallet zu EUR 3.300/ETH. Die Eheleute haben keine schriftliche Vereinbarung über die interne Zuordnung der Rewards oder über die Reihenfolge der Veräußerung. Wem sind die Staking-Rewards zuzurechnen, und wie bestimmen sich die Anschaffungskosten der veräußerten 30 ETH?"
591,3,,177c6f32706eb4db,"Herr und Frau Maier betreiben seit 2024 gemeinsam Krypto-Staking. Sie haben ein gemeinsames Wallet, in dem 100 ETH gehalten werden. Die ETH wurden jeweils zur Hälfte von beiden angeschafft (Herr Maier: 50 ETH zu EUR 2.000/Stück, Frau Maier: 50 ETH zu EUR 3.500/Stück). Im Jahr 2026 werden 8 ETH als Staking-Rewards gutgeschrieben (Marktwert bei Zufluss: EUR 3.200/ETH). Kurz darauf verkauft Herr Maier 30 ETH aus dem gemeinsamen Wallet zu EUR 3.300/ETH. Die Eheleute haben keine schriftliche Vereinbarung über die interne Zuordnung der Rewards oder über die Reihenfolge der Veräußerung. Wem sind die Staking-Rewards zuzurechnen, und wie bestimmen sich die Anschaffungskosten der veräußerten 30 ETH?"
592,1,,40b493155c873802,"Frau Kern betreibt seit 2025 Staking auf der Polkadot-Blockchain. Ihre Staking-Rewards werden im Polkadot-Netzwerk automatisch re-staked (‚Compounding'), d.h. die Rewards werden ohne aktives Zutun direkt wieder dem Staking zugeführt. Im Jahr 2026 hätte Frau Kern insgesamt 500 DOT an Rewards erhalten, die alle automatisch re-staked wurden. Sie hat die Rewards nie in ihrer frei verfügbaren Wallet erhalten. Der Marktwert der 500 DOT zum jeweiligen Gutschriftzeitpunkt beträgt insgesamt EUR 3.400. Im Dezember 2026 beendet Frau Kern das Staking und erhält alle Token (inklusive der re-stakten Rewards) auf ihre Wallet. Zu welchem Zeitpunkt sind die Staking-Einkünfte steuerpflichtig – bei automatischem Re-Staking oder erst bei Beendigung und Auszahlung auf die Wallet?"
592,2,,40b493155c873802,"Frau Kern betreibt seit 2025 Staking auf der Polkadot-Blockchain. Ihre Staking-Rewards werden im Polkadot-Netzwerk automatisch re-staked (‚Compounding'), d.h. die Rewards werden ohne aktives Zutun direkt wieder dem Staking zugeführt. Im Jahr 2026 hätte Frau Kern insgesamt 500 DOT an Rewards erhalten, die alle automatisch re-staked wurden. Sie hat die Rewards nie in ihrer frei verfügbaren Wallet erhalten. Der Marktwert der 500 DOT zum jeweiligen Gutschriftzeitpunkt beträgt insgesamt EUR 3.400. Im Dezember 2026 beendet Frau Kern das Staking und erhält alle Token (inklusive der re-stakten Rewards) auf ihre Wallet. Zu welchem Zeitpunkt sind die Staking-Einkünfte steuerpflichtig – bei automatischem Re-Staking oder erst bei Beendigung und Auszahlung auf die Wallet?"
592,3,,40b493155c873802,"Frau Kern betreibt seit 2025 Staking auf der Polkadot-Blockchain. Ihre Staking-Rewards werden im Polkadot-Netzwerk automatisch re-staked (‚Compounding'), d.h. die Rewards werden ohne aktives Zutun direkt wieder dem Staking zugeführt. Im Jahr 2026 hätte Frau Kern insgesamt 500 DOT an Rewards erhalten, die alle automatisch re-staked wurden. Sie hat die Rewards nie in ihrer frei verfügbaren Wallet erhalten. Der Marktwert der 500 DOT zum jeweiligen Gutschriftzeitpunkt beträgt insgesamt EUR 3.400. Im Dezember 2026 beendet Frau Kern das Staking und erhält alle Token (inklusive der re-stakten Rewards) auf ihre Wallet. Zu welchem Zeitpunkt sind die Staking-Einkünfte steuerpflichtig – bei automatischem Re-Staking oder erst bei Beendigung und Auszahlung auf die Wallet?"
593,1,,b8eaf09291f316bf,"""Touristen aus Österreich kaufen bei einer Buchmesse in Paris, Frankreich Bücher im Wert von 70 Euro. Wo ist die Leistung steuerpflichtig?"" "
593,2,,b8eaf09291f316bf,"""Touristen aus Österreich kaufen bei einer Buchmesse in Paris, Frankreich Bücher im Wert von 70 Euro. Wo ist die Leistung steuerpflichtig?"" "
593,3,,b8eaf09291f316bf,"""Touristen aus Österreich kaufen bei einer Buchmesse in Paris, Frankreich Bücher im Wert von 70 Euro. Wo ist die Leistung steuerpflichtig?"" "
594,1,,7c5b854920de4749,"""Ein französischer Streaming-Anbieter verkauft ein Monatsabo für Filme an eine Privatperson, die in Wien lebt. Wo ist der Ort der Leistung für die Umsatzsteuer und warum?"""
594,2,,7c5b854920de4749,"""Ein französischer Streaming-Anbieter verkauft ein Monatsabo für Filme an eine Privatperson, die in Wien lebt. Wo ist der Ort der Leistung für die Umsatzsteuer und warum?"""
594,3,,7c5b854920de4749,"""Ein französischer Streaming-Anbieter verkauft ein Monatsabo für Filme an eine Privatperson, die in Wien lebt. Wo ist der Ort der Leistung für die Umsatzsteuer und warum?"""
595,1,,f1359180c0829770,"""Eine Personengemeinschaft, bestehend aus Frau Becker und Herrn Wagner, betreibt gemeinsam eine Konditorei. Die Gemeinschaft besitzt ein Firmenfahrrad, für das beim Kauf vollständig Vorsteuerabzug geltend gemacht wurde. Frau Becker hat das Fahrrad für einen privaten Einkaufsbummel benutzt. Muss die Personengemeinschaft etwas versteuern?"""
595,2,,f1359180c0829770,"""Eine Personengemeinschaft, bestehend aus Frau Becker und Herrn Wagner, betreibt gemeinsam eine Konditorei. Die Gemeinschaft besitzt ein Firmenfahrrad, für das beim Kauf vollständig Vorsteuerabzug geltend gemacht wurde. Frau Becker hat das Fahrrad für einen privaten Einkaufsbummel benutzt. Muss die Personengemeinschaft etwas versteuern?"""
595,3,,f1359180c0829770,"""Eine Personengemeinschaft, bestehend aus Frau Becker und Herrn Wagner, betreibt gemeinsam eine Konditorei. Die Gemeinschaft besitzt ein Firmenfahrrad, für das beim Kauf vollständig Vorsteuerabzug geltend gemacht wurde. Frau Becker hat das Fahrrad für einen privaten Einkaufsbummel benutzt. Muss die Personengemeinschaft etwas versteuern?"""
596,1,,33f3af74f384a5f3,Ein Arzt betreibt seine Ordination als Einzelunternehmer und erzielt daraus Einkünfte. Liegen Einkünfte aus Gewerbebetrieb vor?
596,2,,33f3af74f384a5f3,Ein Arzt betreibt seine Ordination als Einzelunternehmer und erzielt daraus Einkünfte. Liegen Einkünfte aus Gewerbebetrieb vor?
596,3,,33f3af74f384a5f3,Ein Arzt betreibt seine Ordination als Einzelunternehmer und erzielt daraus Einkünfte. Liegen Einkünfte aus Gewerbebetrieb vor?
597,1,,6afed9e09ce74974,"Welche Aspekte der §§ 7–12 KStG sind zu prüfen, wenn eine GmbH 60 % einer anderen GmbH von einem konzernfremden Dritten erwirbt und eine Gruppe bilden möchte?"
597,2,,6afed9e09ce74974,"Welche Aspekte der §§ 7–12 KStG sind zu prüfen, wenn eine GmbH 60 % einer anderen GmbH von einem konzernfremden Dritten erwirbt und eine Gruppe bilden möchte?"
597,3,,6afed9e09ce74974,"Welche Aspekte der §§ 7–12 KStG sind zu prüfen, wenn eine GmbH 60 % einer anderen GmbH von einem konzernfremden Dritten erwirbt und eine Gruppe bilden möchte?"
598,1,,8456d560ce4321fa,"""Ein Tourist aus Deutschland bucht ein Airbnb in Österreich. Wo ist die Leistung steuerpflichtig?"""
598,2,,8456d560ce4321fa,"""Ein Tourist aus Deutschland bucht ein Airbnb in Österreich. Wo ist die Leistung steuerpflichtig?"""
598,3,,8456d560ce4321fa,"""Ein Tourist aus Deutschland bucht ein Airbnb in Österreich. Wo ist die Leistung steuerpflichtig?"""
599,1,,2b453c07f69b8a8b,"Herr Koller betreibt seit 2022 Ethereum-Staking über einen dezentralen Staking-Pool. Im Jänner 2026 werden ihm 1,8 ETH als Staking-Rewards gutgeschrieben, die jedoch aufgrund der Pool-Mechanik erst nach einer 21-tägigen Unbonding-Periode tatsächlich verfügbar sind. Der Marktpreis bei Gutschrift beträgt EUR 3.200 pro ETH, bei tatsächlicher Verfügbarkeit 14 Tage später EUR 3.450 pro ETH. Herr Koller verkauft die 1,8 ETH sofort nach Ende der Unbonding-Periode. Wann entsteht die Steuerpflicht für die Staking-Rewards, und wie hoch sind die Einkünfte aus dem Staking bzw. aus der späteren Veräußerung?"
599,2,,2b453c07f69b8a8b,"Herr Koller betreibt seit 2022 Ethereum-Staking über einen dezentralen Staking-Pool. Im Jänner 2026 werden ihm 1,8 ETH als Staking-Rewards gutgeschrieben, die jedoch aufgrund der Pool-Mechanik erst nach einer 21-tägigen Unbonding-Periode tatsächlich verfügbar sind. Der Marktpreis bei Gutschrift beträgt EUR 3.200 pro ETH, bei tatsächlicher Verfügbarkeit 14 Tage später EUR 3.450 pro ETH. Herr Koller verkauft die 1,8 ETH sofort nach Ende der Unbonding-Periode. Wann entsteht die Steuerpflicht für die Staking-Rewards, und wie hoch sind die Einkünfte aus dem Staking bzw. aus der späteren Veräußerung?"
599,3,,2b453c07f69b8a8b,"Herr Koller betreibt seit 2022 Ethereum-Staking über einen dezentralen Staking-Pool. Im Jänner 2026 werden ihm 1,8 ETH als Staking-Rewards gutgeschrieben, die jedoch aufgrund der Pool-Mechanik erst nach einer 21-tägigen Unbonding-Periode tatsächlich verfügbar sind. Der Marktpreis bei Gutschrift beträgt EUR 3.200 pro ETH, bei tatsächlicher Verfügbarkeit 14 Tage später EUR 3.450 pro ETH. Herr Koller verkauft die 1,8 ETH sofort nach Ende der Unbonding-Periode. Wann entsteht die Steuerpflicht für die Staking-Rewards, und wie hoch sind die Einkünfte aus dem Staking bzw. aus der späteren Veräußerung?"
600,1,,0cc0a5f5649254bd,"Zwei Miteigentümer teilen ein Grundstück auf. Einer erhält jedoch ein deutlich wertvolleres Teilgrundstück, als es seinem bisherigen Bruchteil entspricht. Ist die gesamte Teilung steuerfrei?"
600,2,,0cc0a5f5649254bd,"Zwei Miteigentümer teilen ein Grundstück auf. Einer erhält jedoch ein deutlich wertvolleres Teilgrundstück, als es seinem bisherigen Bruchteil entspricht. Ist die gesamte Teilung steuerfrei?"
600,3,,0cc0a5f5649254bd,"Zwei Miteigentümer teilen ein Grundstück auf. Einer erhält jedoch ein deutlich wertvolleres Teilgrundstück, als es seinem bisherigen Bruchteil entspricht. Ist die gesamte Teilung steuerfrei?"
601,1,,fc73b146090fabc3,"Ein Auftraggeber übergibt einem Unternehmer Feingold zur Herstellung eines Schmuckstücks. Statt genau aus diesem Gold zu arbeiten, überlässt der Unternehmer dem Auftraggeber aus seinem eigenen Bestand ein gleichartiges fertiges Schmuckstück, wie er es typischerweise aus solchem Stoff herstellt. Das Entgelt wird als reiner Werklohn berechnet und hängt nicht vom Unterschied zwischen dem Marktpreis des empfangenen Goldes und jenem des überlassenen Schmuckstücks ab. Liegt eine Lieferung oder eine sonstige Leistung vor?"
601,2,,fc73b146090fabc3,"Ein Auftraggeber übergibt einem Unternehmer Feingold zur Herstellung eines Schmuckstücks. Statt genau aus diesem Gold zu arbeiten, überlässt der Unternehmer dem Auftraggeber aus seinem eigenen Bestand ein gleichartiges fertiges Schmuckstück, wie er es typischerweise aus solchem Stoff herstellt. Das Entgelt wird als reiner Werklohn berechnet und hängt nicht vom Unterschied zwischen dem Marktpreis des empfangenen Goldes und jenem des überlassenen Schmuckstücks ab. Liegt eine Lieferung oder eine sonstige Leistung vor?"
601,3,,fc73b146090fabc3,"Ein Auftraggeber übergibt einem Unternehmer Feingold zur Herstellung eines Schmuckstücks. Statt genau aus diesem Gold zu arbeiten, überlässt der Unternehmer dem Auftraggeber aus seinem eigenen Bestand ein gleichartiges fertiges Schmuckstück, wie er es typischerweise aus solchem Stoff herstellt. Das Entgelt wird als reiner Werklohn berechnet und hängt nicht vom Unterschied zwischen dem Marktpreis des empfangenen Goldes und jenem des überlassenen Schmuckstücks ab. Liegt eine Lieferung oder eine sonstige Leistung vor?"
602,1,,271e002a4dfad0b6,Wann sind Gewinnanteile aus ausländischen Schachtelbeteiligungen trotz § 10 KStG steuerpflichtig?
602,2,,271e002a4dfad0b6,Wann sind Gewinnanteile aus ausländischen Schachtelbeteiligungen trotz § 10 KStG steuerpflichtig?
602,3,,271e002a4dfad0b6,Wann sind Gewinnanteile aus ausländischen Schachtelbeteiligungen trotz § 10 KStG steuerpflichtig?
603,1,,c46d44c58582f31e,Unterliegt ein Import eines PKW aus der EU der NoVA?
603,2,,c46d44c58582f31e,Unterliegt ein Import eines PKW aus der EU der NoVA?
603,3,,c46d44c58582f31e,Unterliegt ein Import eines PKW aus der EU der NoVA?
604,1,,8256ebed9087f46b,"Frau Lang erhält von ihrer österreichischen Privatstiftung eine Zuwendung in Form einer Immobilie (Verkehrswert: 300.000 Euro, Anschaffungskosten in der Stiftung: 200.000 Euro). Gleichzeitig übernimmt Frau Lang eine auf der Immobilie lastende Hypothek von 80.000 Euro. Wie ist die Zuwendung nach § 27 EStG 1988 zu behandeln?"
604,2,,8256ebed9087f46b,"Frau Lang erhält von ihrer österreichischen Privatstiftung eine Zuwendung in Form einer Immobilie (Verkehrswert: 300.000 Euro, Anschaffungskosten in der Stiftung: 200.000 Euro). Gleichzeitig übernimmt Frau Lang eine auf der Immobilie lastende Hypothek von 80.000 Euro. Wie ist die Zuwendung nach § 27 EStG 1988 zu behandeln?"
604,3,,8256ebed9087f46b,"Frau Lang erhält von ihrer österreichischen Privatstiftung eine Zuwendung in Form einer Immobilie (Verkehrswert: 300.000 Euro, Anschaffungskosten in der Stiftung: 200.000 Euro). Gleichzeitig übernimmt Frau Lang eine auf der Immobilie lastende Hypothek von 80.000 Euro. Wie ist die Zuwendung nach § 27 EStG 1988 zu behandeln?"
605,1,,8ddd5ecfb5952b1d,"""Ein deutsches Unternehmen bietet einen Online-Kochkurs für Privatpersonen in Österreich an. Wo ist die Leistung steuerpflichtig?"""
605,2,,8ddd5ecfb5952b1d,"""Ein deutsches Unternehmen bietet einen Online-Kochkurs für Privatpersonen in Österreich an. Wo ist die Leistung steuerpflichtig?"""
605,3,,8ddd5ecfb5952b1d,"""Ein deutsches Unternehmen bietet einen Online-Kochkurs für Privatpersonen in Österreich an. Wo ist die Leistung steuerpflichtig?"""
606,1,,d47d45277ac9fb94,"Ein Gesellschafter mit einer Beteiligung von über 25% an einem Unternehmen bekommt ein Elektroauto sowohl für private als auch berufliche Fahrten zur Verfügung gestellt. Da er das Auto auch privat nutzt, müssen die Privatfahrten als steuerpflichtiger Sachbezug angesetzt werden?"
606,2,,d47d45277ac9fb94,"Ein Gesellschafter mit einer Beteiligung von über 25% an einem Unternehmen bekommt ein Elektroauto sowohl für private als auch berufliche Fahrten zur Verfügung gestellt. Da er das Auto auch privat nutzt, müssen die Privatfahrten als steuerpflichtiger Sachbezug angesetzt werden?"
606,3,,d47d45277ac9fb94,"Ein Gesellschafter mit einer Beteiligung von über 25% an einem Unternehmen bekommt ein Elektroauto sowohl für private als auch berufliche Fahrten zur Verfügung gestellt. Da er das Auto auch privat nutzt, müssen die Privatfahrten als steuerpflichtiger Sachbezug angesetzt werden?"
607,1,,c54f33f9249321c0,"Was passiert steuerlich, wenn ein ausländisches Gruppenmitglied die Unternehmensgruppe verlässt und zuvor zugerechnete Verluste im Ausland noch nicht verrechnet wurden?"
607,2,,c54f33f9249321c0,"Was passiert steuerlich, wenn ein ausländisches Gruppenmitglied die Unternehmensgruppe verlässt und zuvor zugerechnete Verluste im Ausland noch nicht verrechnet wurden?"
607,3,,c54f33f9249321c0,"Was passiert steuerlich, wenn ein ausländisches Gruppenmitglied die Unternehmensgruppe verlässt und zuvor zugerechnete Verluste im Ausland noch nicht verrechnet wurden?"
608,1,,a8d48904b45c905e,"Kann eine Person die Zuzugsbegünstigung erhalten, wenn sie erst vor weniger als fünf Jahren aus Österreich weggezogen ist und nun zurückkehrt?"
608,2,,a8d48904b45c905e,"Kann eine Person die Zuzugsbegünstigung erhalten, wenn sie erst vor weniger als fünf Jahren aus Österreich weggezogen ist und nun zurückkehrt?"
608,3,,a8d48904b45c905e,"Kann eine Person die Zuzugsbegünstigung erhalten, wenn sie erst vor weniger als fünf Jahren aus Österreich weggezogen ist und nun zurückkehrt?"
609,1,,e0d888b01c6b018f,Firma A stellt seiner Mitarbeiterin ein elektrisch betriebenes Auto zur Verfügung. Die Mitarbeiterin lädt das Auto bei einer öffentlichen Ladestation und gibt ihrem Arbeitgeber den Beleg mit den Kosten in der Höhe von 25 €. Dieser erstattet ihr diese. Liegt ein steuerpflichtiger Sachbezug vor?
609,2,,e0d888b01c6b018f,Firma A stellt seiner Mitarbeiterin ein elektrisch betriebenes Auto zur Verfügung. Die Mitarbeiterin lädt das Auto bei einer öffentlichen Ladestation und gibt ihrem Arbeitgeber den Beleg mit den Kosten in der Höhe von 25 €. Dieser erstattet ihr diese. Liegt ein steuerpflichtiger Sachbezug vor?
609,3,,e0d888b01c6b018f,Firma A stellt seiner Mitarbeiterin ein elektrisch betriebenes Auto zur Verfügung. Die Mitarbeiterin lädt das Auto bei einer öffentlichen Ladestation und gibt ihrem Arbeitgeber den Beleg mit den Kosten in der Höhe von 25 €. Dieser erstattet ihr diese. Liegt ein steuerpflichtiger Sachbezug vor?
610,1,,815cdcbf78720a7e,Ein Gesellschafter einer Bau-Offenen-Gesellschaft (OG) arbeitet zusätzlich stundenweise als Bauleiter auf den Baustellen der OG und erhält dafür einen tariflichen Stundenlohn ausbezahlt. Kann er diese Einkünfte als Einkünfte aus nichtselbstständiger Arbeit (Lohnsteuer) geltend machen?
610,2,,815cdcbf78720a7e,Ein Gesellschafter einer Bau-Offenen-Gesellschaft (OG) arbeitet zusätzlich stundenweise als Bauleiter auf den Baustellen der OG und erhält dafür einen tariflichen Stundenlohn ausbezahlt. Kann er diese Einkünfte als Einkünfte aus nichtselbstständiger Arbeit (Lohnsteuer) geltend machen?
610,3,,815cdcbf78720a7e,Ein Gesellschafter einer Bau-Offenen-Gesellschaft (OG) arbeitet zusätzlich stundenweise als Bauleiter auf den Baustellen der OG und erhält dafür einen tariflichen Stundenlohn ausbezahlt. Kann er diese Einkünfte als Einkünfte aus nichtselbstständiger Arbeit (Lohnsteuer) geltend machen?
611,1,,7a3c68b6ce788b97,"""Ein italienischer Musiker streamt live eine ""Gondelfahrt"" durch Venedig für eine Privatperson in Wien, inklusive interaktiver Q&A. Wo ist die Leistung steuerpflichtig?"""
611,2,,7a3c68b6ce788b97,"""Ein italienischer Musiker streamt live eine ""Gondelfahrt"" durch Venedig für eine Privatperson in Wien, inklusive interaktiver Q&A. Wo ist die Leistung steuerpflichtig?"""
611,3,,7a3c68b6ce788b97,"""Ein italienischer Musiker streamt live eine ""Gondelfahrt"" durch Venedig für eine Privatperson in Wien, inklusive interaktiver Q&A. Wo ist die Leistung steuerpflichtig?"""
612,1,,93e6f2c31dbc8b8e,Werden bei der laufenden Lohnsteuerberechnung für beschränkt lohnsteuerpflichtige Arbeitnehmer dieselben Absetzbeträge berücksichtigt wie bei unbeschränkt Steuerpflichtigen?
612,2,,93e6f2c31dbc8b8e,Werden bei der laufenden Lohnsteuerberechnung für beschränkt lohnsteuerpflichtige Arbeitnehmer dieselben Absetzbeträge berücksichtigt wie bei unbeschränkt Steuerpflichtigen?
612,3,,93e6f2c31dbc8b8e,Werden bei der laufenden Lohnsteuerberechnung für beschränkt lohnsteuerpflichtige Arbeitnehmer dieselben Absetzbeträge berücksichtigt wie bei unbeschränkt Steuerpflichtigen?
613,1,,7011b2fc275189db,"Welche Normen sind einschlägig, wenn eine Körperschaft eine internationale Schachtelbeteiligung veräußert und gleichzeitig Vorjahresverluste bestehen?"
613,2,,7011b2fc275189db,"Welche Normen sind einschlägig, wenn eine Körperschaft eine internationale Schachtelbeteiligung veräußert und gleichzeitig Vorjahresverluste bestehen?"
613,3,,7011b2fc275189db,"Welche Normen sind einschlägig, wenn eine Körperschaft eine internationale Schachtelbeteiligung veräußert und gleichzeitig Vorjahresverluste bestehen?"
614,1,,67d5da3dcaae2652,Herr Gruber zieht von Österreich in die Schweiz (Nicht-EU/EWR-Staat) und besitzt dabei im Privatvermögen Aktien mit stillen Reserven von 20.000 Euro sowie einen Future-Kontrakt mit einem latenten Gewinn von 5.000 Euro. Welche steuerlichen Konsequenzen hat der Wegzug nach § 27 EStG 1988?
614,2,,67d5da3dcaae2652,Herr Gruber zieht von Österreich in die Schweiz (Nicht-EU/EWR-Staat) und besitzt dabei im Privatvermögen Aktien mit stillen Reserven von 20.000 Euro sowie einen Future-Kontrakt mit einem latenten Gewinn von 5.000 Euro. Welche steuerlichen Konsequenzen hat der Wegzug nach § 27 EStG 1988?
614,3,,67d5da3dcaae2652,Herr Gruber zieht von Österreich in die Schweiz (Nicht-EU/EWR-Staat) und besitzt dabei im Privatvermögen Aktien mit stillen Reserven von 20.000 Euro sowie einen Future-Kontrakt mit einem latenten Gewinn von 5.000 Euro. Welche steuerlichen Konsequenzen hat der Wegzug nach § 27 EStG 1988?
615,1,,53056e40aa800496,"Ein Produzent übergibt Waren an einen Kommissionär, der sie im eigenen Namen, aber für Rechnung des Produzenten verkaufen soll. Die Waren befinden sich bereits im Lager des Kommissionärs, wurden aber noch nicht an den Endkunden verkauft. Gilt die Lieferung des Produzenten an den Kommissionär bereits als ausgeführt?"
615,2,,53056e40aa800496,"Ein Produzent übergibt Waren an einen Kommissionär, der sie im eigenen Namen, aber für Rechnung des Produzenten verkaufen soll. Die Waren befinden sich bereits im Lager des Kommissionärs, wurden aber noch nicht an den Endkunden verkauft. Gilt die Lieferung des Produzenten an den Kommissionär bereits als ausgeführt?"
615,3,,53056e40aa800496,"Ein Produzent übergibt Waren an einen Kommissionär, der sie im eigenen Namen, aber für Rechnung des Produzenten verkaufen soll. Die Waren befinden sich bereits im Lager des Kommissionärs, wurden aber noch nicht an den Endkunden verkauft. Gilt die Lieferung des Produzenten an den Kommissionär bereits als ausgeführt?"
616,1,,8edc10ff63770896,Welche Einschränkung gilt für den Betriebsausgabenabzug bei nur teilweise steuerpflichtigen Körperschaften?
616,2,,8edc10ff63770896,Welche Einschränkung gilt für den Betriebsausgabenabzug bei nur teilweise steuerpflichtigen Körperschaften?
616,3,,8edc10ff63770896,Welche Einschränkung gilt für den Betriebsausgabenabzug bei nur teilweise steuerpflichtigen Körperschaften?
617,1,,509bdb48177bb0f7,Eine Person hält sich über mehrere Monate überwiegend in Österreich auf und reist zwischendurch für kurze Projekteinsätze ins Ausland. Unterbrechen diese kurzfristigen Auslandsaufenthalte den gewöhnlichen Aufenthalt automatisch?
617,2,,509bdb48177bb0f7,Eine Person hält sich über mehrere Monate überwiegend in Österreich auf und reist zwischendurch für kurze Projekteinsätze ins Ausland. Unterbrechen diese kurzfristigen Auslandsaufenthalte den gewöhnlichen Aufenthalt automatisch?
617,3,,509bdb48177bb0f7,Eine Person hält sich über mehrere Monate überwiegend in Österreich auf und reist zwischendurch für kurze Projekteinsätze ins Ausland. Unterbrechen diese kurzfristigen Auslandsaufenthalte den gewöhnlichen Aufenthalt automatisch?
618,1,,50ed9be2d9b3b2d8,"Eine Person erhält ein arbeitsunabhängiges Einkommensersatzgeld, das nicht von einem bestimmten Arbeitgeber stammt. Fällt das unter § 25 EStG 1988?"
618,2,,50ed9be2d9b3b2d8,"Eine Person erhält ein arbeitsunabhängiges Einkommensersatzgeld, das nicht von einem bestimmten Arbeitgeber stammt. Fällt das unter § 25 EStG 1988?"
618,3,,50ed9be2d9b3b2d8,"Eine Person erhält ein arbeitsunabhängiges Einkommensersatzgeld, das nicht von einem bestimmten Arbeitgeber stammt. Fällt das unter § 25 EStG 1988?"
619,1,,175c5653faf47d52,Ein deutscher Energieversorger liefert Elektrizität an eine österreichische Papierfabrik in Linz. Die österreichische Abnehmerin ist kein Wiederverkäufer; sie verbraucht den Strom selbst in der Produktion. Liegt der Ort der Lieferung am Sitz des deutschen Lieferers?
619,2,,175c5653faf47d52,Ein deutscher Energieversorger liefert Elektrizität an eine österreichische Papierfabrik in Linz. Die österreichische Abnehmerin ist kein Wiederverkäufer; sie verbraucht den Strom selbst in der Produktion. Liegt der Ort der Lieferung am Sitz des deutschen Lieferers?
619,3,,175c5653faf47d52,Ein deutscher Energieversorger liefert Elektrizität an eine österreichische Papierfabrik in Linz. Die österreichische Abnehmerin ist kein Wiederverkäufer; sie verbraucht den Strom selbst in der Produktion. Liegt der Ort der Lieferung am Sitz des deutschen Lieferers?
620,1,,da314e4680b85311,Welche wesentliche Änderung brachte die Steuerreform 2000 für Spekulationsgeschäfte?
620,2,,da314e4680b85311,Welche wesentliche Änderung brachte die Steuerreform 2000 für Spekulationsgeschäfte?
620,3,,da314e4680b85311,Welche wesentliche Änderung brachte die Steuerreform 2000 für Spekulationsgeschäfte?
